ISO-10303-21;
HEADER;
FILE_DESCRIPTION(('Creo Elements/Direct Modeling STEP Export'),'2;1');
FILE_NAME('DF51KB-2P-2DS.stp','2018-10-01T10:38:12',(''),(''),
'PTC Creo Elements/Direct Modeling STEP processor for AP214 (Solid Model
)',
'PTC Creo Elements/Direct Modeling 19.0C  15-Aug-2015 (C) Parametric Tec
hnology GmbH','');
FILE_SCHEMA(('AUTOMOTIVE_DESIGN { 1 0 10303 214 1 1 1 1 }'));
ENDSEC;
DATA;
#10=CARTESIAN_POINT('',(273.534285398628,65.2113990422835,0.));
#20=DIRECTION('',(-9.31338339782428E-14,-1.69803805938331E-14,-1.));
#30=DIRECTION('',(-1.,0.,9.31338339782428E-14));
#40=AXIS2_PLACEMENT_3D('',#10,#20,#30);
#50=CYLINDRICAL_SURFACE('',#40,0.3);
#60=CARTESIAN_POINT('',(273.534285398629,65.2113990422836,
7.56600763311205));
#70=DIRECTION('',(9.42287991398017E-14,1.69803805938332E-14,1.));
#80=DIRECTION('',(1.,0.,-9.42287991398017E-14));
#90=AXIS2_PLACEMENT_3D('',#60,#70,#80);
#100=CIRCLE('',#90,0.3);
#110=CARTESIAN_POINT('',(273.234285398629,65.2113990422836,
7.56600763311208));
#120=VERTEX_POINT('',#110);
#130=CARTESIAN_POINT('',(273.534285398629,64.9113990422836,
7.56600763311205));
#140=VERTEX_POINT('',#130);
#150=EDGE_CURVE('',#120,#140,#100,.T.);
#160=ORIENTED_EDGE('',*,*,#150,.T.);
#170=CARTESIAN_POINT('',(273.234285398628,65.2113990422835,
2.79401501934728E-14));
#180=DIRECTION('',(-9.31338339782428E-14,-1.69803805938331E-14,-1.));
#190=VECTOR('',#180,1.);
#200=LINE('',#170,#190);
#210=CARTESIAN_POINT('',(273.234285398629,65.2113990422836,
9.71600763311114));
#220=VERTEX_POINT('',#210);
#230=EDGE_CURVE('',#220,#120,#200,.T.);
#240=ORIENTED_EDGE('',*,*,#230,.T.);
#250=CARTESIAN_POINT('',(273.534285398629,65.2113990422836,
9.71600763311107));
#260=DIRECTION('',(-9.31338339782428E-14,-1.69803805938331E-14,-1.));
#270=DIRECTION('',(-1.,0.,9.31338339782428E-14));
#280=AXIS2_PLACEMENT_3D('',#250,#260,#270);
#290=CIRCLE('',#280,0.3);
#300=CARTESIAN_POINT('',(273.534285398629,64.9113990422836,
9.71600763311114));
#310=VERTEX_POINT('',#300);
#320=EDGE_CURVE('',#310,#220,#290,.T.);
#330=ORIENTED_EDGE('',*,*,#320,.T.);
#340=CARTESIAN_POINT('',(273.534285398628,64.9113990422835,
5.09411417814994E-15));
#350=DIRECTION('',(-9.31338339782428E-14,-1.69803805938331E-14,-1.));
#360=VECTOR('',#350,1.);
#370=LINE('',#340,#360);
#380=EDGE_CURVE('',#310,#140,#370,.T.);
#390=ORIENTED_EDGE('',*,*,#380,.F.);
#400=EDGE_LOOP('',(#390,#330,#240,#160));
#410=FACE_OUTER_BOUND('',#400,.T.);
#420=ADVANCED_FACE('',(#410),#50,.T.);
#430=CARTESIAN_POINT('',(279.409285353399,58.9113990422836,
7.19100763311454));
#440=DIRECTION('',(-1.50975818610233E-18,1.,-1.69803805938331E-14));
#450=DIRECTION('',(1.,1.50975818452088E-18,-9.31338339782428E-14));
#460=AXIS2_PLACEMENT_3D('',#430,#440,#450);
#470=PLANE('',#460);
#480=CARTESIAN_POINT('',(284.984285308169,58.9113990422835,
4.66600763311762));
#490=DIRECTION('',(-1.,3.62457622377811E-14,1.92788729510363E-16));
#500=VECTOR('',#490,1.);
#510=LINE('',#480,#500);
#520=CARTESIAN_POINT('',(285.284285308169,58.9113990422836,
4.66600763311762));
#530=VERTEX_POINT('',#520);
#540=CARTESIAN_POINT('',(276.884285398629,58.9113990422836,
4.66600763311762));
#550=VERTEX_POINT('',#540);
#560=EDGE_CURVE('',#530,#550,#510,.T.);
#570=ORIENTED_EDGE('',*,*,#560,.F.);
#580=CARTESIAN_POINT('',(276.884285398629,58.9113990422837,
10.9660076331176));
#590=DIRECTION('',(1.24900088776303E-16,-1.69803805938331E-14,-1.));
#600=VECTOR('',#590,1.);
#610=LINE('',#580,#600);
#620=CARTESIAN_POINT('',(276.884285398629,58.9113990422836,
6.86600763311184));
#630=VERTEX_POINT('',#620);
#640=EDGE_CURVE('',#630,#550,#610,.T.);
#650=ORIENTED_EDGE('',*,*,#640,.T.);
#660=CARTESIAN_POINT('',(4.52927455830675E-19,58.9113990422836,
6.86600763313763));
#670=DIRECTION('',(1.,1.50975818452768E-18,-9.31338339782428E-14));
#680=VECTOR('',#670,1.);
#690=LINE('',#660,#680);
#700=CARTESIAN_POINT('',(274.234285398629,58.9113990422836,
6.86600763311209));
#710=VERTEX_POINT('',#700);
#720=EDGE_CURVE('',#710,#630,#690,.T.);
#730=ORIENTED_EDGE('',*,*,#720,.T.);
#740=CARTESIAN_POINT('',(274.234285398629,58.9113990422836,
7.56600763311209));
#750=DIRECTION('',(1.50975818610225E-18,-1.,1.69803805938332E-14));
#760=DIRECTION('',(0.,1.69803805938332E-14,1.));
#770=AXIS2_PLACEMENT_3D('',#740,#750,#760);
#780=CIRCLE('',#770,0.7);
#790=CARTESIAN_POINT('',(273.534285398629,58.9113990422836,
7.56600763311215));
#800=VERTEX_POINT('',#790);
#810=EDGE_CURVE('',#800,#710,#780,.T.);
#820=ORIENTED_EDGE('',*,*,#810,.T.);
#830=CARTESIAN_POINT('',(273.534285398628,58.9113990422835,
5.09411417814994E-15));
#840=DIRECTION('',(-9.31338339782428E-14,-1.69803805938331E-14,-1.));
#850=VECTOR('',#840,1.);
#860=LINE('',#830,#850);
#870=CARTESIAN_POINT('',(273.534285398629,58.9113990422836,
9.71600763311115));
#880=VERTEX_POINT('',#870);
#890=EDGE_CURVE('',#880,#800,#860,.T.);
#900=ORIENTED_EDGE('',*,*,#890,.T.);
#910=CARTESIAN_POINT('',(0.,58.9113990422836,9.71600763313763));
#920=DIRECTION('',(1.,1.50975818452768E-18,-9.31338339782428E-14));
#930=VECTOR('',#920,1.);
#940=LINE('',#910,#930);
#950=CARTESIAN_POINT('',(285.284285308169,58.9113990422837,
9.71600763311114));
#960=VERTEX_POINT('',#950);
#970=EDGE_CURVE('',#880,#960,#940,.T.);
#980=ORIENTED_EDGE('',*,*,#970,.F.);
#990=CARTESIAN_POINT('',(285.284285308169,58.9113990422835,0.));
#1000=DIRECTION('',(1.92788729510977E-16,1.69803805938331E-14,1.));
#1010=VECTOR('',#1000,1.);
#1020=LINE('',#990,#1010);
#1030=EDGE_CURVE('',#530,#960,#1020,.T.);
#1040=ORIENTED_EDGE('',*,*,#1030,.T.);
#1050=EDGE_LOOP('',(#1040,#980,#900,#820,#730,#650,#570));
#1060=FACE_OUTER_BOUND('',#1050,.T.);
#1070=ADVANCED_FACE('',(#1060),#470,.F.);
#1080=CARTESIAN_POINT('',(278.95928531631,62.5113990422747,
4.49100763858761));
#1090=DIRECTION('',(-0.707106781186633,-3.82286163346531E-17,
-0.707106781186462));
#1100=DIRECTION('',(0.707106781186462,0.,-0.707106781186633));
#1110=AXIS2_PLACEMENT_3D('',#1080,#1090,#1100);
#1120=PLANE('',#1110);
#1130=CARTESIAN_POINT('',(283.450292954896,64.2113990422745,0.));
#1140=DIRECTION('',(-0.707106781186462,0.,0.707106781186633));
#1150=VECTOR('',#1140,1.);
#1160=LINE('',#1130,#1150);
#1170=CARTESIAN_POINT('',(279.03428531631,64.2113990422745,
4.41600763858759));
#1180=VERTEX_POINT('',#1170);
#1190=CARTESIAN_POINT('',(278.88428531631,64.2113990422745,
4.56600763858765));
#1200=VERTEX_POINT('',#1190);
#1210=EDGE_CURVE('',#1180,#1200,#1160,.T.);
#1220=ORIENTED_EDGE('',*,*,#1210,.T.);
#1230=CARTESIAN_POINT('',(279.03428531631,62.5113990422747,
4.4160076385876));
#1240=DIRECTION('',(0.,-1.,5.40634276912306E-17));
#1250=VECTOR('',#1240,1.);
#1260=LINE('',#1230,#1250);
#1270=CARTESIAN_POINT('',(279.03428531631,60.8113990422749,
4.4160076385876));
#1280=VERTEX_POINT('',#1270);
#1290=EDGE_CURVE('',#1180,#1280,#1260,.T.);
#1300=ORIENTED_EDGE('',*,*,#1290,.F.);
#1310=CARTESIAN_POINT('',(283.450292954896,60.811399042275,0.));
#1320=DIRECTION('',(0.707106781186462,0.,-0.707106781186633));
#1330=VECTOR('',#1320,1.);
#1340=LINE('',#1310,#1330);
#1350=CARTESIAN_POINT('',(278.88428531631,60.8113990422749,
4.56600763858765));
#1360=VERTEX_POINT('',#1350);
#1370=EDGE_CURVE('',#1360,#1280,#1340,.T.);
#1380=ORIENTED_EDGE('',*,*,#1370,.T.);
#1390=CARTESIAN_POINT('',(278.88428531631,62.5113990422747,
4.56600763858761));
#1400=DIRECTION('',(0.,-1.,5.40634276912306E-17));
#1410=VECTOR('',#1400,1.);
#1420=LINE('',#1390,#1410);
#1430=EDGE_CURVE('',#1200,#1360,#1420,.T.);
#1440=ORIENTED_EDGE('',*,*,#1430,.T.);
#1450=EDGE_LOOP('',(#1440,#1380,#1300,#1220));
#1460=FACE_OUTER_BOUND('',#1450,.T.);
#1470=ADVANCED_FACE('',(#1460),#1120,.F.);
#1480=CARTESIAN_POINT('',(277.034285398629,64.2063990422838,
9.05600763311158));
#1490=DIRECTION('',(-0.707106781186531,-0.707106781186564,
-3.60339171264737E-16));
#1500=DIRECTION('',(-0.707106781186564,0.707106781186531,0.));
#1510=AXIS2_PLACEMENT_3D('',#1480,#1490,#1500);
#1520=PLANE('',#1510);
#1530=CARTESIAN_POINT('',(0.,341.240684440899,8.39600763310478));
#1540=DIRECTION('',(-0.707106781186564,0.707106781186531,
-1.84574577843932E-14));
#1550=VECTOR('',#1540,1.);
#1560=LINE('',#1530,#1550);
#1570=CARTESIAN_POINT('',(277.184285398629,64.0563990422838,
8.39600763311201));
#1580=VERTEX_POINT('',#1570);
#1590=CARTESIAN_POINT('',(276.884285398629,64.3563990422838,
8.396007633112));
#1600=VERTEX_POINT('',#1590);
#1610=EDGE_CURVE('',#1580,#1600,#1560,.T.);
#1620=ORIENTED_EDGE('',*,*,#1610,.F.);
#1630=CARTESIAN_POINT('',(276.884285398629,64.3563990422838,
9.05600763311158));
#1640=DIRECTION('',(-4.44628146325591E-18,5.14042824520116E-16,-1.));
#1650=VECTOR('',#1640,1.);
#1660=LINE('',#1630,#1650);
#1670=CARTESIAN_POINT('',(276.884285398629,64.3563990422838,
9.71600763311114));
#1680=VERTEX_POINT('',#1670);
#1690=EDGE_CURVE('',#1680,#1600,#1660,.T.);
#1700=ORIENTED_EDGE('',*,*,#1690,.T.);
#1710=CARTESIAN_POINT('',(0.,341.240684440899,9.71600763310653));
#1720=DIRECTION('',(0.707106781186564,-0.707106781186531,
1.16018306073329E-14));
#1730=VECTOR('',#1720,1.);
#1740=LINE('',#1710,#1730);
#1750=CARTESIAN_POINT('',(277.184285398629,64.0563990422838,
9.71600763311114));
#1760=VERTEX_POINT('',#1750);
#1770=EDGE_CURVE('',#1680,#1760,#1740,.T.);
#1780=ORIENTED_EDGE('',*,*,#1770,.F.);
#1790=CARTESIAN_POINT('',(277.184285398629,64.0563990422838,0.));
#1800=DIRECTION('',(-4.44628146325596E-18,5.14042824520116E-16,-1.));
#1810=VECTOR('',#1800,1.);
#1820=LINE('',#1790,#1810);
#1830=EDGE_CURVE('',#1760,#1580,#1820,.T.);
#1840=ORIENTED_EDGE('',*,*,#1830,.F.);
#1850=EDGE_LOOP('',(#1840,#1780,#1700,#1620));
#1860=FACE_OUTER_BOUND('',#1850,.T.);
#1870=ADVANCED_FACE('',(#1860),#1520,.T.);
#1880=CARTESIAN_POINT('',(-8.5265128291212E-14,65.6113990422749,
4.66600763311737));
#1890=DIRECTION('',(1.,1.50975818610233E-18,-3.67852619377962E-32));
#1900=DIRECTION('',(1.50975818610233E-18,-1.,0.));
#1910=AXIS2_PLACEMENT_3D('',#1880,#1890,#1900);
#1920=CYLINDRICAL_SURFACE('',#1910,0.5);
#1930=CARTESIAN_POINT('',(285.28428530817,65.6113990422749,
4.66600763311737));
#1940=DIRECTION('',(1.,1.50975818610233E-18,-3.67852619377962E-32));
#1950=DIRECTION('',(1.50975818610233E-18,-1.,0.));
#1960=AXIS2_PLACEMENT_3D('',#1930,#1940,#1950);
#1970=CIRCLE('',#1960,0.5);
#1980=CARTESIAN_POINT('',(285.28428530817,65.6113990422749,
4.16600763311737));
#1990=VERTEX_POINT('',#1980);
#2000=CARTESIAN_POINT('',(285.28428530817,66.1113990422749,
4.66600763311736));
#2010=VERTEX_POINT('',#2000);
#2020=EDGE_CURVE('',#1990,#2010,#1970,.T.);
#2030=ORIENTED_EDGE('',*,*,#2020,.F.);
#2040=CARTESIAN_POINT('',(-8.52658831703051E-14,66.1113990422749,
4.66600763311736));
#2050=DIRECTION('',(1.,1.50975818610233E-18,-3.67852619377962E-32));
#2060=VECTOR('',#2050,1.);
#2070=LINE('',#2040,#2060);
#2080=CARTESIAN_POINT('',(276.884285398629,66.1113990422749,
4.66600763311736));
#2090=VERTEX_POINT('',#2080);
#2100=EDGE_CURVE('',#2090,#2010,#2070,.T.);
#2110=ORIENTED_EDGE('',*,*,#2100,.T.);
#2120=CARTESIAN_POINT('',(276.884285398629,65.6113990422749,
4.66600763311737));
#2130=DIRECTION('',(1.,1.50975818610233E-18,-3.67852619377962E-32));
#2140=DIRECTION('',(1.50975818610233E-18,-1.,0.));
#2150=AXIS2_PLACEMENT_3D('',#2120,#2130,#2140);
#2160=CIRCLE('',#2150,0.5);
#2170=CARTESIAN_POINT('',(276.884285398629,65.6113990422749,
4.16600763311737));
#2180=VERTEX_POINT('',#2170);
#2190=EDGE_CURVE('',#2180,#2090,#2160,.T.);
#2200=ORIENTED_EDGE('',*,*,#2190,.T.);
#2210=CARTESIAN_POINT('',(-8.5265128291212E-14,65.6113990422749,
4.16600763311737));
#2220=DIRECTION('',(1.,1.5097581861014E-18,-9.63943647553553E-17));
#2230=VECTOR('',#2220,1.);
#2240=LINE('',#2210,#2230);
#2250=EDGE_CURVE('',#2180,#1990,#2240,.T.);
#2260=ORIENTED_EDGE('',*,*,#2250,.F.);
#2270=EDGE_LOOP('',(#2260,#2200,#2110,#2030));
#2280=FACE_OUTER_BOUND('',#2270,.T.);
#2290=ADVANCED_FACE('',(#2280),#1920,.T.);
#2300=CARTESIAN_POINT('',(277.93428531631,62.5113990422796,
9.29100763311509));
#2310=DIRECTION('',(1.,-3.62457622377811E-14,-1.92788729510363E-16));
#2320=DIRECTION('',(-3.62457622377811E-14,-1.,1.64313007644524E-14));
#2330=AXIS2_PLACEMENT_3D('',#2300,#2310,#2320);
#2340=PLANE('',#2330);
#2350=CARTESIAN_POINT('',(277.93428531631,64.8963990422741,
7.96600763311955));
#2360=DIRECTION('',(-3.62457622377811E-14,-1.,1.64313007644524E-14));
#2370=VECTOR('',#2360,1.);
#2380=LINE('',#2350,#2370);
#2390=CARTESIAN_POINT('',(277.93428531631,65.2613990422738,
7.96600763311951));
#2400=VERTEX_POINT('',#2390);
#2410=CARTESIAN_POINT('',(277.93428531631,64.7313990422744,
7.96600763311951));
#2420=VERTEX_POINT('',#2410);
#2430=EDGE_CURVE('',#2400,#2420,#2380,.T.);
#2440=ORIENTED_EDGE('',*,*,#2430,.T.);
#2450=CARTESIAN_POINT('',(277.93428531631,65.2613990422738,
6.94100763311849));
#2460=DIRECTION('',(1.92788729510957E-16,1.64313007644524E-14,1.));
#2470=VECTOR('',#2460,1.);
#2480=LINE('',#2450,#2470);
#2490=CARTESIAN_POINT('',(277.93428531631,65.2613990422737,
5.91600763311747));
#2500=VERTEX_POINT('',#2490);
#2510=EDGE_CURVE('',#2500,#2400,#2480,.T.);
#2520=ORIENTED_EDGE('',*,*,#2510,.T.);
#2530=CARTESIAN_POINT('',(277.93428531631,64.8963990422741,
5.91600763311745));
#2540=DIRECTION('',(3.62457622377811E-14,1.,-3.39607611876663E-14));
#2550=VECTOR('',#2540,1.);
#2560=LINE('',#2530,#2550);
#2570=CARTESIAN_POINT('',(277.93428531631,64.7313990422743,
5.91600763311749));
#2580=VERTEX_POINT('',#2570);
#2590=EDGE_CURVE('',#2580,#2500,#2560,.T.);
#2600=ORIENTED_EDGE('',*,*,#2590,.T.);
#2610=CARTESIAN_POINT('',(277.93428531631,64.7313990422744,
6.9410076331185));
#2620=DIRECTION('',(-1.92788729510954E-16,-1.63292112909237E-14,-1.));
#2630=VECTOR('',#2620,1.);
#2640=LINE('',#2610,#2630);
#2650=EDGE_CURVE('',#2420,#2580,#2640,.T.);
#2660=ORIENTED_EDGE('',*,*,#2650,.T.);
#2670=EDGE_LOOP('',(#2660,#2600,#2520,#2440));
#2680=FACE_OUTER_BOUND('',#2670,.T.);
#2690=ADVANCED_FACE('',(#2680),#2340,.T.);
#2700=CARTESIAN_POINT('',(281.73428530817,64.3813990422743,
8.69100763311968));
#2710=DIRECTION('',(0.707106781186481,0.707106781186615,
-7.74020615991506E-14));
#2720=DIRECTION('',(-0.707106781186615,0.707106781186481,
5.44298719010303E-14));
#2730=AXIS2_PLACEMENT_3D('',#2700,#2710,#2720);
#2740=PLANE('',#2730);
#2750=CARTESIAN_POINT('',(0.,346.115684350391,9.11600763311498));
#2760=DIRECTION('',(0.707106781186615,-0.707106781186481,
1.14630527292547E-14));
#2770=VECTOR('',#2760,1.);
#2780=LINE('',#2750,#2770);
#2790=CARTESIAN_POINT('',(281.58428530817,64.5313990422742,
9.11600763311954));
#2800=VERTEX_POINT('',#2790);
#2810=CARTESIAN_POINT('',(281.88428530817,64.2313990422741,
9.11600763311955));
#2820=VERTEX_POINT('',#2810);
#2830=EDGE_CURVE('',#2800,#2820,#2780,.T.);
#2840=ORIENTED_EDGE('',*,*,#2830,.T.);
#2850=CARTESIAN_POINT('',(281.58428530817,64.5313990422743,
8.69100763311969));
#2860=DIRECTION('',(9.31338339782435E-14,1.63292112909203E-14,1.));
#2870=VECTOR('',#2860,1.);
#2880=LINE('',#2850,#2870);
#2890=CARTESIAN_POINT('',(281.58428530817,64.5313990422742,
8.26600763311975));
#2900=VERTEX_POINT('',#2890);
#2910=EDGE_CURVE('',#2900,#2800,#2880,.T.);
#2920=ORIENTED_EDGE('',*,*,#2910,.T.);
#2930=CARTESIAN_POINT('',(273.318277675063,72.7974066753791,0.));
#2940=DIRECTION('',(0.577350269189403,-0.577350269189231,
0.577350269190243));
#2950=VECTOR('',#2940,1.);
#2960=LINE('',#2930,#2950);
#2970=CARTESIAN_POINT('',(281.88428530817,64.2313990422743,
8.56600763311977));
#2980=VERTEX_POINT('',#2970);
#2990=EDGE_CURVE('',#2900,#2980,#2960,.T.);
#3000=ORIENTED_EDGE('',*,*,#2990,.F.);
#3010=CARTESIAN_POINT('',(281.88428530817,64.2313990422742,
8.69100763311967));
#3020=DIRECTION('',(9.31338339782435E-14,1.63292112909203E-14,1.));
#3030=VECTOR('',#3020,1.);
#3040=LINE('',#3010,#3030);
#3050=EDGE_CURVE('',#2980,#2820,#3040,.T.);
#3060=ORIENTED_EDGE('',*,*,#3050,.F.);
#3070=EDGE_LOOP('',(#3060,#3000,#2920,#2840));
#3080=FACE_OUTER_BOUND('',#3070,.T.);
#3090=ADVANCED_FACE('',(#3080),#2740,.T.);
#3100=CARTESIAN_POINT('',(274.234285398629,0.,7.56600763311309));
#3110=DIRECTION('',(-1.50975818610225E-18,1.,-1.69803805938332E-14));
#3120=DIRECTION('',(0.,-1.69803805938332E-14,-1.));
#3130=AXIS2_PLACEMENT_3D('',#3100,#3110,#3120);
#3140=CYLINDRICAL_SURFACE('',#3130,1.);
#3150=CARTESIAN_POINT('',(273.234285398629,-1.5097581845208E-18,
7.56600763311318));
#3160=DIRECTION('',(-1.50975818610225E-18,1.,-1.69803805938332E-14));
#3170=VECTOR('',#3160,1.);
#3180=LINE('',#3150,#3170);
#3190=CARTESIAN_POINT('',(273.234285398629,65.811399042275,
7.56600763311207));
#3200=VERTEX_POINT('',#3190);
#3210=EDGE_CURVE('',#120,#3200,#3180,.T.);
#3220=ORIENTED_EDGE('',*,*,#3210,.T.);
#3230=CARTESIAN_POINT('',(274.234285398629,65.2113990422836,
7.56600763311198));
#3240=DIRECTION('',(-1.50975818610225E-18,1.,-1.69803805938332E-14));
#3250=DIRECTION('',(0.,-1.69803805938332E-14,-1.));
#3260=AXIS2_PLACEMENT_3D('',#3230,#3240,#3250);
#3270=CIRCLE('',#3260,1.);
#3280=CARTESIAN_POINT('',(274.234285398629,65.2113990422836,
6.56600763311198));
#3290=VERTEX_POINT('',#3280);
#3300=EDGE_CURVE('',#3290,#120,#3270,.T.);
#3310=ORIENTED_EDGE('',*,*,#3300,.T.);
#3320=CARTESIAN_POINT('',(274.234285398629,-1.69803805938331E-14,
6.56600763311309));
#3330=DIRECTION('',(-1.50975818610225E-18,1.,-1.69803805938332E-14));
#3340=VECTOR('',#3330,1.);
#3350=LINE('',#3320,#3340);
#3360=CARTESIAN_POINT('',(274.234285398629,65.811399042275,
6.56600763311197));
#3370=VERTEX_POINT('',#3360);
#3380=EDGE_CURVE('',#3290,#3370,#3350,.T.);
#3390=ORIENTED_EDGE('',*,*,#3380,.F.);
#3400=CARTESIAN_POINT('',(274.234285398629,65.811399042275,
7.56600763311197));
#3410=DIRECTION('',(-1.50975818610225E-18,1.,-1.69803805938332E-14));
#3420=DIRECTION('',(0.,-1.69803805938332E-14,-1.));
#3430=AXIS2_PLACEMENT_3D('',#3400,#3410,#3420);
#3440=CIRCLE('',#3430,1.);
#3450=EDGE_CURVE('',#3370,#3200,#3440,.T.);
#3460=ORIENTED_EDGE('',*,*,#3450,.F.);
#3470=EDGE_LOOP('',(#3460,#3390,#3310,#3220));
#3480=FACE_OUTER_BOUND('',#3470,.T.);
#3490=ADVANCED_FACE('',(#3480),#3140,.T.);
#3500=CARTESIAN_POINT('',(278.384285398629,60.2113990422837,
10.7160076331112));
#3510=DIRECTION('',(4.44628146325591E-18,1.64313007644524E-14,1.));
#3520=DIRECTION('',(0.,1.,-1.64313007644524E-14));
#3530=AXIS2_PLACEMENT_3D('',#3500,#3510,#3520);
#3540=PLANE('',#3530);
#3550=CARTESIAN_POINT('',(278.534285398629,65.081399042275,
10.7160076331111));
#3560=DIRECTION('',(4.44628146325591E-18,1.64313007644524E-14,1.));
#3570=DIRECTION('',(0.,1.,-1.64313007644524E-14));
#3580=AXIS2_PLACEMENT_3D('',#3550,#3560,#3570);
#3590=CIRCLE('',#3580,0.349999999999994);
#3600=CARTESIAN_POINT('',(278.184285398629,65.081399042275,
10.7160076331111));
#3610=VERTEX_POINT('',#3600);
#3620=CARTESIAN_POINT('',(278.884285398629,65.081399042275,
10.7160076331111));
#3630=VERTEX_POINT('',#3620);
#3640=EDGE_CURVE('',#3610,#3630,#3590,.T.);
#3650=ORIENTED_EDGE('',*,*,#3640,.T.);
#3660=CARTESIAN_POINT('',(278.534285398629,65.4313990422749,
10.7160076331112));
#3670=VERTEX_POINT('',#3660);
#3680=EDGE_CURVE('',#3670,#3610,#3590,.T.);
#3690=ORIENTED_EDGE('',*,*,#3680,.T.);
#3700=EDGE_CURVE('',#3630,#3670,#3590,.T.);
#3710=ORIENTED_EDGE('',*,*,#3700,.T.);
#3720=EDGE_LOOP('',(#3710,#3690,#3650));
#3730=FACE_OUTER_BOUND('',#3720,.T.);
#3740=ADVANCED_FACE('',(#3730),#3540,.T.);
#3750=CARTESIAN_POINT('',(273.234285398629,58.9113990422836,
7.56600763311218));
#3760=DIRECTION('',(1.,1.5097581845208E-18,-9.31338339782428E-14));
#3770=DIRECTION('',(1.50975818610225E-18,-1.,1.69803805938331E-14));
#3780=AXIS2_PLACEMENT_3D('',#3750,#3760,#3770);
#3790=PLANE('',#3780);
#3800=CARTESIAN_POINT('',(273.234285398628,59.8113990422835,
2.79401501934728E-14));
#3810=DIRECTION('',(9.31338339782428E-14,1.69803805938331E-14,1.));
#3820=VECTOR('',#3810,1.);
#3830=LINE('',#3800,#3820);
#3840=CARTESIAN_POINT('',(273.234285398629,59.8113990422836,
7.56600763311217));
#3850=VERTEX_POINT('',#3840);
#3860=CARTESIAN_POINT('',(273.234285398629,59.8113990422836,
9.71600763311114));
#3870=VERTEX_POINT('',#3860);
#3880=EDGE_CURVE('',#3850,#3870,#3830,.T.);
#3890=ORIENTED_EDGE('',*,*,#3880,.F.);
#3900=CARTESIAN_POINT('',(273.234285398629,58.9113990422836,
9.71600763311218));
#3910=DIRECTION('',(-1.50975818610225E-18,1.,-1.69803805938331E-14));
#3920=VECTOR('',#3910,1.);
#3930=LINE('',#3900,#3920);
#3940=CARTESIAN_POINT('',(273.234285398629,59.2113990422836,
9.71600763311117));
#3950=VERTEX_POINT('',#3940);
#3960=EDGE_CURVE('',#3950,#3870,#3930,.T.);
#3970=ORIENTED_EDGE('',*,*,#3960,.T.);
#3980=CARTESIAN_POINT('',(273.234285398628,59.2113990422835,
2.79401501934728E-14));
#3990=DIRECTION('',(-9.31338339782428E-14,-1.69803805938331E-14,-1.));
#4000=VECTOR('',#3990,1.);
#4010=LINE('',#3980,#4000);
#4020=CARTESIAN_POINT('',(273.234285398629,59.2113990422836,
7.56600763311218));
#4030=VERTEX_POINT('',#4020);
#4040=EDGE_CURVE('',#3950,#4030,#4010,.T.);
#4050=ORIENTED_EDGE('',*,*,#4040,.F.);
#4060=CARTESIAN_POINT('',(273.234285398629,-1.5097581845208E-18,
7.56600763311318));
#4070=DIRECTION('',(1.50975818610225E-18,-1.,1.69803805938332E-14));
#4080=VECTOR('',#4070,1.);
#4090=LINE('',#4060,#4080);
#4100=EDGE_CURVE('',#3850,#4030,#4090,.T.);
#4110=ORIENTED_EDGE('',*,*,#4100,.T.);
#4120=EDGE_LOOP('',(#4110,#4050,#3970,#3890));
#4130=FACE_OUTER_BOUND('',#4120,.T.);
#4140=ADVANCED_FACE('',(#4130),#3790,.F.);
#4150=CARTESIAN_POINT('',(283.88428531631,61.8113990422743,0.));
#4160=DIRECTION('',(9.31338339782428E-14,5.40634276912306E-17,1.));
#4170=DIRECTION('',(1.,0.,-9.31338339782428E-14));
#4180=AXIS2_PLACEMENT_3D('',#4150,#4160,#4170);
#4190=CYLINDRICAL_SURFACE('',#4180,0.2);
#4200=CARTESIAN_POINT('',(283.88428531631,61.8113990422743,
3.41600769366751));
#4210=DIRECTION('',(9.31338339782428E-14,5.40634276912306E-17,1.));
#4220=DIRECTION('',(1.,0.,-9.31338339782428E-14));
#4230=AXIS2_PLACEMENT_3D('',#4200,#4210,#4220);
#4240=CIRCLE('',#4230,0.2);
#4250=CARTESIAN_POINT('',(283.88428531631,61.6113990422743,
3.41600769366751));
#4260=VERTEX_POINT('',#4250);
#4270=CARTESIAN_POINT('',(284.08428531631,61.8113990422743,
3.4160076936675));
#4280=VERTEX_POINT('',#4270);
#4290=EDGE_CURVE('',#4260,#4280,#4240,.T.);
#4300=ORIENTED_EDGE('',*,*,#4290,.F.);
#4310=CARTESIAN_POINT('',(284.084285316309,61.8113990422743,
-1.86267667956486E-14));
#4320=DIRECTION('',(9.31338339782428E-14,5.40634276912306E-17,1.));
#4330=VECTOR('',#4320,1.);
#4340=LINE('',#4310,#4330);
#4350=CARTESIAN_POINT('',(284.08428531631,61.8113990422743,
4.41600763858713));
#4360=VERTEX_POINT('',#4350);
#4370=EDGE_CURVE('',#4280,#4360,#4340,.T.);
#4380=ORIENTED_EDGE('',*,*,#4370,.F.);
#4390=CARTESIAN_POINT('',(283.88428531631,61.8113990422743,
4.41600763858715));
#4400=DIRECTION('',(9.31338339782428E-14,5.40634276912306E-17,1.));
#4410=DIRECTION('',(1.,0.,-9.31338339782428E-14));
#4420=AXIS2_PLACEMENT_3D('',#4390,#4400,#4410);
#4430=CIRCLE('',#4420,0.2);
#4440=CARTESIAN_POINT('',(283.88428531631,61.6113990422743,
4.41600763858715));
#4450=VERTEX_POINT('',#4440);
#4460=EDGE_CURVE('',#4450,#4360,#4430,.T.);
#4470=ORIENTED_EDGE('',*,*,#4460,.T.);
#4480=CARTESIAN_POINT('',(283.88428531631,61.6113990422743,
1.08126855382461E-17));
#4490=DIRECTION('',(9.31338339782428E-14,5.40634276912306E-17,1.));
#4500=VECTOR('',#4490,1.);
#4510=LINE('',#4480,#4500);
#4520=EDGE_CURVE('',#4260,#4450,#4510,.T.);
#4530=ORIENTED_EDGE('',*,*,#4520,.T.);
#4540=EDGE_LOOP('',(#4530,#4470,#4380,#4300));
#4550=FACE_OUTER_BOUND('',#4540,.T.);
#4560=ADVANCED_FACE('',(#4550),#4190,.F.);
#4570=CARTESIAN_POINT('',(281.884285308169,73.411399042275,
5.93600763311416));
#4580=DIRECTION('',(-1.,-3.59187343629945E-14,9.3133833978244E-14));
#4590=DIRECTION('',(3.5918734362996E-14,-1.,1.64313007644524E-14));
#4600=AXIS2_PLACEMENT_3D('',#4570,#4580,#4590);
#4610=PLANE('',#4600);
#4620=CARTESIAN_POINT('',(281.88428530817,62.5113990422794,
8.56600763311978));
#4630=DIRECTION('',(-3.59187343629949E-14,1.,-4.3264500331414E-15));
#4640=VECTOR('',#4630,1.);
#4650=LINE('',#4620,#4640);
#4660=CARTESIAN_POINT('',(281.88428530817,60.7913990422846,
8.56600763311979));
#4670=VERTEX_POINT('',#4660);
#4680=EDGE_CURVE('',#4670,#2980,#4650,.T.);
#4690=ORIENTED_EDGE('',*,*,#4680,.T.);
#4700=CARTESIAN_POINT('',(281.88428530817,60.7913990422846,
8.6910076331197));
#4710=DIRECTION('',(-9.31338339782435E-14,-1.65333902379777E-14,-1.));
#4720=VECTOR('',#4710,1.);
#4730=LINE('',#4700,#4720);
#4740=CARTESIAN_POINT('',(281.88428530817,60.7913990422847,
9.11600763311961));
#4750=VERTEX_POINT('',#4740);
#4760=EDGE_CURVE('',#4750,#4670,#4730,.T.);
#4770=ORIENTED_EDGE('',*,*,#4760,.T.);
#4780=CARTESIAN_POINT('',(281.884285308173,0.,9.11600763312097));
#4790=DIRECTION('',(-3.5918734362996E-14,1.,-1.64313007644524E-14));
#4800=VECTOR('',#4790,1.);
#4810=LINE('',#4780,#4800);
#4820=EDGE_CURVE('',#4750,#2820,#4810,.T.);
#4830=ORIENTED_EDGE('',*,*,#4820,.F.);
#4840=ORIENTED_EDGE('',*,*,#3050,.T.);
#4850=EDGE_LOOP('',(#4840,#4830,#4770,#4690));
#4860=FACE_OUTER_BOUND('',#4850,.T.);
#4870=ADVANCED_FACE('',(#4860),#4610,.F.);
#4880=CARTESIAN_POINT('',(276.884285398629,64.7413990422738,
4.1660076331176));
#4890=DIRECTION('',(0.,-5.9211894646675E-16,1.));
#4900=DIRECTION('',(-1.,0.,0.));
#4910=AXIS2_PLACEMENT_3D('',#4880,#4890,#4900);
#4920=PLANE('',#4910);
#4930=CARTESIAN_POINT('',(0.,65.4213990422745,4.16600763311737));
#4940=DIRECTION('',(1.,3.0195163722045E-18,-5.12297365207005E-32));
#4950=VECTOR('',#4940,1.);
#4960=LINE('',#4930,#4950);
#4970=CARTESIAN_POINT('',(277.684285398629,65.4213990422745,
4.1660076331176));
#4980=VERTEX_POINT('',#4970);
#4990=CARTESIAN_POINT('',(285.28428530817,65.4213990422745,
4.1660076331176));
#5000=VERTEX_POINT('',#4990);
#5010=EDGE_CURVE('',#4980,#5000,#4960,.T.);
#5020=ORIENTED_EDGE('',*,*,#5010,.F.);
#5030=CARTESIAN_POINT('',(285.284285308167,0.,4.166007633118));
#5040=DIRECTION('',(3.62457622377811E-14,1.,-9.59929596160599E-15));
#5050=VECTOR('',#5040,1.);
#5060=LINE('',#5030,#5050);
#5070=EDGE_CURVE('',#5000,#1990,#5060,.T.);
#5080=ORIENTED_EDGE('',*,*,#5070,.F.);
#5090=ORIENTED_EDGE('',*,*,#2250,.T.);
#5100=CARTESIAN_POINT('',(276.884285398629,64.7413990422738,
4.1660076331176));
#5110=DIRECTION('',(0.,-1.,-5.9211894646675E-16));
#5120=VECTOR('',#5110,1.);
#5130=LINE('',#5100,#5120);
#5140=CARTESIAN_POINT('',(276.884285398629,63.9363990422837,
4.1660076331176));
#5150=VERTEX_POINT('',#5140);
#5160=EDGE_CURVE('',#2180,#5150,#5130,.T.);
#5170=ORIENTED_EDGE('',*,*,#5160,.F.);
#5180=CARTESIAN_POINT('',(0.,63.9363990422837,4.1660076331176));
#5190=DIRECTION('',(-1.,-1.50975818610232E-18,-8.66668474974256E-34));
#5200=VECTOR('',#5190,1.);
#5210=LINE('',#5180,#5200);
#5220=CARTESIAN_POINT('',(277.034285398629,63.9363990422837,
4.1660076331176));
#5230=VERTEX_POINT('',#5220);
#5240=EDGE_CURVE('',#5230,#5150,#5210,.T.);
#5250=ORIENTED_EDGE('',*,*,#5240,.T.);
#5260=CARTESIAN_POINT('',(277.034285398629,0.,4.16600763311756));
#5270=DIRECTION('',(1.50975818610215E-18,-1.,-5.9211894646675E-16));
#5280=VECTOR('',#5270,1.);
#5290=LINE('',#5260,#5280);
#5300=CARTESIAN_POINT('',(277.034285398629,63.5113990422746,
4.16600763311759));
#5310=VERTEX_POINT('',#5300);
#5320=EDGE_CURVE('',#5230,#5310,#5290,.T.);
#5330=ORIENTED_EDGE('',*,*,#5320,.F.);
#5340=CARTESIAN_POINT('',(0.,63.5113990422746,4.16600763311759));
#5350=DIRECTION('',(1.,0.,0.));
#5360=VECTOR('',#5350,1.);
#5370=LINE('',#5340,#5360);
#5380=CARTESIAN_POINT('',(277.684285398629,63.5113990422746,
4.16600763311759));
#5390=VERTEX_POINT('',#5380);
#5400=EDGE_CURVE('',#5310,#5390,#5370,.T.);
#5410=ORIENTED_EDGE('',*,*,#5400,.F.);
#5420=CARTESIAN_POINT('',(277.684285398629,0.,4.166007633118));
#5430=DIRECTION('',(3.62457622377811E-14,1.,-9.59929596160599E-15));
#5440=VECTOR('',#5430,1.);
#5450=LINE('',#5420,#5440);
#5460=EDGE_CURVE('',#5390,#4980,#5450,.T.);
#5470=ORIENTED_EDGE('',*,*,#5460,.F.);
#5480=EDGE_LOOP('',(#5470,#5410,#5330,#5250,#5170,#5090,#5080,#5020));
#5490=FACE_OUTER_BOUND('',#5480,.T.);
#5500=ADVANCED_FACE('',(#5490),#4920,.F.);
#5510=CARTESIAN_POINT('',(274.69720564268,61.2905594575613,
12.7160076331124));
#5520=DIRECTION('',(8.70142780364258E-27,9.33543688249818E-14,-1.));
#5530=DIRECTION('',(1.,-9.32572243103271E-14,-4.54151021774503E-30));
#5540=AXIS2_PLACEMENT_3D('',#5510,#5520,#5530);
#5550=PLANE('',#5540);
#5560=CARTESIAN_POINT('',(275.83428530817,61.6613990422745,
12.7160076331124));
#5570=DIRECTION('',(1.,-9.32572243103271E-14,-4.54151021774503E-30));
#5580=VECTOR('',#5570,1.);
#5590=LINE('',#5560,#5580);
#5600=CARTESIAN_POINT('',(275.68428530817,61.6613990422746,
12.7160076331124));
#5610=VERTEX_POINT('',#5600);
#5620=CARTESIAN_POINT('',(275.98428530817,61.6613990422745,
12.7160076331124));
#5630=VERTEX_POINT('',#5620);
#5640=EDGE_CURVE('',#5610,#5630,#5590,.T.);
#5650=ORIENTED_EDGE('',*,*,#5640,.F.);
#5660=CARTESIAN_POINT('',(275.98428530817,61.5113990422745,
12.7160076331124));
#5670=DIRECTION('',(9.32572243103271E-14,1.,9.33543688249818E-14));
#5680=VECTOR('',#5670,1.);
#5690=LINE('',#5660,#5680);
#5700=CARTESIAN_POINT('',(275.98428530817,61.3613990422745,
12.7160076331124));
#5710=VERTEX_POINT('',#5700);
#5720=EDGE_CURVE('',#5710,#5630,#5690,.T.);
#5730=ORIENTED_EDGE('',*,*,#5720,.T.);
#5740=CARTESIAN_POINT('',(275.83428530817,61.3613990422745,
12.7160076331124));
#5750=DIRECTION('',(-1.,9.32572243103271E-14,4.54151021774503E-30));
#5760=VECTOR('',#5750,1.);
#5770=LINE('',#5740,#5760);
#5780=CARTESIAN_POINT('',(275.68428530817,61.3613990422746,
12.7160076331124));
#5790=VERTEX_POINT('',#5780);
#5800=EDGE_CURVE('',#5710,#5790,#5770,.T.);
#5810=ORIENTED_EDGE('',*,*,#5800,.F.);
#5820=CARTESIAN_POINT('',(275.68428530817,61.5113990422746,
12.7160076331124));
#5830=DIRECTION('',(9.32572243103271E-14,1.,9.33543688249818E-14));
#5840=VECTOR('',#5830,1.);
#5850=LINE('',#5820,#5840);
#5860=EDGE_CURVE('',#5790,#5610,#5850,.T.);
#5870=ORIENTED_EDGE('',*,*,#5860,.F.);
#5880=EDGE_LOOP('',(#5870,#5810,#5730,#5650));
#5890=FACE_OUTER_BOUND('',#5880,.T.);
#5900=ADVANCED_FACE('',(#5890),#5550,.F.);
#5910=CARTESIAN_POINT('',(277.034285398629,65.5113990422756,
6.23600763311756));
#5920=DIRECTION('',(-0.,1.77635683940025E-16,1.));
#5930=DIRECTION('',(0.,-1.,1.77635683940025E-16));
#5940=AXIS2_PLACEMENT_3D('',#5910,#5920,#5930);
#5950=PLANE('',#5940);
#5960=CARTESIAN_POINT('',(0.,61.5113990422849,6.23600763311756));
#5970=DIRECTION('',(-1.,0.,0.));
#5980=VECTOR('',#5970,1.);
#5990=LINE('',#5960,#5980);
#6000=CARTESIAN_POINT('',(278.084285398629,61.5113990422849,
6.23600763311756));
#6010=VERTEX_POINT('',#6000);
#6020=CARTESIAN_POINT('',(277.034285398629,61.5113990422849,
6.23600763311756));
#6030=VERTEX_POINT('',#6020);
#6040=EDGE_CURVE('',#6010,#6030,#5990,.T.);
#6050=ORIENTED_EDGE('',*,*,#6040,.T.);
#6060=CARTESIAN_POINT('',(278.084285398629,65.5113990422756,
6.23600763311756));
#6070=DIRECTION('',(0.,-1.,1.77635683940025E-16));
#6080=VECTOR('',#6070,1.);
#6090=LINE('',#6060,#6080);
#6100=CARTESIAN_POINT('',(278.084285398629,63.5113990422746,
6.23600763311756));
#6110=VERTEX_POINT('',#6100);
#6120=EDGE_CURVE('',#6110,#6010,#6090,.T.);
#6130=ORIENTED_EDGE('',*,*,#6120,.T.);
#6140=CARTESIAN_POINT('',(0.,63.5113990422746,6.23600763311756));
#6150=DIRECTION('',(-1.,0.,0.));
#6160=VECTOR('',#6150,1.);
#6170=LINE('',#6140,#6160);
#6180=CARTESIAN_POINT('',(277.034285398629,63.5113990422746,
6.23600763311756));
#6190=VERTEX_POINT('',#6180);
#6200=EDGE_CURVE('',#6110,#6190,#6170,.T.);
#6210=ORIENTED_EDGE('',*,*,#6200,.F.);
#6220=CARTESIAN_POINT('',(277.034285398629,125.022798084549,
6.23600763311542));
#6230=DIRECTION('',(-3.0195163722045E-18,1.,-3.37831255037263E-14));
#6240=VECTOR('',#6230,1.);
#6250=LINE('',#6220,#6240);
#6260=EDGE_CURVE('',#6030,#6190,#6250,.T.);
#6270=ORIENTED_EDGE('',*,*,#6260,.T.);
#6280=EDGE_LOOP('',(#6270,#6210,#6130,#6050));
#6290=FACE_OUTER_BOUND('',#6280,.T.);
#6300=ADVANCED_FACE('',(#6290),#5950,.F.);
#6310=CARTESIAN_POINT('',(276.884285398629,60.8439701722685,
5.62600763311753));
#6320=DIRECTION('',(-1.,-1.50975818610437E-18,-1.24900088776303E-16));
#6330=DIRECTION('',(-1.50975818610225E-18,1.,-1.69803805938331E-14));
#6340=AXIS2_PLACEMENT_3D('',#6310,#6320,#6330);
#6350=PLANE('',#6340);
#6360=CARTESIAN_POINT('',(276.884285398629,59.4113990422838,
4.66600763311761));
#6370=DIRECTION('',(-1.,3.62457622377811E-14,1.92788729510363E-16));
#6380=DIRECTION('',(3.62457622377811E-14,1.,-6.31088724176809E-30));
#6390=AXIS2_PLACEMENT_3D('',#6360,#6370,#6380);
#6400=CIRCLE('',#6390,0.5);
#6410=CARTESIAN_POINT('',(276.884285398629,59.4113990422838,
4.16600763311761));
#6420=VERTEX_POINT('',#6410);
#6430=EDGE_CURVE('',#6420,#550,#6400,.T.);
#6440=ORIENTED_EDGE('',*,*,#6430,.T.);
#6450=CARTESIAN_POINT('',(276.884285398629,60.2813990422749,
4.16600763311759));
#6460=DIRECTION('',(0.,1.,5.9211894646675E-16));
#6470=VECTOR('',#6460,1.);
#6480=LINE('',#6450,#6470);
#6490=CARTESIAN_POINT('',(276.884285398629,61.0863990422739,
4.16600763311757));
#6500=VERTEX_POINT('',#6490);
#6510=EDGE_CURVE('',#6420,#6500,#6480,.T.);
#6520=ORIENTED_EDGE('',*,*,#6510,.F.);
#6530=CARTESIAN_POINT('',(276.884285398629,61.0863990422737,0.));
#6540=DIRECTION('',(1.24900088776303E-16,-3.39607611876663E-14,-1.));
#6550=VECTOR('',#6540,1.);
#6560=LINE('',#6530,#6550);
#6570=CARTESIAN_POINT('',(276.884285398629,61.086399042274,
8.39600763311209));
#6580=VERTEX_POINT('',#6570);
#6590=EDGE_CURVE('',#6580,#6500,#6560,.T.);
#6600=ORIENTED_EDGE('',*,*,#6590,.T.);
#6610=CARTESIAN_POINT('',(276.884285398629,0.,8.39600763311205));
#6620=DIRECTION('',(-1.50975818610452E-18,1.,5.14042824520116E-16));
#6630=VECTOR('',#6620,1.);
#6640=LINE('',#6610,#6630);
#6650=CARTESIAN_POINT('',(276.884285398629,60.666399042285,
8.3960076331121));
#6660=VERTEX_POINT('',#6650);
#6670=EDGE_CURVE('',#6660,#6580,#6640,.T.);
#6680=ORIENTED_EDGE('',*,*,#6670,.T.);
#6690=CARTESIAN_POINT('',(276.884285398629,60.666399042285,
9.05600763311161));
#6700=DIRECTION('',(-1.24900088776303E-16,-5.14042824520116E-16,1.));
#6710=VECTOR('',#6700,1.);
#6720=LINE('',#6690,#6710);
#6730=CARTESIAN_POINT('',(276.884285398629,60.666399042285,
9.71600763311115));
#6740=VERTEX_POINT('',#6730);
#6750=EDGE_CURVE('',#6660,#6740,#6720,.T.);
#6760=ORIENTED_EDGE('',*,*,#6750,.F.);
#6770=CARTESIAN_POINT('',(276.884285398629,0.,9.71600763311284));
#6780=DIRECTION('',(-1.50975818610225E-18,1.,-1.69803805938331E-14));
#6790=VECTOR('',#6780,1.);
#6800=LINE('',#6770,#6790);
#6810=CARTESIAN_POINT('',(276.884285398629,60.1113990422837,
9.71600763311114));
#6820=VERTEX_POINT('',#6810);
#6830=EDGE_CURVE('',#6820,#6740,#6800,.T.);
#6840=ORIENTED_EDGE('',*,*,#6830,.T.);
#6850=CARTESIAN_POINT('',(276.884285398629,60.1113990422835,0.));
#6860=DIRECTION('',(-1.24900088776303E-16,1.69803805938331E-14,1.));
#6870=VECTOR('',#6860,1.);
#6880=LINE('',#6850,#6870);
#6890=CARTESIAN_POINT('',(276.884285398629,60.1113990422836,
6.86600763311182));
#6900=VERTEX_POINT('',#6890);
#6910=EDGE_CURVE('',#6900,#6820,#6880,.T.);
#6920=ORIENTED_EDGE('',*,*,#6910,.T.);
#6930=CARTESIAN_POINT('',(276.884285398629,59.8113990422836,
6.86600763311183));
#6940=DIRECTION('',(-1.,-1.50975818452768E-18,9.31338339782428E-14));
#6950=DIRECTION('',(9.31338339782428E-14,0.,1.));
#6960=AXIS2_PLACEMENT_3D('',#6930,#6940,#6950);
#6970=CIRCLE('',#6960,0.3);
#6980=CARTESIAN_POINT('',(276.884285398629,59.8113990422836,
6.56600763311183));
#6990=VERTEX_POINT('',#6980);
#7000=EDGE_CURVE('',#6900,#6990,#6970,.T.);
#7010=ORIENTED_EDGE('',*,*,#7000,.F.);
#7020=CARTESIAN_POINT('',(276.884285398629,0.,6.56600763311284));
#7030=DIRECTION('',(-1.50975818610225E-18,1.,-1.69803805938331E-14));
#7040=VECTOR('',#7030,1.);
#7050=LINE('',#7020,#7040);
#7060=CARTESIAN_POINT('',(276.884285398629,59.2113990422836,
6.56600763311184));
#7070=VERTEX_POINT('',#7060);
#7080=EDGE_CURVE('',#7070,#6990,#7050,.T.);
#7090=ORIENTED_EDGE('',*,*,#7080,.T.);
#7100=CARTESIAN_POINT('',(276.884285398629,59.2113990422836,
6.86600763311184));
#7110=DIRECTION('',(1.,1.50975818452768E-18,-9.31338339782428E-14));
#7120=DIRECTION('',(-9.31338339782428E-14,0.,-1.));
#7130=AXIS2_PLACEMENT_3D('',#7100,#7110,#7120);
#7140=CIRCLE('',#7130,0.3);
#7150=EDGE_CURVE('',#630,#7070,#7140,.T.);
#7160=ORIENTED_EDGE('',*,*,#7150,.T.);
#7170=ORIENTED_EDGE('',*,*,#640,.F.);
#7180=EDGE_LOOP('',(#7170,#7160,#7090,#7010,#6920,#6840,#6760,#6680,
#6600,#6520,#6440));
#7190=FACE_OUTER_BOUND('',#7180,.T.);
#7200=ADVANCED_FACE('',(#7190),#6350,.T.);
#7210=CARTESIAN_POINT('',(284.984285308169,59.5613990422844,
9.71600763311159));
#7220=DIRECTION('',(-3.62457622377811E-14,-1.,1.75294604232139E-14));
#7230=DIRECTION('',(1.92788729510998E-16,1.75294604232139E-14,1.));
#7240=AXIS2_PLACEMENT_3D('',#7210,#7220,#7230);
#7250=PLANE('',#7240);
#7260=CARTESIAN_POINT('',(284.984285308169,59.5613990422844,
6.79100763311858));
#7270=DIRECTION('',(-1.92788729510996E-16,-1.75294604232139E-14,-1.));
#7280=VECTOR('',#7270,1.);
#7290=LINE('',#7260,#7280);
#7300=CARTESIAN_POINT('',(284.984285308169,59.5613990422844,
9.11600763311964));
#7310=VERTEX_POINT('',#7300);
#7320=CARTESIAN_POINT('',(284.984285308169,59.5613990422843,
4.76600763311753));
#7330=VERTEX_POINT('',#7320);
#7340=EDGE_CURVE('',#7310,#7330,#7290,.T.);
#7350=ORIENTED_EDGE('',*,*,#7340,.T.);
#7360=CARTESIAN_POINT('',(0.,59.5613990422947,9.11600763311969));
#7370=DIRECTION('',(-1.,3.62457622377811E-14,1.92788729510359E-16));
#7380=VECTOR('',#7370,1.);
#7390=LINE('',#7360,#7380);
#7400=CARTESIAN_POINT('',(280.93428531631,59.5613990422846,
9.11600763311963));
#7410=VERTEX_POINT('',#7400);
#7420=EDGE_CURVE('',#7310,#7410,#7390,.T.);
#7430=ORIENTED_EDGE('',*,*,#7420,.F.);
#7440=CARTESIAN_POINT('',(0.,59.5613990422929,-98.5754684047989));
#7450=DIRECTION('',(-0.93374611730205,2.75612865863195E-14,
-0.357936011632452));
#7460=VECTOR('',#7450,1.);
#7470=LINE('',#7440,#7460);
#7480=CARTESIAN_POINT('',(278.134285316309,59.5613990422847,
8.04267429978631));
#7490=VERTEX_POINT('',#7480);
#7500=EDGE_CURVE('',#7410,#7490,#7470,.T.);
#7510=ORIENTED_EDGE('',*,*,#7500,.F.);
#7520=CARTESIAN_POINT('',(278.134285316309,59.5613990422846,
6.94100763311858));
#7530=DIRECTION('',(-1.92788729510996E-16,-1.75294604232139E-14,-1.));
#7540=VECTOR('',#7530,1.);
#7550=LINE('',#7520,#7540);
#7560=CARTESIAN_POINT('',(278.134285316309,59.5613990422846,
5.83934096645088));
#7570=VERTEX_POINT('',#7560);
#7580=EDGE_CURVE('',#7490,#7570,#7550,.T.);
#7590=ORIENTED_EDGE('',*,*,#7580,.F.);
#7600=CARTESIAN_POINT('',(0.,59.5613990422966,112.457483671036));
#7610=DIRECTION('',(-0.933746117302049,4.01345623401994E-14,
0.357936011632453));
#7620=VECTOR('',#7610,1.);
#7630=LINE('',#7600,#7620);
#7640=CARTESIAN_POINT('',(280.934285316309,59.5613990422845,
4.76600763311753));
#7650=VERTEX_POINT('',#7640);
#7660=EDGE_CURVE('',#7650,#7570,#7630,.T.);
#7670=ORIENTED_EDGE('',*,*,#7660,.T.);
#7680=CARTESIAN_POINT('',(0.,59.5613990422948,4.76600763311759));
#7690=DIRECTION('',(1.,-3.62457622377811E-14,-1.92788729510362E-16));
#7700=VECTOR('',#7690,1.);
#7710=LINE('',#7680,#7700);
#7720=EDGE_CURVE('',#7650,#7330,#7710,.T.);
#7730=ORIENTED_EDGE('',*,*,#7720,.F.);
#7740=EDGE_LOOP('',(#7730,#7670,#7590,#7510,#7430,#7350));
#7750=FACE_OUTER_BOUND('',#7740,.T.);
#7760=ADVANCED_FACE('',(#7750),#7250,.F.);
#7770=CARTESIAN_POINT('',(277.034285398629,60.8163990422849,
9.05600763311161));
#7780=DIRECTION('',(-0.707106781186531,0.707106781186564,
2.75165467293946E-16));
#7790=DIRECTION('',(-0.707106781186564,-0.707106781186531,0.));
#7800=AXIS2_PLACEMENT_3D('',#7770,#7780,#7790);
#7810=PLANE('',#7800);
#7820=CARTESIAN_POINT('',(0.,-216.21788635633,9.71600763311569));
#7830=DIRECTION('',(-0.707106781186564,-0.707106781186531,
1.16018306073329E-14));
#7840=VECTOR('',#7830,1.);
#7850=LINE('',#7820,#7840);
#7860=CARTESIAN_POINT('',(277.184285398629,60.966399042285,
9.71600763311115));
#7870=VERTEX_POINT('',#7860);
#7880=EDGE_CURVE('',#7870,#6740,#7850,.T.);
#7890=ORIENTED_EDGE('',*,*,#7880,.F.);
#7900=ORIENTED_EDGE('',*,*,#6750,.T.);
#7910=CARTESIAN_POINT('',(0.,-216.21788635633,8.39600763311943));
#7920=DIRECTION('',(0.707106781186564,0.707106781186531,
-1.87905246917808E-14));
#7930=VECTOR('',#7920,1.);
#7940=LINE('',#7910,#7930);
#7950=CARTESIAN_POINT('',(277.184285398629,60.966399042285,
8.39600763311209));
#7960=VERTEX_POINT('',#7950);
#7970=EDGE_CURVE('',#6660,#7960,#7940,.T.);
#7980=ORIENTED_EDGE('',*,*,#7970,.F.);
#7990=CARTESIAN_POINT('',(277.184285398629,60.966399042285,0.));
#8000=DIRECTION('',(1.24900088776303E-16,5.14042824520116E-16,-1.));
#8010=VECTOR('',#8000,1.);
#8020=LINE('',#7990,#8010);
#8030=EDGE_CURVE('',#7870,#7960,#8020,.T.);
#8040=ORIENTED_EDGE('',*,*,#8030,.T.);
#8050=EDGE_LOOP('',(#8040,#7980,#7900,#7890));
#8060=FACE_OUTER_BOUND('',#8050,.T.);
#8070=ADVANCED_FACE('',(#8060),#7810,.T.);
#8080=CARTESIAN_POINT('',(283.21178531631,63.4113990422743,
3.72100766612761));
#8090=DIRECTION('',(-3.0195163722045E-18,1.,-3.39066977599751E-14));
#8100=DIRECTION('',(1.,3.01951636904664E-18,-9.31338339782428E-14));
#8110=AXIS2_PLACEMENT_3D('',#8080,#8090,#8100);
#8120=PLANE('',#8110);
#8130=CARTESIAN_POINT('',(1.85055285301608E-16,63.4113990422742,
3.41600769367539));
#8140=DIRECTION('',(1.,3.0195163712699E-18,-2.75200102077941E-14));
#8150=VECTOR('',#8140,1.);
#8160=LINE('',#8130,#8150);
#8170=CARTESIAN_POINT('',(282.43428531631,63.4113990422742,
3.41600769366755));
#8180=VERTEX_POINT('',#8170);
#8190=CARTESIAN_POINT('',(283.88428531631,63.4113990422742,
3.41600769366751));
#8200=VERTEX_POINT('',#8190);
#8210=EDGE_CURVE('',#8180,#8200,#8160,.T.);
#8220=ORIENTED_EDGE('',*,*,#8210,.T.);
#8230=CARTESIAN_POINT('',(282.43428531631,63.4113990422743,
4.16600763858736));
#8240=DIRECTION('',(-1.9168172653266E-13,-3.39066977599751E-14,-1.));
#8250=VECTOR('',#8240,1.);
#8260=LINE('',#8230,#8250);
#8270=CARTESIAN_POINT('',(282.43428531631,63.4113990422743,
4.41600763858728));
#8280=VERTEX_POINT('',#8270);
#8290=EDGE_CURVE('',#8280,#8180,#8260,.T.);
#8300=ORIENTED_EDGE('',*,*,#8290,.T.);
#8310=CARTESIAN_POINT('',(5.70284741461096E-14,63.4113990422743,
4.41600763861366));
#8320=DIRECTION('',(-1.,-3.0195163690416E-18,9.31338339782428E-14));
#8330=VECTOR('',#8320,1.);
#8340=LINE('',#8310,#8330);
#8350=CARTESIAN_POINT('',(283.88428531631,63.4113990422743,
4.41600763858715));
#8360=VERTEX_POINT('',#8350);
#8370=EDGE_CURVE('',#8360,#8280,#8340,.T.);
#8380=ORIENTED_EDGE('',*,*,#8370,.T.);
#8390=CARTESIAN_POINT('',(283.88428531631,63.4113990422741,
-6.78133955199501E-15));
#8400=DIRECTION('',(9.31338339782428E-14,3.39066977599751E-14,1.));
#8410=VECTOR('',#8400,1.);
#8420=LINE('',#8390,#8410);
#8430=EDGE_CURVE('',#8200,#8360,#8420,.T.);
#8440=ORIENTED_EDGE('',*,*,#8430,.T.);
#8450=EDGE_LOOP('',(#8440,#8380,#8300,#8220));
#8460=FACE_OUTER_BOUND('',#8450,.T.);
#8470=ADVANCED_FACE('',(#8460),#8120,.F.);
#8480=CARTESIAN_POINT('',(285.28428530817,66.1113990422749,
7.15053758397744));
#8490=DIRECTION('',(0.500000000000027,-1.47046860810945E-14,
-0.866025403784423));
#8500=DIRECTION('',(0.866025403784423,8.49149778585977E-15,
0.500000000000027));
#8510=AXIS2_PLACEMENT_3D('',#8480,#8490,#8500);
#8520=PLANE('',#8510);
#8530=CARTESIAN_POINT('',(283.985247202493,66.1113990422749,
6.40053758397747));
#8540=DIRECTION('',(1.50975818610225E-18,-1.,1.69803805938331E-14));
#8550=VECTOR('',#8540,1.);
#8560=LINE('',#8530,#8550);
#8570=CARTESIAN_POINT('',(283.985247202493,66.1113990422749,
6.40053758397747));
#8580=VERTEX_POINT('',#8570);
#8590=CARTESIAN_POINT('',(283.985247202493,66.0113990422749,
6.40053758397747));
#8600=VERTEX_POINT('',#8590);
#8610=EDGE_CURVE('',#8580,#8600,#8560,.T.);
#8620=ORIENTED_EDGE('',*,*,#8610,.F.);
#8630=CARTESIAN_POINT('',(285.28428530817,66.0113990422749,
7.15053758397744));
#8640=DIRECTION('',(-0.866025403784423,-8.49149778585977E-15,
-0.500000000000027));
#8650=VECTOR('',#8640,1.);
#8660=LINE('',#8630,#8650);
#8670=CARTESIAN_POINT('',(285.28428530817,66.0113990422749,
7.15053758397752));
#8680=VERTEX_POINT('',#8670);
#8690=EDGE_CURVE('',#8680,#8600,#8660,.T.);
#8700=ORIENTED_EDGE('',*,*,#8690,.T.);
#8710=CARTESIAN_POINT('',(285.284285308167,0.,7.15053758397726));
#8720=DIRECTION('',(3.62457622377811E-14,1.,3.94699165042959E-15));
#8730=VECTOR('',#8720,1.);
#8740=LINE('',#8710,#8730);
#8750=CARTESIAN_POINT('',(285.28428530817,66.111399042275,
7.15053758397752));
#8760=VERTEX_POINT('',#8750);
#8770=EDGE_CURVE('',#8680,#8760,#8740,.T.);
#8780=ORIENTED_EDGE('',*,*,#8770,.F.);
#8790=CARTESIAN_POINT('',(0.,66.1113990422722,-157.558421334276));
#8800=DIRECTION('',(0.866025403784423,8.49320613838245E-15,
0.500000000000027));
#8810=VECTOR('',#8800,1.);
#8820=LINE('',#8790,#8810);
#8830=EDGE_CURVE('',#8580,#8760,#8820,.T.);
#8840=ORIENTED_EDGE('',*,*,#8830,.T.);
#8850=EDGE_LOOP('',(#8840,#8780,#8700,#8620));
#8860=FACE_OUTER_BOUND('',#8850,.T.);
#8870=ADVANCED_FACE('',(#8860),#8520,.T.);
#8880=CARTESIAN_POINT('',(281.084285353399,60.1113990422836,
6.94100763311438));
#8890=DIRECTION('',(1.50975818610225E-18,-1.,1.69803805938331E-14));
#8900=DIRECTION('',(-1.,-1.5097581845208E-18,9.31338339782428E-14));
#8910=AXIS2_PLACEMENT_3D('',#8880,#8890,#8900);
#8920=PLANE('',#8910);
#8930=ORIENTED_EDGE('',*,*,#6910,.F.);
#8940=CARTESIAN_POINT('',(275.234285398629,60.1113990422836,
9.71600763311197));
#8950=DIRECTION('',(1.,1.5097581845208E-18,-9.31338339782428E-14));
#8960=VECTOR('',#8950,1.);
#8970=LINE('',#8940,#8960);
#8980=CARTESIAN_POINT('',(273.534285398629,60.1113990422837,
9.71600763311114));
#8990=VERTEX_POINT('',#8980);
#9000=EDGE_CURVE('',#8990,#6820,#8970,.T.);
#9010=ORIENTED_EDGE('',*,*,#9000,.T.);
#9020=CARTESIAN_POINT('',(273.534285398628,60.1113990422835,
-5.09411417814994E-15));
#9030=DIRECTION('',(9.31338339782428E-14,1.69803805938331E-14,1.));
#9040=VECTOR('',#9030,1.);
#9050=LINE('',#9020,#9040);
#9060=CARTESIAN_POINT('',(273.534285398629,60.1113990422836,
7.56600763311213));
#9070=VERTEX_POINT('',#9060);
#9080=EDGE_CURVE('',#9070,#8990,#9050,.T.);
#9090=ORIENTED_EDGE('',*,*,#9080,.T.);
#9100=CARTESIAN_POINT('',(274.234285398629,60.1113990422836,
7.56600763311207));
#9110=DIRECTION('',(1.50975818610225E-18,-1.,1.69803805938332E-14));
#9120=DIRECTION('',(0.,1.69803805938332E-14,1.));
#9130=AXIS2_PLACEMENT_3D('',#9100,#9110,#9120);
#9140=CIRCLE('',#9130,0.699999999999999);
#9150=CARTESIAN_POINT('',(274.234285398629,60.1113990422836,
6.86600763311207));
#9160=VERTEX_POINT('',#9150);
#9170=EDGE_CURVE('',#9070,#9160,#9140,.T.);
#9180=ORIENTED_EDGE('',*,*,#9170,.F.);
#9190=CARTESIAN_POINT('',(-4.52927455830675E-19,60.1113990422836,
6.86600763313761));
#9200=DIRECTION('',(-1.,-1.50975818452768E-18,9.31338339782428E-14));
#9210=VECTOR('',#9200,1.);
#9220=LINE('',#9190,#9210);
#9230=EDGE_CURVE('',#6900,#9160,#9220,.T.);
#9240=ORIENTED_EDGE('',*,*,#9230,.T.);
#9250=EDGE_LOOP('',(#9240,#9180,#9090,#9010,#8930));
#9260=FACE_OUTER_BOUND('',#9250,.T.);
#9270=ADVANCED_FACE('',(#9260),#8920,.F.);
#9280=CARTESIAN_POINT('',(278.88428531631,60.2813990422749,
4.01600763858761));
#9290=DIRECTION('',(0.,-1.,0.));
#9300=DIRECTION('',(0.,0.,1.));
#9310=AXIS2_PLACEMENT_3D('',#9280,#9290,#9300);
#9320=PLANE('',#9310);
#9330=CARTESIAN_POINT('',(0.,60.2813990422749,4.76600763311759));
#9340=DIRECTION('',(-1.,0.,1.92788729510323E-16));
#9350=VECTOR('',#9340,1.);
#9360=LINE('',#9330,#9350);
#9370=CARTESIAN_POINT('',(284.984285308169,60.2813990422749,
4.76600763311753));
#9380=VERTEX_POINT('',#9370);
#9390=CARTESIAN_POINT('',(280.934285316309,60.2813990422749,
4.76600763311753));
#9400=VERTEX_POINT('',#9390);
#9410=EDGE_CURVE('',#9380,#9400,#9360,.T.);
#9420=ORIENTED_EDGE('',*,*,#9410,.F.);
#9430=CARTESIAN_POINT('',(0.,60.2813990422749,112.457483671036));
#9440=DIRECTION('',(-0.933746117302049,0.,0.357936011632453));
#9450=VECTOR('',#9440,1.);
#9460=LINE('',#9430,#9450);
#9470=CARTESIAN_POINT('',(278.88428531631,60.2813990422749,
5.55184096645072));
#9480=VERTEX_POINT('',#9470);
#9490=EDGE_CURVE('',#9400,#9480,#9460,.T.);
#9500=ORIENTED_EDGE('',*,*,#9490,.F.);
#9510=CARTESIAN_POINT('',(278.88428531631,60.2813990422749,
4.41600763858761));
#9520=DIRECTION('',(0.,0.,-1.));
#9530=VECTOR('',#9520,1.);
#9540=LINE('',#9510,#9530);
#9550=CARTESIAN_POINT('',(278.88428531631,60.2813990422749,
4.16600763858758));
#9560=VERTEX_POINT('',#9550);
#9570=EDGE_CURVE('',#9480,#9560,#9540,.T.);
#9580=ORIENTED_EDGE('',*,*,#9570,.F.);
#9590=CARTESIAN_POINT('',(283.050292954897,60.2813990422749,0.));
#9600=DIRECTION('',(0.707106781186495,0.,-0.7071067811866));
#9610=VECTOR('',#9600,1.);
#9620=LINE('',#9590,#9610);
#9630=CARTESIAN_POINT('',(279.03428531631,60.2813990422749,
4.01600763858761));
#9640=VERTEX_POINT('',#9630);
#9650=EDGE_CURVE('',#9560,#9640,#9620,.T.);
#9660=ORIENTED_EDGE('',*,*,#9650,.F.);
#9670=CARTESIAN_POINT('',(278.88428531631,60.2813990422749,
4.01600763858761));
#9680=DIRECTION('',(1.,0.,0.));
#9690=VECTOR('',#9680,1.);
#9700=LINE('',#9670,#9690);
#9710=CARTESIAN_POINT('',(284.984285308169,60.2813990422749,
4.01600763858761));
#9720=VERTEX_POINT('',#9710);
#9730=EDGE_CURVE('',#9640,#9720,#9700,.T.);
#9740=ORIENTED_EDGE('',*,*,#9730,.F.);
#9750=CARTESIAN_POINT('',(284.984285308169,60.2813990422749,
4.24100763585257));
#9760=DIRECTION('',(-1.92788729510363E-16,0.,-1.));
#9770=VECTOR('',#9760,1.);
#9780=LINE('',#9750,#9770);
#9790=EDGE_CURVE('',#9380,#9720,#9780,.T.);
#9800=ORIENTED_EDGE('',*,*,#9790,.T.);
#9810=EDGE_LOOP('',(#9800,#9740,#9660,#9580,#9500,#9420));
#9820=FACE_OUTER_BOUND('',#9810,.T.);
#9830=ADVANCED_FACE('',(#9820),#9320,.F.);
#9840=CARTESIAN_POINT('',(278.384285398629,60.2113990422837,
10.7160076331111));
#9850=DIRECTION('',(4.44628146325591E-18,1.64313007644524E-14,1.));
#9860=DIRECTION('',(0.,1.,-1.64313007644524E-14));
#9870=AXIS2_PLACEMENT_3D('',#9840,#9850,#9860);
#9880=PLANE('',#9870);
#9890=CARTESIAN_POINT('',(278.534285398629,59.9413990422836,
10.7160076331112));
#9900=DIRECTION('',(4.44628146325591E-18,1.64313007644524E-14,1.));
#9910=DIRECTION('',(0.,1.,-1.64313007644524E-14));
#9920=AXIS2_PLACEMENT_3D('',#9890,#9900,#9910);
#9930=CIRCLE('',#9920,0.349999999999994);
#9940=CARTESIAN_POINT('',(278.184285398629,59.9413990422836,
10.7160076331112));
#9950=VERTEX_POINT('',#9940);
#9960=CARTESIAN_POINT('',(278.884285398629,59.9413990422836,
10.7160076331112));
#9970=VERTEX_POINT('',#9960);
#9980=EDGE_CURVE('',#9950,#9970,#9930,.T.);
#9990=ORIENTED_EDGE('',*,*,#9980,.T.);
#10000=CARTESIAN_POINT('',(278.534285398629,60.2913990422836,
10.7160076331111));
#10010=VERTEX_POINT('',#10000);
#10020=EDGE_CURVE('',#10010,#9950,#9930,.T.);
#10030=ORIENTED_EDGE('',*,*,#10020,.T.);
#10040=EDGE_CURVE('',#9970,#10010,#9930,.T.);
#10050=ORIENTED_EDGE('',*,*,#10040,.T.);
#10060=EDGE_LOOP('',(#10050,#10030,#9990));
#10070=FACE_OUTER_BOUND('',#10060,.T.);
#10080=ADVANCED_FACE('',(#10070),#9880,.T.);
#10090=CARTESIAN_POINT('',(281.584285398629,60.966399042285,
9.71600763311114));
#10100=DIRECTION('',(4.44628146325593E-18,-5.14042824520116E-16,1.));
#10110=DIRECTION('',(-1.,-1.50975818610215E-18,4.44628146325593E-18));
#10120=AXIS2_PLACEMENT_3D('',#10090,#10100,#10110);
#10130=PLANE('',#10120);
#10140=CARTESIAN_POINT('',(278.534285398629,59.9413990422836,
9.71600763311116));
#10150=DIRECTION('',(4.44628146325591E-18,1.64313007644524E-14,1.));
#10160=DIRECTION('',(0.,1.,-1.64313007644524E-14));
#10170=AXIS2_PLACEMENT_3D('',#10140,#10150,#10160);
#10180=CIRCLE('',#10170,0.649999999999999);
#10190=CARTESIAN_POINT('',(278.534285398629,60.5913990422836,
9.71600763311114));
#10200=VERTEX_POINT('',#10190);
#10210=CARTESIAN_POINT('',(277.884285398629,59.9413990422836,
9.71600763311118));
#10220=VERTEX_POINT('',#10210);
#10230=EDGE_CURVE('',#10200,#10220,#10180,.T.);
#10240=ORIENTED_EDGE('',*,*,#10230,.F.);
#10250=CARTESIAN_POINT('',(279.184285398629,59.9413990422836,
9.71600763311118));
#10260=VERTEX_POINT('',#10250);
#10270=EDGE_CURVE('',#10220,#10260,#10180,.T.);
#10280=ORIENTED_EDGE('',*,*,#10270,.F.);
#10290=EDGE_CURVE('',#10260,#10200,#10180,.T.);
#10300=ORIENTED_EDGE('',*,*,#10290,.F.);
#10310=EDGE_LOOP('',(#10300,#10280,#10240));
#10320=FACE_BOUND('',#10310,.T.);
#10330=CARTESIAN_POINT('',(278.534285398629,65.081399042275,
9.71600763311107));
#10340=DIRECTION('',(4.44628146325591E-18,1.64313007644524E-14,1.));
#10350=DIRECTION('',(0.,1.,-1.64313007644524E-14));
#10360=AXIS2_PLACEMENT_3D('',#10330,#10340,#10350);
#10370=CIRCLE('',#10360,0.649999999999991);
#10380=CARTESIAN_POINT('',(278.534285398629,65.7313990422749,
9.71600763311114));
#10390=VERTEX_POINT('',#10380);
#10400=CARTESIAN_POINT('',(277.884285398629,65.081399042275,
9.71600763311109));
#10410=VERTEX_POINT('',#10400);
#10420=EDGE_CURVE('',#10390,#10410,#10370,.T.);
#10430=ORIENTED_EDGE('',*,*,#10420,.F.);
#10440=CARTESIAN_POINT('',(279.184285398629,65.081399042275,
9.71600763311109));
#10450=VERTEX_POINT('',#10440);
#10460=EDGE_CURVE('',#10410,#10450,#10370,.T.);
#10470=ORIENTED_EDGE('',*,*,#10460,.F.);
#10480=EDGE_CURVE('',#10450,#10390,#10370,.T.);
#10490=ORIENTED_EDGE('',*,*,#10480,.F.);
#10500=EDGE_LOOP('',(#10490,#10470,#10430));
#10510=FACE_BOUND('',#10500,.T.);
#10520=ORIENTED_EDGE('',*,*,#1770,.T.);
#10530=CARTESIAN_POINT('',(276.884285398629,0.,9.71600763311284));
#10540=DIRECTION('',(1.50975818610225E-18,-1.,1.69803805938331E-14));
#10550=VECTOR('',#10540,1.);
#10560=LINE('',#10530,#10550);
#10570=CARTESIAN_POINT('',(276.884285398629,64.9113990422836,
9.71600763311114));
#10580=VERTEX_POINT('',#10570);
#10590=EDGE_CURVE('',#10580,#1680,#10560,.T.);
#10600=ORIENTED_EDGE('',*,*,#10590,.T.);
#10610=CARTESIAN_POINT('',(275.234285398629,64.9113990422836,
9.71600763311189));
#10620=DIRECTION('',(1.,1.5097581845208E-18,-9.31338339782428E-14));
#10630=VECTOR('',#10620,1.);
#10640=LINE('',#10610,#10630);
#10650=EDGE_CURVE('',#310,#10580,#10640,.T.);
#10660=ORIENTED_EDGE('',*,*,#10650,.T.);
#10670=ORIENTED_EDGE('',*,*,#320,.F.);
#10680=CARTESIAN_POINT('',(273.234285398629,66.1113990422836,
9.71600763311206));
#10690=DIRECTION('',(1.50975818610225E-18,-1.,1.69803805938331E-14));
#10700=VECTOR('',#10690,1.);
#10710=LINE('',#10680,#10700);
#10720=CARTESIAN_POINT('',(273.234285398629,65.811399042275,
9.71600763311117));
#10730=VERTEX_POINT('',#10720);
#10740=EDGE_CURVE('',#10730,#220,#10710,.T.);
#10750=ORIENTED_EDGE('',*,*,#10740,.T.);
#10760=CARTESIAN_POINT('',(273.534285398629,65.811399042275,
9.71600763311106));
#10770=DIRECTION('',(-9.31338339782428E-14,-1.69803805938331E-14,-1.));
#10780=DIRECTION('',(-1.,0.,9.31338339782428E-14));
#10790=AXIS2_PLACEMENT_3D('',#10760,#10770,#10780);
#10800=CIRCLE('',#10790,0.3);
#10810=CARTESIAN_POINT('',(273.534285398629,66.111399042275,
9.71600763311114));
#10820=VERTEX_POINT('',#10810);
#10830=EDGE_CURVE('',#10730,#10820,#10800,.T.);
#10840=ORIENTED_EDGE('',*,*,#10830,.F.);
#10850=CARTESIAN_POINT('',(0.,66.111399042275,9.71600763313751));
#10860=DIRECTION('',(-1.,-1.50975818452768E-18,9.31338339782428E-14));
#10870=VECTOR('',#10860,1.);
#10880=LINE('',#10850,#10870);
#10890=CARTESIAN_POINT('',(285.28428530817,66.111399042275,
9.71600763311114));
#10900=VERTEX_POINT('',#10890);
#10910=EDGE_CURVE('',#10900,#10820,#10880,.T.);
#10920=ORIENTED_EDGE('',*,*,#10910,.T.);
#10930=CARTESIAN_POINT('',(285.284285308167,0.,9.71600763311214));
#10940=DIRECTION('',(-3.62457622377811E-14,-1.,1.64313007644524E-14));
#10950=VECTOR('',#10940,1.);
#10960=LINE('',#10930,#10950);
#10970=EDGE_CURVE('',#10900,#960,#10960,.T.);
#10980=ORIENTED_EDGE('',*,*,#10970,.F.);
#10990=ORIENTED_EDGE('',*,*,#970,.T.);
#11000=CARTESIAN_POINT('',(273.534285398629,59.2113990422836,
9.71600763311117));
#11010=DIRECTION('',(-9.31338339782428E-14,-1.69803805938331E-14,-1.));
#11020=DIRECTION('',(-1.,0.,9.31338339782428E-14));
#11030=AXIS2_PLACEMENT_3D('',#11000,#11010,#11020);
#11040=CIRCLE('',#11030,0.3);
#11050=EDGE_CURVE('',#880,#3950,#11040,.T.);
#11060=ORIENTED_EDGE('',*,*,#11050,.F.);
#11070=ORIENTED_EDGE('',*,*,#3960,.F.);
#11080=CARTESIAN_POINT('',(273.534285398629,59.8113990422836,
9.71600763311116));
#11090=DIRECTION('',(9.31338339782428E-14,1.69803805938331E-14,1.));
#11100=DIRECTION('',(1.,0.,-9.31338339782428E-14));
#11110=AXIS2_PLACEMENT_3D('',#11080,#11090,#11100);
#11120=CIRCLE('',#11110,0.3);
#11130=EDGE_CURVE('',#8990,#3870,#11120,.T.);
#11140=ORIENTED_EDGE('',*,*,#11130,.T.);
#11150=ORIENTED_EDGE('',*,*,#9000,.F.);
#11160=ORIENTED_EDGE('',*,*,#6830,.F.);
#11170=ORIENTED_EDGE('',*,*,#7880,.T.);
#11180=CARTESIAN_POINT('',(277.184285398629,60.966399042285,
9.71600763311115));
#11190=DIRECTION('',(-1.50975818610215E-18,1.,5.14042824520116E-16));
#11200=VECTOR('',#11190,1.);
#11210=LINE('',#11180,#11200);
#11220=EDGE_CURVE('',#7870,#1760,#11210,.T.);
#11230=ORIENTED_EDGE('',*,*,#11220,.F.);
#11240=EDGE_LOOP('',(#11230,#11170,#11160,#11150,#11140,#11070,#11060,
#10990,#10980,#10920,#10840,#10750,#10670,#10660,#10600,#10520));
#11250=FACE_OUTER_BOUND('',#11240,.T.);
#11260=ADVANCED_FACE('',(#10320,#10510,#11250),#10130,.T.);
#11270=CARTESIAN_POINT('',(285.28428530817,62.5113990422736,
8.39100763311958));
#11280=DIRECTION('',(1.,-3.62457622377811E-14,-1.92788729510363E-16));
#11290=DIRECTION('',(-3.62457622377811E-14,-1.,1.64313007644524E-14));
#11300=AXIS2_PLACEMENT_3D('',#11270,#11280,#11290);
#11310=PLANE('',#11300);
#11320=CARTESIAN_POINT('',(285.284285308169,59.7713990422796,
4.46600763311753));
#11330=DIRECTION('',(3.62457622377811E-14,1.,1.09815965876154E-15));
#11340=VECTOR('',#11330,1.);
#11350=LINE('',#11320,#11340);
#11360=CARTESIAN_POINT('',(285.28428530817,59.2613990422842,
4.46600763311739));
#11370=VERTEX_POINT('',#11360);
#11380=CARTESIAN_POINT('',(285.284285308169,59.9813990422749,
4.46600763311755));
#11390=VERTEX_POINT('',#11380);
#11400=EDGE_CURVE('',#11370,#11390,#11350,.T.);
#11410=ORIENTED_EDGE('',*,*,#11400,.F.);
#11420=CARTESIAN_POINT('',(285.284285308169,59.9813990422749,
4.24100763585257));
#11430=DIRECTION('',(-1.92788729510363E-16,0.,-1.));
#11440=VECTOR('',#11430,1.);
#11450=LINE('',#11420,#11440);
#11460=CARTESIAN_POINT('',(285.284285308169,59.981399042275,
3.7160076385876));
#11470=VERTEX_POINT('',#11460);
#11480=EDGE_CURVE('',#11390,#11470,#11450,.T.);
#11490=ORIENTED_EDGE('',*,*,#11480,.F.);
#11500=CARTESIAN_POINT('',(285.284285308169,60.6963990422749,
3.71600763858761));
#11510=DIRECTION('',(3.62457622377811E-14,1.,8.37904169528422E-16));
#11520=VECTOR('',#11510,1.);
#11530=LINE('',#11500,#11520);
#11540=CARTESIAN_POINT('',(285.28428530817,61.1113990422751,
3.71600763858737));
#11550=VERTEX_POINT('',#11540);
#11560=EDGE_CURVE('',#11470,#11550,#11530,.T.);
#11570=ORIENTED_EDGE('',*,*,#11560,.F.);
#11580=CARTESIAN_POINT('',(285.284285308169,61.1113990422749,
4.06600763858732));
#11590=DIRECTION('',(-1.92788729510363E-16,0.,-1.));
#11600=VECTOR('',#11590,1.);
#11610=LINE('',#11580,#11600);
#11620=CARTESIAN_POINT('',(285.28428530817,61.111399042275,
4.11600763858705));
#11630=VERTEX_POINT('',#11620);
#11640=EDGE_CURVE('',#11630,#11550,#11610,.T.);
#11650=ORIENTED_EDGE('',*,*,#11640,.T.);
#11660=CARTESIAN_POINT('',(285.28428530817,62.3613990422747,
4.11600763858702));
#11670=DIRECTION('',(3.62457622377811E-14,1.,-5.40634276946038E-17));
#11680=VECTOR('',#11670,1.);
#11690=LINE('',#11660,#11680);
#11700=CARTESIAN_POINT('',(285.28428530817,63.9113990422744,
4.11600763858704));
#11710=VERTEX_POINT('',#11700);
#11720=EDGE_CURVE('',#11630,#11710,#11690,.T.);
#11730=ORIENTED_EDGE('',*,*,#11720,.F.);
#11740=CARTESIAN_POINT('',(285.28428530817,63.9113990422745,
4.06600763858732));
#11750=DIRECTION('',(-1.92788729510363E-16,0.,-1.));
#11760=VECTOR('',#11750,1.);
#11770=LINE('',#11740,#11760);
#11780=CARTESIAN_POINT('',(285.28428530817,63.9113990422744,
3.71600763858754));
#11790=VERTEX_POINT('',#11780);
#11800=EDGE_CURVE('',#11710,#11790,#11770,.T.);
#11810=ORIENTED_EDGE('',*,*,#11800,.F.);
#11820=CARTESIAN_POINT('',(285.28428530817,64.6263990422745,
3.71600763858761));
#11830=DIRECTION('',(3.62457622377811E-14,1.,0.));
#11840=VECTOR('',#11830,1.);
#11850=LINE('',#11820,#11840);
#11860=CARTESIAN_POINT('',(285.28428530817,65.0413990422744,
3.71600763858759));
#11870=VERTEX_POINT('',#11860);
#11880=EDGE_CURVE('',#11790,#11870,#11850,.T.);
#11890=ORIENTED_EDGE('',*,*,#11880,.F.);
#11900=CARTESIAN_POINT('',(285.28428530817,65.0413990422745,
4.24100763585253));
#11910=DIRECTION('',(1.92788729511593E-16,3.39607611876663E-14,1.));
#11920=VECTOR('',#11910,1.);
#11930=LINE('',#11900,#11920);
#11940=CARTESIAN_POINT('',(285.28428530817,65.0413990422746,
4.46600763311727));
#11950=VERTEX_POINT('',#11940);
#11960=EDGE_CURVE('',#11870,#11950,#11930,.T.);
#11970=ORIENTED_EDGE('',*,*,#11960,.F.);
#11980=CARTESIAN_POINT('',(285.28428530817,65.2013990422742,
4.46600763311744));
#11990=DIRECTION('',(-3.62457622377811E-14,-1.,3.39607611876663E-14));
#12000=VECTOR('',#11990,1.);
#12010=LINE('',#11980,#12000);
#12020=CARTESIAN_POINT('',(285.28428530817,65.661399042274,
4.46600763311741));
#12030=VERTEX_POINT('',#12020);
#12040=EDGE_CURVE('',#12030,#11950,#12010,.T.);
#12050=ORIENTED_EDGE('',*,*,#12040,.T.);
#12060=CARTESIAN_POINT('',(285.28428530817,65.6613990422741,
6.94100763311848));
#12070=DIRECTION('',(-1.92788729510957E-16,-1.64313007644524E-14,-1.));
#12080=VECTOR('',#12070,1.);
#12090=LINE('',#12060,#12080);
#12100=CARTESIAN_POINT('',(285.28428530817,65.6613990422741,
9.41600763311951));
#12110=VERTEX_POINT('',#12100);
#12120=EDGE_CURVE('',#12110,#12030,#12090,.T.);
#12130=ORIENTED_EDGE('',*,*,#12120,.T.);
#12140=CARTESIAN_POINT('',(285.28428530817,62.4613990422793,
9.41600763311959));
#12150=DIRECTION('',(3.62457622377811E-14,1.,-1.64313007644524E-14));
#12160=VECTOR('',#12150,1.);
#12170=LINE('',#12140,#12160);
#12180=CARTESIAN_POINT('',(285.284285308169,59.2613990422844,
9.41600763311963));
#12190=VERTEX_POINT('',#12180);
#12200=EDGE_CURVE('',#12190,#12110,#12170,.T.);
#12210=ORIENTED_EDGE('',*,*,#12200,.T.);
#12220=CARTESIAN_POINT('',(285.284285308169,59.2613990422844,
6.79100763311859));
#12230=DIRECTION('',(-1.92788729510996E-16,-1.75294604232139E-14,-1.));
#12240=VECTOR('',#12230,1.);
#12250=LINE('',#12220,#12240);
#12260=EDGE_CURVE('',#12190,#11370,#12250,.T.);
#12270=ORIENTED_EDGE('',*,*,#12260,.F.);
#12280=EDGE_LOOP('',(#12270,#12210,#12130,#12050,#11970,#11890,#11810,
#11730,#11650,#11570,#11490,#11410));
#12290=FACE_BOUND('',#12280,.T.);
#12300=CARTESIAN_POINT('',(285.28428530817,66.1113990422748,0.));
#12310=DIRECTION('',(1.92788729510977E-16,1.69803805938331E-14,1.));
#12320=VECTOR('',#12310,1.);
#12330=LINE('',#12300,#12320);
#12340=EDGE_CURVE('',#8760,#10900,#12330,.T.);
#12350=ORIENTED_EDGE('',*,*,#12340,.T.);
#12360=ORIENTED_EDGE('',*,*,#8770,.T.);
#12370=CARTESIAN_POINT('',(285.28428530817,66.0113990422748,0.));
#12380=DIRECTION('',(1.92788729510977E-16,1.69803805938331E-14,1.));
#12390=VECTOR('',#12380,1.);
#12400=LINE('',#12370,#12390);
#12410=CARTESIAN_POINT('',(285.28428530817,66.0113990422749,
5.6505375839773));
#12420=VERTEX_POINT('',#12410);
#12430=EDGE_CURVE('',#12420,#8680,#12400,.T.);
#12440=ORIENTED_EDGE('',*,*,#12430,.T.);
#12450=CARTESIAN_POINT('',(285.284285308167,0.,5.65053758397981));
#12460=DIRECTION('',(-3.6245762237781E-14,-1.,3.7907752838099E-14));
#12470=VECTOR('',#12460,1.);
#12480=LINE('',#12450,#12470);
#12490=CARTESIAN_POINT('',(285.28428530817,66.1113990422749,
5.6505375839773));
#12500=VERTEX_POINT('',#12490);
#12510=EDGE_CURVE('',#12500,#12420,#12480,.T.);
#12520=ORIENTED_EDGE('',*,*,#12510,.T.);
#12530=EDGE_CURVE('',#2010,#12500,#12330,.T.);
#12540=ORIENTED_EDGE('',*,*,#12530,.T.);
#12550=ORIENTED_EDGE('',*,*,#2020,.T.);
#12560=ORIENTED_EDGE('',*,*,#5070,.T.);
#12570=CARTESIAN_POINT('',(285.28428530817,65.4213990422746,
3.5527136788005E-15));
#12580=DIRECTION('',(-1.92788729510957E-16,-1.64313007644524E-14,-1.));
#12590=VECTOR('',#12580,1.);
#12600=LINE('',#12570,#12590);
#12610=CARTESIAN_POINT('',(285.28428530817,65.4213990422745,
3.91600769366745));
#12620=VERTEX_POINT('',#12610);
#12630=EDGE_CURVE('',#5000,#12620,#12600,.T.);
#12640=ORIENTED_EDGE('',*,*,#12630,.F.);
#12650=CARTESIAN_POINT('',(285.28428530817,64.9213990422745,
3.91600769366747));
#12660=DIRECTION('',(1.,3.01951637127049E-18,-2.75200102077941E-14));
#12670=DIRECTION('',(-2.75200102077941E-14,0.,-1.));
#12680=AXIS2_PLACEMENT_3D('',#12650,#12660,#12670);
#12690=CIRCLE('',#12680,0.5);
#12700=CARTESIAN_POINT('',(285.28428530817,64.9213990422745,
3.41600769366747));
#12710=VERTEX_POINT('',#12700);
#12720=EDGE_CURVE('',#12710,#12620,#12690,.T.);
#12730=ORIENTED_EDGE('',*,*,#12720,.T.);
#12740=CARTESIAN_POINT('',(285.284285308169,137.022798084549,
3.41600769366532));
#12750=DIRECTION('',(-3.0195163722045E-18,1.,-3.39066977599751E-14));
#12760=VECTOR('',#12750,1.);
#12770=LINE('',#12740,#12760);
#12780=CARTESIAN_POINT('',(285.284285308169,60.1013990422749,
3.41600769366747));
#12790=VERTEX_POINT('',#12780);
#12800=EDGE_CURVE('',#12790,#12710,#12770,.T.);
#12810=ORIENTED_EDGE('',*,*,#12800,.T.);
#12820=CARTESIAN_POINT('',(285.284285308169,60.1013990422749,
3.91600769366747));
#12830=DIRECTION('',(-1.,0.,2.75200102077941E-14));
#12840=DIRECTION('',(2.75200102077941E-14,0.,1.));
#12850=AXIS2_PLACEMENT_3D('',#12820,#12830,#12840);
#12860=CIRCLE('',#12850,0.5);
#12870=CARTESIAN_POINT('',(285.284285308169,59.6013990422749,
3.91600769366747));
#12880=VERTEX_POINT('',#12870);
#12890=EDGE_CURVE('',#12790,#12880,#12860,.T.);
#12900=ORIENTED_EDGE('',*,*,#12890,.F.);
#12910=CARTESIAN_POINT('',(285.284285308169,59.6013990422644,
-1.77635683940025E-15));
#12920=DIRECTION('',(1.92788729510957E-16,1.64313007644524E-14,1.));
#12930=VECTOR('',#12920,1.);
#12940=LINE('',#12910,#12930);
#12950=CARTESIAN_POINT('',(285.284285308169,59.6013990422749,
4.16600763311761));
#12960=VERTEX_POINT('',#12950);
#12970=EDGE_CURVE('',#12880,#12960,#12940,.T.);
#12980=ORIENTED_EDGE('',*,*,#12970,.F.);
#12990=CARTESIAN_POINT('',(285.284285308167,0.,4.16600763311906));
#13000=DIRECTION('',(3.62457622377811E-14,1.,-2.43614652260603E-14));
#13010=VECTOR('',#13000,1.);
#13020=LINE('',#12990,#13010);
#13030=CARTESIAN_POINT('',(285.284285308169,59.4113990422835,
4.16600763311761));
#13040=VERTEX_POINT('',#13030);
#13050=EDGE_CURVE('',#13040,#12960,#13020,.T.);
#13060=ORIENTED_EDGE('',*,*,#13050,.T.);
#13070=CARTESIAN_POINT('',(285.284285308169,59.4113990422835,
4.66600763311761));
#13080=DIRECTION('',(-1.,3.62457622377811E-14,1.92788729510363E-16));
#13090=DIRECTION('',(3.62457622377811E-14,1.,-6.31088724176809E-30));
#13100=AXIS2_PLACEMENT_3D('',#13070,#13080,#13090);
#13110=CIRCLE('',#13100,0.5);
#13120=EDGE_CURVE('',#13040,#530,#13110,.T.);
#13130=ORIENTED_EDGE('',*,*,#13120,.F.);
#13140=ORIENTED_EDGE('',*,*,#1030,.F.);
#13150=ORIENTED_EDGE('',*,*,#10970,.T.);
#13160=EDGE_LOOP('',(#13150,#13140,#13130,#13060,#12980,#12900,#12810,
#12730,#12640,#12560,#12550,#12540,#12520,#12440,#12360,#12350));
#13170=FACE_OUTER_BOUND('',#13160,.T.);
#13180=ADVANCED_FACE('',(#12290,#13170),#11310,.T.);
#13190=CARTESIAN_POINT('',(278.534285398629,65.081399042275,
9.81600763311108));
#13200=DIRECTION('',(4.44628146325591E-18,1.64313007644524E-14,1.));
#13210=DIRECTION('',(0.,1.,-1.64313007644524E-14));
#13220=AXIS2_PLACEMENT_3D('',#13190,#13200,#13210);
#13230=CYLINDRICAL_SURFACE('',#13220,0.55);
#13240=CARTESIAN_POINT('',(278.534285398629,65.081399042275,
9.81600763311107));
#13250=DIRECTION('',(4.44628146325591E-18,1.64313007644524E-14,1.));
#13260=DIRECTION('',(0.,1.,-1.64313007644524E-14));
#13270=AXIS2_PLACEMENT_3D('',#13240,#13250,#13260);
#13280=CIRCLE('',#13270,0.549999999999997);
#13290=CARTESIAN_POINT('',(278.534285398629,64.531399042275,
9.81600763311108));
#13300=VERTEX_POINT('',#13290);
#13310=CARTESIAN_POINT('',(279.084285398629,65.081399042275,
9.81600763311107));
#13320=VERTEX_POINT('',#13310);
#13330=EDGE_CURVE('',#13300,#13320,#13280,.T.);
#13340=ORIENTED_EDGE('',*,*,#13330,.T.);
#13350=CARTESIAN_POINT('',(278.534285398629,64.531399042275,
9.81600763311108));
#13360=DIRECTION('',(4.44628146325591E-18,1.64313007644524E-14,1.));
#13370=VECTOR('',#13360,1.);
#13380=LINE('',#13350,#13370);
#13390=CARTESIAN_POINT('',(278.534285398629,64.531399042275,
10.5160076331111));
#13400=VERTEX_POINT('',#13390);
#13410=EDGE_CURVE('',#13300,#13400,#13380,.T.);
#13420=ORIENTED_EDGE('',*,*,#13410,.F.);
#13430=CARTESIAN_POINT('',(278.534285398629,65.081399042275,
10.5160076331111));
#13440=DIRECTION('',(4.44628146325591E-18,1.64313007644524E-14,1.));
#13450=DIRECTION('',(0.,1.,-1.64313007644524E-14));
#13460=AXIS2_PLACEMENT_3D('',#13430,#13440,#13450);
#13470=CIRCLE('',#13460,0.549999999999997);
#13480=CARTESIAN_POINT('',(279.084285398629,65.081399042275,
10.5160076331111));
#13490=VERTEX_POINT('',#13480);
#13500=EDGE_CURVE('',#13400,#13490,#13470,.T.);
#13510=ORIENTED_EDGE('',*,*,#13500,.F.);
#13520=CARTESIAN_POINT('',(278.534285398629,65.631399042275,
10.5160076331111));
#13530=VERTEX_POINT('',#13520);
#13540=EDGE_CURVE('',#13490,#13530,#13470,.T.);
#13550=ORIENTED_EDGE('',*,*,#13540,.F.);
#13560=CARTESIAN_POINT('',(278.534285398629,65.631399042275,
9.81600763311107));
#13570=DIRECTION('',(4.44628146325591E-18,1.64313007644524E-14,1.));
#13580=VECTOR('',#13570,1.);
#13590=LINE('',#13560,#13580);
#13600=CARTESIAN_POINT('',(278.534285398629,65.631399042275,
9.81600763311106));
#13610=VERTEX_POINT('',#13600);
#13620=EDGE_CURVE('',#13610,#13530,#13590,.T.);
#13630=ORIENTED_EDGE('',*,*,#13620,.T.);
#13640=EDGE_CURVE('',#13320,#13610,#13280,.T.);
#13650=ORIENTED_EDGE('',*,*,#13640,.T.);
#13660=EDGE_LOOP('',(#13650,#13630,#13550,#13510,#13420,#13340));
#13670=FACE_OUTER_BOUND('',#13660,.T.);
#13680=ADVANCED_FACE('',(#13670),#13230,.T.);
#13690=CARTESIAN_POINT('',(278.684285324447,61.821399042275,
7.5660076331175));
#13700=DIRECTION('',(-1.17963209093718E-32,4.85722573273506E-17,-1.));
#13710=DIRECTION('',(-1.,-4.85722573273506E-17,9.43705672749744E-33));
#13720=AXIS2_PLACEMENT_3D('',#13690,#13700,#13710);
#13730=PLANE('',#13720);
#13740=CARTESIAN_POINT('',(276.48428530817,61.4973440884483,
7.5660076331175));
#13750=DIRECTION('',(9.32572243103271E-14,1.,4.85722573273506E-17));
#13760=VECTOR('',#13750,1.);
#13770=LINE('',#13740,#13760);
#13780=CARTESIAN_POINT('',(276.48428530817,61.261399042275,
7.5660076331175));
#13790=VERTEX_POINT('',#13780);
#13800=CARTESIAN_POINT('',(276.48428530817,61.761399042275,
7.5660076331175));
#13810=VERTEX_POINT('',#13800);
#13820=EDGE_CURVE('',#13790,#13810,#13770,.T.);
#13830=ORIENTED_EDGE('',*,*,#13820,.F.);
#13840=CARTESIAN_POINT('',(279.484285324447,61.761399042275,
7.5660076331175));
#13850=DIRECTION('',(-1.,-4.85722573273506E-17,9.43705672749744E-33));
#13860=VECTOR('',#13850,1.);
#13870=LINE('',#13840,#13860);
#13880=CARTESIAN_POINT('',(277.034285398629,61.761399042275,
7.5660076331175));
#13890=VERTEX_POINT('',#13880);
#13900=EDGE_CURVE('',#13890,#13810,#13870,.T.);
#13910=ORIENTED_EDGE('',*,*,#13900,.T.);
#13920=CARTESIAN_POINT('',(277.034285398629,0.,7.5660076331175));
#13930=DIRECTION('',(0.,1.,4.85722573273506E-17));
#13940=VECTOR('',#13930,1.);
#13950=LINE('',#13920,#13940);
#13960=CARTESIAN_POINT('',(277.034285398629,61.2613990422749,
7.5660076331175));
#13970=VERTEX_POINT('',#13960);
#13980=EDGE_CURVE('',#13970,#13890,#13950,.T.);
#13990=ORIENTED_EDGE('',*,*,#13980,.T.);
#14000=CARTESIAN_POINT('',(279.484285324447,61.261399042275,
7.5660076331175));
#14010=DIRECTION('',(-1.,-4.85722573273506E-17,9.43705672749744E-33));
#14020=VECTOR('',#14010,1.);
#14030=LINE('',#14000,#14020);
#14040=EDGE_CURVE('',#13970,#13790,#14030,.T.);
#14050=ORIENTED_EDGE('',*,*,#14040,.F.);
#14060=EDGE_LOOP('',(#14050,#13990,#13910,#13830));
#14070=FACE_OUTER_BOUND('',#14060,.T.);
#14080=ADVANCED_FACE('',(#14070),#13730,.F.);
#14090=CARTESIAN_POINT('',(278.534285398629,65.081399042275,
10.7160076331111));
#14100=DIRECTION('',(0.,0.,-1.));
#14110=DIRECTION('',(-1.,0.,0.));
#14120=AXIS2_PLACEMENT_3D('',#14090,#14100,#14110);
#14130=CONICAL_SURFACE('',#14120,0.349999999999994,0.785398163397448);
#14140=ORIENTED_EDGE('',*,*,#3680,.F.);
#14150=CARTESIAN_POINT('',(278.184285398629,65.081399042275,
10.7160076331111));
#14160=DIRECTION('',(-0.707106781186576,0.,-0.707106781186519));
#14170=VECTOR('',#14160,0.494974746830595);
#14180=LINE('',#14150,#14170);
#14190=CARTESIAN_POINT('',(277.984285398629,65.081399042275,
10.5160076331111));
#14200=VERTEX_POINT('',#14190);
#14210=EDGE_CURVE('',#3610,#14200,#14180,.T.);
#14220=ORIENTED_EDGE('',*,*,#14210,.F.);
#14230=EDGE_CURVE('',#13530,#14200,#13470,.T.);
#14240=ORIENTED_EDGE('',*,*,#14230,.T.);
#14250=ORIENTED_EDGE('',*,*,#13540,.T.);
#14260=CARTESIAN_POINT('',(278.884285398629,65.081399042275,
10.7160076331111));
#14270=DIRECTION('',(0.707106781186576,0.,-0.707106781186519));
#14280=VECTOR('',#14270,0.494974746830595);
#14290=LINE('',#14260,#14280);
#14300=EDGE_CURVE('',#3630,#13490,#14290,.T.);
#14310=ORIENTED_EDGE('',*,*,#14300,.T.);
#14320=ORIENTED_EDGE('',*,*,#3700,.F.);
#14330=EDGE_LOOP('',(#14320,#14310,#14250,#14240,#14220,#14140));
#14340=FACE_OUTER_BOUND('',#14330,.T.);
#14350=ADVANCED_FACE('',(#14340),#14130,.T.);
#14360=CARTESIAN_POINT('',(273.534285398628,59.8113990422835,0.));
#14370=DIRECTION('',(9.31338339782428E-14,1.69803805938331E-14,1.));
#14380=DIRECTION('',(1.,0.,-9.31338339782428E-14));
#14390=AXIS2_PLACEMENT_3D('',#14360,#14370,#14380);
#14400=CYLINDRICAL_SURFACE('',#14390,0.3);
#14410=ORIENTED_EDGE('',*,*,#11130,.F.);
#14420=ORIENTED_EDGE('',*,*,#3880,.T.);
#14430=CARTESIAN_POINT('',(273.534285398629,59.8113990422836,
7.56600763311214));
#14440=DIRECTION('',(-9.32587340685133E-14,-1.69803805938332E-14,-1.));
#14450=DIRECTION('',(-1.,0.,9.32587340685133E-14));
#14460=AXIS2_PLACEMENT_3D('',#14430,#14440,#14450);
#14470=CIRCLE('',#14460,0.3);
#14480=EDGE_CURVE('',#3850,#9070,#14470,.T.);
#14490=ORIENTED_EDGE('',*,*,#14480,.F.);
#14500=ORIENTED_EDGE('',*,*,#9080,.F.);
#14510=EDGE_LOOP('',(#14500,#14490,#14420,#14410));
#14520=FACE_OUTER_BOUND('',#14510,.T.);
#14530=ADVANCED_FACE('',(#14520),#14400,.T.);
#14540=CARTESIAN_POINT('',(0.,65.2113990422836,6.86600763313752));
#14550=DIRECTION('',(1.,1.50975818452768E-18,-9.31338339782428E-14));
#14560=DIRECTION('',(-9.31338339782428E-14,0.,-1.));
#14570=AXIS2_PLACEMENT_3D('',#14540,#14550,#14560);
#14580=CYLINDRICAL_SURFACE('',#14570,0.3);
#14590=CARTESIAN_POINT('',(276.884285398629,65.2113990422836,
6.86600763311174));
#14600=DIRECTION('',(1.,1.50975818452768E-18,-9.31338339782428E-14));
#14610=DIRECTION('',(-9.31338339782428E-14,0.,-1.));
#14620=AXIS2_PLACEMENT_3D('',#14590,#14600,#14610);
#14630=CIRCLE('',#14620,0.3);
#14640=CARTESIAN_POINT('',(276.884285398629,64.9113990422836,
6.86600763311174));
#14650=VERTEX_POINT('',#14640);
#14660=CARTESIAN_POINT('',(276.884285398629,65.2113990422836,
6.56600763311174));
#14670=VERTEX_POINT('',#14660);
#14680=EDGE_CURVE('',#14650,#14670,#14630,.T.);
#14690=ORIENTED_EDGE('',*,*,#14680,.F.);
#14700=CARTESIAN_POINT('',(-2.79401501934728E-14,65.2113990422836,
6.56600763313752));
#14710=DIRECTION('',(1.,1.50975818452768E-18,-9.31338339782428E-14));
#14720=VECTOR('',#14710,1.);
#14730=LINE('',#14700,#14720);
#14740=EDGE_CURVE('',#3290,#14670,#14730,.T.);
#14750=ORIENTED_EDGE('',*,*,#14740,.T.);
#14760=CARTESIAN_POINT('',(274.234285398629,65.2113990422836,
6.86600763311198));
#14770=DIRECTION('',(-1.,-1.50975818610225E-18,2.1454954237786E-32));
#14780=DIRECTION('',(-1.50975818610225E-18,1.,0.));
#14790=AXIS2_PLACEMENT_3D('',#14760,#14770,#14780);
#14800=CIRCLE('',#14790,0.3);
#14810=CARTESIAN_POINT('',(274.234285398629,64.9113990422836,
6.86600763311199));
#14820=VERTEX_POINT('',#14810);
#14830=EDGE_CURVE('',#3290,#14820,#14800,.T.);
#14840=ORIENTED_EDGE('',*,*,#14830,.F.);
#14850=CARTESIAN_POINT('',(4.52927455830675E-19,64.9113990422836,
6.86600763313753));
#14860=DIRECTION('',(1.,1.50975818452768E-18,-9.31338339782428E-14));
#14870=VECTOR('',#14860,1.);
#14880=LINE('',#14850,#14870);
#14890=EDGE_CURVE('',#14820,#14650,#14880,.T.);
#14900=ORIENTED_EDGE('',*,*,#14890,.F.);
#14910=EDGE_LOOP('',(#14900,#14840,#14750,#14690));
#14920=FACE_OUTER_BOUND('',#14910,.T.);
#14930=ADVANCED_FACE('',(#14920),#14580,.T.);
#14940=CARTESIAN_POINT('',(275.58428530817,61.8213990422753,
4.78060945344302));
#14950=DIRECTION('',(-1.,9.32572243103271E-14,4.54151021774542E-30));
#14960=DIRECTION('',(-8.70142780364258E-27,-9.33543688249818E-14,1.));
#14970=AXIS2_PLACEMENT_3D('',#14940,#14950,#14960);
#14980=PLANE('',#14970);
#14990=CARTESIAN_POINT('',(275.58428530817,61.7613990422754,
3.98060945344301));
#15000=DIRECTION('',(-8.70142780364258E-27,-9.33543688249818E-14,1.));
#15010=VECTOR('',#15000,1.);
#15020=LINE('',#14990,#15010);
#15030=CARTESIAN_POINT('',(275.58428530817,61.7613990422751,
7.9660076331175));
#15040=VERTEX_POINT('',#15030);
#15050=CARTESIAN_POINT('',(275.58428530817,61.7613990422755,
12.3160076331089));
#15060=VERTEX_POINT('',#15050);
#15070=EDGE_CURVE('',#15040,#15060,#15020,.T.);
#15080=ORIENTED_EDGE('',*,*,#15070,.F.);
#15090=CARTESIAN_POINT('',(275.58428530817,61.5113990422746,
12.3160076331124));
#15100=DIRECTION('',(9.32572243103271E-14,1.,9.33543688249818E-14));
#15110=VECTOR('',#15100,1.);
#15120=LINE('',#15090,#15110);
#15130=CARTESIAN_POINT('',(275.58428530817,61.2613990422755,
12.316007633116));
#15140=VERTEX_POINT('',#15130);
#15150=EDGE_CURVE('',#15140,#15060,#15120,.T.);
#15160=ORIENTED_EDGE('',*,*,#15150,.T.);
#15170=CARTESIAN_POINT('',(275.58428530817,61.2613990422754,
3.98060945344297));
#15180=DIRECTION('',(8.70142780364258E-27,9.33543688249818E-14,-1.));
#15190=VECTOR('',#15180,1.);
#15200=LINE('',#15170,#15190);
#15210=CARTESIAN_POINT('',(275.58428530817,61.2613990422751,
7.9660076331175));
#15220=VERTEX_POINT('',#15210);
#15230=EDGE_CURVE('',#15140,#15220,#15200,.T.);
#15240=ORIENTED_EDGE('',*,*,#15230,.F.);
#15250=CARTESIAN_POINT('',(275.58428530817,61.4973440884484,
7.96600763311757));
#15260=DIRECTION('',(9.32572243103271E-14,1.,4.85722573273506E-17));
#15270=VECTOR('',#15260,1.);
#15280=LINE('',#15250,#15270);
#15290=EDGE_CURVE('',#15220,#15040,#15280,.T.);
#15300=ORIENTED_EDGE('',*,*,#15290,.F.);
#15310=EDGE_LOOP('',(#15300,#15240,#15160,#15080));
#15320=FACE_OUTER_BOUND('',#15310,.T.);
#15330=ADVANCED_FACE('',(#15320),#14980,.T.);
#15340=CARTESIAN_POINT('',(278.88428531631,64.2113990422745,
4.01600763858761));
#15350=DIRECTION('',(0.,-1.,0.));
#15360=DIRECTION('',(0.,0.,1.));
#15370=AXIS2_PLACEMENT_3D('',#15340,#15350,#15360);
#15380=PLANE('',#15370);
#15390=CARTESIAN_POINT('',(0.,64.2113990422745,4.41600763861359));
#15400=DIRECTION('',(1.,0.,-9.31338339782428E-14));
#15410=VECTOR('',#15400,1.);
#15420=LINE('',#15390,#15410);
#15430=CARTESIAN_POINT('',(284.984285308169,64.2113990422744,
4.41600763858706));
#15440=VERTEX_POINT('',#15430);
#15450=EDGE_CURVE('',#1180,#15440,#15420,.T.);
#15460=ORIENTED_EDGE('',*,*,#15450,.T.);
#15470=ORIENTED_EDGE('',*,*,#1210,.F.);
#15480=CARTESIAN_POINT('',(278.88428531631,64.2113990422745,
4.01600763858761));
#15490=DIRECTION('',(0.,0.,1.));
#15500=VECTOR('',#15490,1.);
#15510=LINE('',#15480,#15500);
#15520=CARTESIAN_POINT('',(278.88428531631,64.2113990422745,
4.1660076385876));
#15530=VERTEX_POINT('',#15520);
#15540=EDGE_CURVE('',#15530,#1200,#15510,.T.);
#15550=ORIENTED_EDGE('',*,*,#15540,.T.);
#15560=CARTESIAN_POINT('',(283.050292954897,64.2113990422745,0.));
#15570=DIRECTION('',(-0.707106781186493,0.,0.707106781186602));
#15580=VECTOR('',#15570,1.);
#15590=LINE('',#15560,#15580);
#15600=CARTESIAN_POINT('',(279.03428531631,64.2113990422745,
4.01600763858758));
#15610=VERTEX_POINT('',#15600);
#15620=EDGE_CURVE('',#15610,#15530,#15590,.T.);
#15630=ORIENTED_EDGE('',*,*,#15620,.T.);
#15640=CARTESIAN_POINT('',(278.88428531631,64.2113990422745,
4.01600763858761));
#15650=DIRECTION('',(1.,0.,0.));
#15660=VECTOR('',#15650,1.);
#15670=LINE('',#15640,#15660);
#15680=CARTESIAN_POINT('',(284.98428530817,64.2113990422744,
4.01600763858755));
#15690=VERTEX_POINT('',#15680);
#15700=EDGE_CURVE('',#15610,#15690,#15670,.T.);
#15710=ORIENTED_EDGE('',*,*,#15700,.F.);
#15720=CARTESIAN_POINT('',(284.98428530817,64.2113990422745,
4.06600763858732));
#15730=DIRECTION('',(-1.92788729510363E-16,0.,-1.));
#15740=VECTOR('',#15730,1.);
#15750=LINE('',#15720,#15740);
#15760=EDGE_CURVE('',#15440,#15690,#15750,.T.);
#15770=ORIENTED_EDGE('',*,*,#15760,.T.);
#15780=EDGE_LOOP('',(#15770,#15710,#15630,#15550,#15470,#15460));
#15790=FACE_OUTER_BOUND('',#15780,.T.);
#15800=ADVANCED_FACE('',(#15790),#15380,.F.);
#15810=CARTESIAN_POINT('',(0.,64.9213990422745,3.91600769367532));
#15820=DIRECTION('',(1.,3.01951637127049E-18,-2.75200102077941E-14));
#15830=DIRECTION('',(-2.75200102077941E-14,0.,-1.));
#15840=AXIS2_PLACEMENT_3D('',#15810,#15820,#15830);
#15850=CYLINDRICAL_SURFACE('',#15840,0.5);
#15860=ORIENTED_EDGE('',*,*,#12720,.F.);
#15870=CARTESIAN_POINT('',(-1.50975818610225E-18,65.4213990422745,
3.9160076936753));
#15880=DIRECTION('',(1.,3.01951637127049E-18,-2.75200102077941E-14));
#15890=VECTOR('',#15880,1.);
#15900=LINE('',#15870,#15890);
#15910=CARTESIAN_POINT('',(277.684285398629,65.4213990422745,
3.91600769366766));
#15920=VERTEX_POINT('',#15910);
#15930=EDGE_CURVE('',#15920,#12620,#15900,.T.);
#15940=ORIENTED_EDGE('',*,*,#15930,.T.);
#15950=CARTESIAN_POINT('',(277.684285398629,64.9213990422745,
3.91600769366768));
#15960=DIRECTION('',(1.,3.01951637127049E-18,-2.75200102077941E-14));
#15970=DIRECTION('',(-2.75200102077941E-14,0.,-1.));
#15980=AXIS2_PLACEMENT_3D('',#15950,#15960,#15970);
#15990=CIRCLE('',#15980,0.5);
#16000=CARTESIAN_POINT('',(277.684285398629,64.9213990422745,
3.41600769366768));
#16010=VERTEX_POINT('',#16000);
#16020=EDGE_CURVE('',#16010,#15920,#15990,.T.);
#16030=ORIENTED_EDGE('',*,*,#16020,.T.);
#16040=CARTESIAN_POINT('',(-1.37600051038971E-14,64.9213990422745,
3.41600769367532));
#16050=DIRECTION('',(1.,3.01951637127049E-18,-2.75200102077941E-14));
#16060=VECTOR('',#16050,1.);
#16070=LINE('',#16040,#16060);
#16080=EDGE_CURVE('',#16010,#12710,#16070,.T.);
#16090=ORIENTED_EDGE('',*,*,#16080,.F.);
#16100=EDGE_LOOP('',(#16090,#16030,#15940,#15860));
#16110=FACE_OUTER_BOUND('',#16100,.T.);
#16120=ADVANCED_FACE('',(#16110),#15850,.T.);
#16130=CARTESIAN_POINT('',(274.234285398629,59.2113990422836,
7.56600763311208));
#16140=DIRECTION('',(1.50975818610225E-18,-1.,1.69803805938332E-14));
#16150=DIRECTION('',(6.47039222615244E-19,1.69705519478416E-14,1.));
#16160=AXIS2_PLACEMENT_3D('',#16130,#16140,#16150);
#16170=TOROIDAL_SURFACE('',#16160,0.7,0.3);
#16180=CARTESIAN_POINT('',(273.534285398629,59.2113990422836,
7.56600763311215));
#16190=DIRECTION('',(-9.42287991398017E-14,-1.69803805938332E-14,-1.));
#16200=DIRECTION('',(-1.,0.,9.42287991398017E-14));
#16210=AXIS2_PLACEMENT_3D('',#16180,#16190,#16200);
#16220=CIRCLE('',#16210,0.3);
#16230=EDGE_CURVE('',#800,#4030,#16220,.T.);
#16240=ORIENTED_EDGE('',*,*,#16230,.T.);
#16250=ORIENTED_EDGE('',*,*,#810,.F.);
#16260=CARTESIAN_POINT('',(274.234285398629,59.2113990422836,
6.86600763311208));
#16270=DIRECTION('',(1.,1.5097581841718E-18,-1.13686837721616E-13));
#16280=DIRECTION('',(-1.13686837721616E-13,0.,-1.));
#16290=AXIS2_PLACEMENT_3D('',#16260,#16270,#16280);
#16300=CIRCLE('',#16290,0.3);
#16310=CARTESIAN_POINT('',(274.234285398629,59.2113990422836,
6.56600763311208));
#16320=VERTEX_POINT('',#16310);
#16330=EDGE_CURVE('',#710,#16320,#16300,.T.);
#16340=ORIENTED_EDGE('',*,*,#16330,.F.);
#16350=CARTESIAN_POINT('',(274.234285398629,59.2113990422836,
7.56600763311208));
#16360=DIRECTION('',(1.50975818610225E-18,-1.,1.69803805938332E-14));
#16370=DIRECTION('',(0.,1.69803805938332E-14,1.));
#16380=AXIS2_PLACEMENT_3D('',#16350,#16360,#16370);
#16390=CIRCLE('',#16380,1.);
#16400=EDGE_CURVE('',#4030,#16320,#16390,.T.);
#16410=ORIENTED_EDGE('',*,*,#16400,.T.);
#16420=EDGE_LOOP('',(#16410,#16340,#16250,#16240));
#16430=FACE_OUTER_BOUND('',#16420,.T.);
#16440=ADVANCED_FACE('',(#16430),#16170,.T.);
#16450=CARTESIAN_POINT('',(277.184285398629,60.966399042285,
9.71600763311115));
#16460=DIRECTION('',(-1.,-1.50975818610209E-18,-1.24900088776303E-16));
#16470=DIRECTION('',(1.24900088776303E-16,5.14042824520116E-16,-1.));
#16480=AXIS2_PLACEMENT_3D('',#16450,#16460,#16470);
#16490=PLANE('',#16480);
#16500=CARTESIAN_POINT('',(277.184285398629,0.,8.39600763311369));
#16510=DIRECTION('',(1.50975818609752E-18,-1.,2.62767949475837E-14));
#16520=VECTOR('',#16510,1.);
#16530=LINE('',#16500,#16520);
#16540=EDGE_CURVE('',#1580,#7960,#16530,.T.);
#16550=ORIENTED_EDGE('',*,*,#16540,.T.);
#16560=ORIENTED_EDGE('',*,*,#1830,.T.);
#16570=ORIENTED_EDGE('',*,*,#11220,.T.);
#16580=ORIENTED_EDGE('',*,*,#8030,.F.);
#16590=EDGE_LOOP('',(#16580,#16570,#16560,#16550));
#16600=FACE_OUTER_BOUND('',#16590,.T.);
#16610=ADVANCED_FACE('',(#16600),#16490,.T.);
#16620=CARTESIAN_POINT('',(276.884285398629,66.111399042275,
10.5660076331111));
#16630=DIRECTION('',(1.,1.50975818610217E-18,-4.44628146325593E-18));
#16640=DIRECTION('',(4.44628146325591E-18,1.69803805938331E-14,1.));
#16650=AXIS2_PLACEMENT_3D('',#16620,#16630,#16640);
#16660=PLANE('',#16650);
#16670=CARTESIAN_POINT('',(276.884285398629,65.811399042275,
6.86600763311173));
#16680=DIRECTION('',(1.,1.50975818452768E-18,-9.31338339782428E-14));
#16690=DIRECTION('',(-9.31338339782428E-14,0.,-1.));
#16700=AXIS2_PLACEMENT_3D('',#16670,#16680,#16690);
#16710=CIRCLE('',#16700,0.3);
#16720=CARTESIAN_POINT('',(276.884285398629,65.811399042275,
6.56600763311173));
#16730=VERTEX_POINT('',#16720);
#16740=CARTESIAN_POINT('',(276.884285398629,66.1113990422749,
6.86600763311172));
#16750=VERTEX_POINT('',#16740);
#16760=EDGE_CURVE('',#16730,#16750,#16710,.T.);
#16770=ORIENTED_EDGE('',*,*,#16760,.T.);
#16780=CARTESIAN_POINT('',(276.884285398629,0.,6.56600763311284));
#16790=DIRECTION('',(-1.50975818610225E-18,1.,-1.69803805938331E-14));
#16800=VECTOR('',#16790,1.);
#16810=LINE('',#16780,#16800);
#16820=EDGE_CURVE('',#14670,#16730,#16810,.T.);
#16830=ORIENTED_EDGE('',*,*,#16820,.T.);
#16840=ORIENTED_EDGE('',*,*,#14680,.T.);
#16850=CARTESIAN_POINT('',(276.884285398629,64.9113990422835,0.));
#16860=DIRECTION('',(-4.44628146325591E-18,-1.69803805938331E-14,-1.));
#16870=VECTOR('',#16860,1.);
#16880=LINE('',#16850,#16870);
#16890=EDGE_CURVE('',#10580,#14650,#16880,.T.);
#16900=ORIENTED_EDGE('',*,*,#16890,.T.);
#16910=ORIENTED_EDGE('',*,*,#10590,.F.);
#16920=ORIENTED_EDGE('',*,*,#1690,.F.);
#16930=CARTESIAN_POINT('',(276.884285398629,0.,8.39600763311205));
#16940=DIRECTION('',(-1.50975818610215E-18,1.,5.14042824520116E-16));
#16950=VECTOR('',#16940,1.);
#16960=LINE('',#16930,#16950);
#16970=CARTESIAN_POINT('',(276.884285398629,63.9363990422838,
8.39600763311201));
#16980=VERTEX_POINT('',#16970);
#16990=EDGE_CURVE('',#16980,#1600,#16960,.T.);
#17000=ORIENTED_EDGE('',*,*,#16990,.T.);
#17010=CARTESIAN_POINT('',(276.884285398629,63.9363990422836,0.));
#17020=DIRECTION('',(0.,3.39607611876662E-14,1.));
#17030=VECTOR('',#17020,1.);
#17040=LINE('',#17010,#17030);
#17050=EDGE_CURVE('',#5150,#16980,#17040,.T.);
#17060=ORIENTED_EDGE('',*,*,#17050,.T.);
#17070=ORIENTED_EDGE('',*,*,#5160,.T.);
#17080=ORIENTED_EDGE('',*,*,#2190,.F.);
#17090=CARTESIAN_POINT('',(276.884285398629,66.111399042275,
10.9660076331175));
#17100=DIRECTION('',(1.24900088776303E-16,-1.69803805938331E-14,-1.));
#17110=VECTOR('',#17100,1.);
#17120=LINE('',#17090,#17110);
#17130=EDGE_CURVE('',#16750,#2090,#17120,.T.);
#17140=ORIENTED_EDGE('',*,*,#17130,.T.);
#17150=EDGE_LOOP('',(#17140,#17080,#17070,#17060,#17000,#16920,#16910,
#16900,#16840,#16830,#16770));
#17160=FACE_OUTER_BOUND('',#17150,.T.);
#17170=ADVANCED_FACE('',(#17160),#16660,.F.);
#17180=CARTESIAN_POINT('',(274.929885407675,38.8363990422756,
8.26600763311988));
#17190=DIRECTION('',(0.,4.3264500331414E-15,1.));
#17200=DIRECTION('',(0.,1.,-4.3264500331414E-15));
#17210=AXIS2_PLACEMENT_3D('',#17180,#17190,#17200);
#17220=PLANE('',#17210);
#17230=CARTESIAN_POINT('',(0.,64.5313990422844,8.26600763311977));
#17240=DIRECTION('',(1.,-3.62457622377811E-14,1.54616737423318E-28));
#17250=VECTOR('',#17240,1.);
#17260=LINE('',#17230,#17250);
#17270=CARTESIAN_POINT('',(279.03428531631,64.5313990422743,
8.26600763311977));
#17280=VERTEX_POINT('',#17270);
#17290=EDGE_CURVE('',#17280,#2900,#17260,.T.);
#17300=ORIENTED_EDGE('',*,*,#17290,.T.);
#17310=CARTESIAN_POINT('',(279.03428531631,62.5113990422795,
8.26600763311978));
#17320=DIRECTION('',(0.,1.,-4.3264500331414E-15));
#17330=VECTOR('',#17320,1.);
#17340=LINE('',#17310,#17330);
#17350=CARTESIAN_POINT('',(279.03428531631,60.4913990422847,
8.26600763311979));
#17360=VERTEX_POINT('',#17350);
#17370=EDGE_CURVE('',#17360,#17280,#17340,.T.);
#17380=ORIENTED_EDGE('',*,*,#17370,.T.);
#17390=CARTESIAN_POINT('',(0.,60.4913990422948,8.26600763311979));
#17400=DIRECTION('',(-1.,3.62457622377811E-14,-1.54616737423318E-28));
#17410=VECTOR('',#17400,1.);
#17420=LINE('',#17390,#17410);
#17430=CARTESIAN_POINT('',(281.58428530817,60.4913990422846,
8.2660076331198));
#17440=VERTEX_POINT('',#17430);
#17450=EDGE_CURVE('',#17440,#17360,#17420,.T.);
#17460=ORIENTED_EDGE('',*,*,#17450,.T.);
#17470=CARTESIAN_POINT('',(281.58428530817,62.5113990422794,
8.26600763311978));
#17480=DIRECTION('',(-3.59187343629949E-14,1.,-4.3264500331414E-15));
#17490=VECTOR('',#17480,1.);
#17500=LINE('',#17470,#17490);
#17510=EDGE_CURVE('',#17440,#2900,#17500,.T.);
#17520=ORIENTED_EDGE('',*,*,#17510,.F.);
#17530=EDGE_LOOP('',(#17520,#17460,#17380,#17300));
#17540=FACE_OUTER_BOUND('',#17530,.T.);
#17550=ADVANCED_FACE('',(#17540),#17220,.F.);
#17560=CARTESIAN_POINT('',(0.,59.2113990422836,6.86600763313762));
#17570=DIRECTION('',(1.,1.50975818452768E-18,-9.31338339782428E-14));
#17580=DIRECTION('',(-9.31338339782428E-14,0.,-1.));
#17590=AXIS2_PLACEMENT_3D('',#17560,#17570,#17580);
#17600=CYLINDRICAL_SURFACE('',#17590,0.3);
#17610=ORIENTED_EDGE('',*,*,#16330,.T.);
#17620=ORIENTED_EDGE('',*,*,#720,.F.);
#17630=ORIENTED_EDGE('',*,*,#7150,.F.);
#17640=CARTESIAN_POINT('',(-2.79401501934728E-14,59.2113990422836,
6.56600763313762));
#17650=DIRECTION('',(1.,1.50975818452768E-18,-9.31338339782428E-14));
#17660=VECTOR('',#17650,1.);
#17670=LINE('',#17640,#17660);
#17680=EDGE_CURVE('',#16320,#7070,#17670,.T.);
#17690=ORIENTED_EDGE('',*,*,#17680,.T.);
#17700=EDGE_LOOP('',(#17690,#17630,#17620,#17610));
#17710=FACE_OUTER_BOUND('',#17700,.T.);
#17720=ADVANCED_FACE('',(#17710),#17600,.T.);
#17730=CARTESIAN_POINT('',(284.984285308169,59.4113990422835,
4.66600763311761));
#17740=DIRECTION('',(-1.,3.62457622377811E-14,1.92788729510363E-16));
#17750=DIRECTION('',(3.62457622377811E-14,1.,-6.31088724176809E-30));
#17760=AXIS2_PLACEMENT_3D('',#17730,#17740,#17750);
#17770=CYLINDRICAL_SURFACE('',#17760,0.5);
#17780=ORIENTED_EDGE('',*,*,#6430,.F.);
#17790=ORIENTED_EDGE('',*,*,#560,.T.);
#17800=ORIENTED_EDGE('',*,*,#13120,.T.);
#17810=CARTESIAN_POINT('',(285.320285308169,59.4113990422835,
4.16600763311761));
#17820=DIRECTION('',(-1.,3.69025976242514E-14,2.09673850137792E-16));
#17830=VECTOR('',#17820,1.);
#17840=LINE('',#17810,#17830);
#17850=EDGE_CURVE('',#13040,#6420,#17840,.T.);
#17860=ORIENTED_EDGE('',*,*,#17850,.F.);
#17870=EDGE_LOOP('',(#17860,#17800,#17790,#17780));
#17880=FACE_OUTER_BOUND('',#17870,.T.);
#17890=ADVANCED_FACE('',(#17880),#17770,.T.);
#17900=CARTESIAN_POINT('',(282.43428531631,70.936399042275,
3.41600769366755));
#17910=DIRECTION('',(-2.75200102077941E-14,-5.40634276912306E-17,-1.));
#17920=DIRECTION('',(1.,-1.48782608193101E-30,-2.75200102077941E-14));
#17930=AXIS2_PLACEMENT_3D('',#17900,#17910,#17920);
#17940=PLANE('',#17930);
#17950=ORIENTED_EDGE('',*,*,#4290,.T.);
#17960=CARTESIAN_POINT('',(0.,61.6113990422743,3.41600769367532));
#17970=DIRECTION('',(1.,0.,-2.75200102077941E-14));
#17980=VECTOR('',#17970,1.);
#17990=LINE('',#17960,#17980);
#18000=CARTESIAN_POINT('',(282.43428531631,61.6113990422743,
3.41600769366755));
#18010=VERTEX_POINT('',#18000);
#18020=EDGE_CURVE('',#18010,#4260,#17990,.T.);
#18030=ORIENTED_EDGE('',*,*,#18020,.T.);
#18040=CARTESIAN_POINT('',(282.43428531631,-1.9999999999994,
3.41600769366755));
#18050=DIRECTION('',(-3.08148791101958E-33,1.,-5.40634276912306E-17));
#18060=VECTOR('',#18050,1.);
#18070=LINE('',#18040,#18060);
#18080=EDGE_CURVE('',#18010,#8180,#18070,.T.);
#18090=ORIENTED_EDGE('',*,*,#18080,.F.);
#18100=ORIENTED_EDGE('',*,*,#8210,.F.);
#18110=CARTESIAN_POINT('',(283.88428531631,63.2113990422742,
3.41600769366751));
#18120=DIRECTION('',(9.31338339782428E-14,3.39066977599751E-14,1.));
#18130=DIRECTION('',(1.,0.,-9.31338339782428E-14));
#18140=AXIS2_PLACEMENT_3D('',#18110,#18120,#18130);
#18150=CIRCLE('',#18140,0.2);
#18160=CARTESIAN_POINT('',(284.08428531631,63.2113990422742,
3.4160076936675));
#18170=VERTEX_POINT('',#18160);
#18180=EDGE_CURVE('',#18170,#8200,#18150,.T.);
#18190=ORIENTED_EDGE('',*,*,#18180,.T.);
#18200=CARTESIAN_POINT('',(284.08428531631,127.022798084549,
3.41600769366534));
#18210=DIRECTION('',(-3.0195163722045E-18,1.,-3.39066977599751E-14));
#18220=VECTOR('',#18210,1.);
#18230=LINE('',#18200,#18220);
#18240=EDGE_CURVE('',#4280,#18170,#18230,.T.);
#18250=ORIENTED_EDGE('',*,*,#18240,.T.);
#18260=EDGE_LOOP('',(#18250,#18190,#18100,#18090,#18030,#17950));
#18270=FACE_BOUND('',#18260,.T.);
#18280=ORIENTED_EDGE('',*,*,#12800,.F.);
#18290=ORIENTED_EDGE('',*,*,#16080,.T.);
#18300=CARTESIAN_POINT('',(277.684285398629,0.,3.41600769366768));
#18310=DIRECTION('',(-3.62457622377811E-14,-1.,5.40634276922278E-17));
#18320=VECTOR('',#18310,1.);
#18330=LINE('',#18300,#18320);
#18340=CARTESIAN_POINT('',(277.684285398629,60.1013990422749,
3.41600769366768));
#18350=VERTEX_POINT('',#18340);
#18360=EDGE_CURVE('',#16010,#18350,#18330,.T.);
#18370=ORIENTED_EDGE('',*,*,#18360,.F.);
#18380=CARTESIAN_POINT('',(-1.37600051038971E-14,60.1013990422749,
3.41600769367532));
#18390=DIRECTION('',(-1.,0.,2.75200102077941E-14));
#18400=VECTOR('',#18390,1.);
#18410=LINE('',#18380,#18400);
#18420=EDGE_CURVE('',#12790,#18350,#18410,.T.);
#18430=ORIENTED_EDGE('',*,*,#18420,.T.);
#18440=EDGE_LOOP('',(#18430,#18370,#18290,#18280));
#18450=FACE_OUTER_BOUND('',#18440,.T.);
#18460=ADVANCED_FACE('',(#18270,#18450),#17940,.T.);
#18470=CARTESIAN_POINT('',(276.884285398628,58.9113990422836,
6.56600763311184));
#18480=DIRECTION('',(9.31338339782428E-14,1.69803805938331E-14,1.));
#18490=DIRECTION('',(1.,1.5097581845208E-18,-9.31338339782428E-14));
#18500=AXIS2_PLACEMENT_3D('',#18470,#18480,#18490);
#18510=PLANE('',#18500);
#18520=CARTESIAN_POINT('',(274.234285398629,-1.69803805938331E-14,
6.56600763311309));
#18530=DIRECTION('',(1.50975818610225E-18,-1.,1.69803805938332E-14));
#18540=VECTOR('',#18530,1.);
#18550=LINE('',#18520,#18540);
#18560=CARTESIAN_POINT('',(274.234285398629,59.8113990422836,
6.56600763311207));
#18570=VERTEX_POINT('',#18560);
#18580=EDGE_CURVE('',#18570,#16320,#18550,.T.);
#18590=ORIENTED_EDGE('',*,*,#18580,.F.);
#18600=ORIENTED_EDGE('',*,*,#17680,.F.);
#18610=ORIENTED_EDGE('',*,*,#7080,.F.);
#18620=CARTESIAN_POINT('',(-2.79401501934728E-14,59.8113990422836,
6.56600763313761));
#18630=DIRECTION('',(-1.,-1.50975818452768E-18,9.31338339782428E-14));
#18640=VECTOR('',#18630,1.);
#18650=LINE('',#18620,#18640);
#18660=EDGE_CURVE('',#6990,#18570,#18650,.T.);
#18670=ORIENTED_EDGE('',*,*,#18660,.F.);
#18680=EDGE_LOOP('',(#18670,#18610,#18600,#18590));
#18690=FACE_OUTER_BOUND('',#18680,.T.);
#18700=ADVANCED_FACE('',(#18690),#18510,.F.);
#18710=CARTESIAN_POINT('',(281.73428530817,62.5113990422794,
8.41600763311978));
#18720=DIRECTION('',(0.707106781187073,2.23391184828341E-14,
-0.707106781186022));
#18730=DIRECTION('',(-0.707106781186022,-3.34953057852785E-14,
-0.707106781187073));
#18740=AXIS2_PLACEMENT_3D('',#18710,#18720,#18730);
#18750=PLANE('',#18740);
#18760=ORIENTED_EDGE('',*,*,#2990,.T.);
#18770=ORIENTED_EDGE('',*,*,#17510,.T.);
#18780=CARTESIAN_POINT('',(221.09288626598,0.,-52.2253914091624));
#18790=DIRECTION('',(-0.577350269189034,-0.577350269189933,
-0.57735026918991));
#18800=VECTOR('',#18790,1.);
#18810=LINE('',#18780,#18800);
#18820=EDGE_CURVE('',#4670,#17440,#18810,.T.);
#18830=ORIENTED_EDGE('',*,*,#18820,.T.);
#18840=ORIENTED_EDGE('',*,*,#4680,.F.);
#18850=EDGE_LOOP('',(#18840,#18830,#18770,#18760));
#18860=FACE_OUTER_BOUND('',#18850,.T.);
#18870=ADVANCED_FACE('',(#18860),#18750,.T.);
#18880=CARTESIAN_POINT('',(273.534285398628,59.2113990422835,0.));
#18890=DIRECTION('',(-9.31338339782428E-14,-1.69803805938331E-14,-1.));
#18900=DIRECTION('',(-1.,0.,9.31338339782428E-14));
#18910=AXIS2_PLACEMENT_3D('',#18880,#18890,#18900);
#18920=CYLINDRICAL_SURFACE('',#18910,0.3);
#18930=ORIENTED_EDGE('',*,*,#16230,.F.);
#18940=ORIENTED_EDGE('',*,*,#4040,.T.);
#18950=ORIENTED_EDGE('',*,*,#11050,.T.);
#18960=ORIENTED_EDGE('',*,*,#890,.F.);
#18970=EDGE_LOOP('',(#18960,#18950,#18940,#18930));
#18980=FACE_OUTER_BOUND('',#18970,.T.);
#18990=ADVANCED_FACE('',(#18980),#18920,.T.);
#19000=CARTESIAN_POINT('',(275.941807512093,61.2613990422753,
10.9660076493946));
#19010=DIRECTION('',(-9.32572243103271E-14,-1.,9.32572243103271E-14));
#19020=DIRECTION('',(-1.,9.32572243103271E-14,4.54151021774503E-30));
#19030=AXIS2_PLACEMENT_3D('',#19000,#19010,#19020);
#19040=PLANE('',#19030);
#19050=CARTESIAN_POINT('',(278.632346094452,61.2613990422747,
7.06600763311757));
#19060=DIRECTION('',(1.,-9.32572243103271E-14,-4.54151021774503E-30));
#19070=VECTOR('',#19060,1.);
#19080=LINE('',#19050,#19070);
#19090=CARTESIAN_POINT('',(276.48428530817,61.2613990422749,
7.06600763311757));
#19100=VERTEX_POINT('',#19090);
#19110=CARTESIAN_POINT('',(277.034285398629,61.2613990422749,
7.06600763311757));
#19120=VERTEX_POINT('',#19110);
#19130=EDGE_CURVE('',#19100,#19120,#19080,.T.);
#19140=ORIENTED_EDGE('',*,*,#19130,.T.);
#19150=CARTESIAN_POINT('',(276.48428530817,61.261399042275,
7.9660076331175));
#19160=DIRECTION('',(9.32572243103271E-14,1.,4.85722573273506E-17));
#19170=DIRECTION('',(-1.17963209093718E-32,4.85722573273506E-17,-1.));
#19180=AXIS2_PLACEMENT_3D('',#19150,#19160,#19170);
#19190=CIRCLE('',#19180,0.89999999999993);
#19200=EDGE_CURVE('',#19100,#15220,#19190,.T.);
#19210=ORIENTED_EDGE('',*,*,#19200,.F.);
#19220=ORIENTED_EDGE('',*,*,#15230,.T.);
#19230=CARTESIAN_POINT('',(275.83428530817,61.2613990422746,
12.3160076331124));
#19240=DIRECTION('',(-1.,9.32572243103271E-14,4.54151021774503E-30));
#19250=VECTOR('',#19240,1.);
#19260=LINE('',#19230,#19250);
#19270=CARTESIAN_POINT('',(276.08428530817,61.2613990422755,
12.3160076331143));
#19280=VERTEX_POINT('',#19270);
#19290=EDGE_CURVE('',#19280,#15140,#19260,.T.);
#19300=ORIENTED_EDGE('',*,*,#19290,.T.);
#19310=CARTESIAN_POINT('',(276.08428530817,61.2613990422753,
3.98060945344297));
#19320=DIRECTION('',(8.70142780364258E-27,9.33543688249818E-14,-1.));
#19330=VECTOR('',#19320,1.);
#19340=LINE('',#19310,#19330);
#19350=CARTESIAN_POINT('',(276.08428530817,61.261399042275,
7.9660076331175));
#19360=VERTEX_POINT('',#19350);
#19370=EDGE_CURVE('',#19280,#19360,#19340,.T.);
#19380=ORIENTED_EDGE('',*,*,#19370,.F.);
#19390=CARTESIAN_POINT('',(276.48428530817,61.261399042275,
7.9660076331175));
#19400=DIRECTION('',(9.32572243103271E-14,1.,4.85722573273506E-17));
#19410=DIRECTION('',(-1.17963209093718E-32,4.85722573273506E-17,-1.));
#19420=AXIS2_PLACEMENT_3D('',#19390,#19400,#19410);
#19430=CIRCLE('',#19420,0.4);
#19440=EDGE_CURVE('',#13790,#19360,#19430,.T.);
#19450=ORIENTED_EDGE('',*,*,#19440,.T.);
#19460=ORIENTED_EDGE('',*,*,#14040,.T.);
#19470=CARTESIAN_POINT('',(277.034285398629,61.2613990422742,0.));
#19480=DIRECTION('',(0.,-9.32572243103271E-14,-1.));
#19490=VECTOR('',#19480,1.);
#19500=LINE('',#19470,#19490);
#19510=EDGE_CURVE('',#13970,#19120,#19500,.T.);
#19520=ORIENTED_EDGE('',*,*,#19510,.F.);
#19530=EDGE_LOOP('',(#19520,#19460,#19450,#19380,#19300,#19220,#19210,
#19140));
#19540=FACE_OUTER_BOUND('',#19530,.T.);
#19550=ADVANCED_FACE('',(#19540),#19040,.T.);
#19560=CARTESIAN_POINT('',(278.534285398629,59.9413990422836,
10.7160076331112));
#19570=DIRECTION('',(0.,0.,-1.));
#19580=DIRECTION('',(-1.,0.,0.));
#19590=AXIS2_PLACEMENT_3D('',#19560,#19570,#19580);
#19600=CONICAL_SURFACE('',#19590,0.349999999999994,0.785398163397461);
#19610=ORIENTED_EDGE('',*,*,#10020,.F.);
#19620=CARTESIAN_POINT('',(278.184285398629,59.9413990422836,
10.7160076331112));
#19630=DIRECTION('',(-0.707106781186585,0.,-0.70710678118651));
#19640=VECTOR('',#19630,0.494974746830589);
#19650=LINE('',#19620,#19640);
#19660=CARTESIAN_POINT('',(277.984285398629,59.9413990422836,
10.5160076331112));
#19670=VERTEX_POINT('',#19660);
#19680=EDGE_CURVE('',#9950,#19670,#19650,.T.);
#19690=ORIENTED_EDGE('',*,*,#19680,.F.);
#19700=CARTESIAN_POINT('',(278.534285398629,59.9413990422836,
10.5160076331112));
#19710=DIRECTION('',(4.44628146325591E-18,1.64313007644524E-14,1.));
#19720=DIRECTION('',(0.,1.,-1.64313007644524E-14));
#19730=AXIS2_PLACEMENT_3D('',#19700,#19710,#19720);
#19740=CIRCLE('',#19730,0.549999999999997);
#19750=CARTESIAN_POINT('',(278.534285398629,60.4913990422836,
10.5160076331112));
#19760=VERTEX_POINT('',#19750);
#19770=EDGE_CURVE('',#19760,#19670,#19740,.T.);
#19780=ORIENTED_EDGE('',*,*,#19770,.T.);
#19790=CARTESIAN_POINT('',(279.084285398629,59.9413990422836,
10.5160076331112));
#19800=VERTEX_POINT('',#19790);
#19810=EDGE_CURVE('',#19800,#19760,#19740,.T.);
#19820=ORIENTED_EDGE('',*,*,#19810,.T.);
#19830=CARTESIAN_POINT('',(278.884285398629,59.9413990422836,
10.7160076331112));
#19840=DIRECTION('',(0.707106781186585,0.,-0.70710678118651));
#19850=VECTOR('',#19840,0.494974746830589);
#19860=LINE('',#19830,#19850);
#19870=EDGE_CURVE('',#9970,#19800,#19860,.T.);
#19880=ORIENTED_EDGE('',*,*,#19870,.T.);
#19890=ORIENTED_EDGE('',*,*,#10040,.F.);
#19900=EDGE_LOOP('',(#19890,#19880,#19820,#19780,#19690,#19610));
#19910=FACE_OUTER_BOUND('',#19900,.T.);
#19920=ADVANCED_FACE('',(#19910),#19600,.T.);
#19930=CARTESIAN_POINT('',(274.234285398629,0.,7.56600763311309));
#19940=DIRECTION('',(1.50975818610225E-18,-1.,1.69803805938332E-14));
#19950=DIRECTION('',(0.,1.69803805938332E-14,1.));
#19960=AXIS2_PLACEMENT_3D('',#19930,#19940,#19950);
#19970=CYLINDRICAL_SURFACE('',#19960,1.);
#19980=ORIENTED_EDGE('',*,*,#4100,.F.);
#19990=ORIENTED_EDGE('',*,*,#16400,.F.);
#20000=ORIENTED_EDGE('',*,*,#18580,.T.);
#20010=CARTESIAN_POINT('',(274.234285398629,59.8113990422836,
7.56600763311207));
#20020=DIRECTION('',(1.50975818610225E-18,-1.,1.69803805938332E-14));
#20030=DIRECTION('',(0.,1.69803805938332E-14,1.));
#20040=AXIS2_PLACEMENT_3D('',#20010,#20020,#20030);
#20050=CIRCLE('',#20040,1.);
#20060=EDGE_CURVE('',#3850,#18570,#20050,.T.);
#20070=ORIENTED_EDGE('',*,*,#20060,.T.);
#20080=EDGE_LOOP('',(#20070,#20000,#19990,#19980));
#20090=FACE_OUTER_BOUND('',#20080,.T.);
#20100=ADVANCED_FACE('',(#20090),#19970,.T.);
#20110=CARTESIAN_POINT('',(278.88428531631,66.1113990422752,
8.39600763311196));
#20120=DIRECTION('',(1.92788729511315E-16,2.62767949475837E-14,1.));
#20130=DIRECTION('',(3.62457622377811E-14,1.,-2.62767949475837E-14));
#20140=AXIS2_PLACEMENT_3D('',#20110,#20120,#20130);
#20150=PLANE('',#20140);
#20160=ORIENTED_EDGE('',*,*,#7970,.T.);
#20170=ORIENTED_EDGE('',*,*,#6670,.F.);
#20180=CARTESIAN_POINT('',(0.,61.086399042274,8.39600763311167));
#20190=DIRECTION('',(-1.,-3.01951637225469E-18,-1.47585118625098E-15));
#20200=VECTOR('',#20190,1.);
#20210=LINE('',#20180,#20200);
#20220=CARTESIAN_POINT('',(277.034285398629,61.086399042274,
8.39600763311209));
#20230=VERTEX_POINT('',#20220);
#20240=EDGE_CURVE('',#20230,#6580,#20210,.T.);
#20250=ORIENTED_EDGE('',*,*,#20240,.T.);
#20260=CARTESIAN_POINT('',(277.034285398629,-13.9999999999994,
8.39600763311417));
#20270=DIRECTION('',(0.,1.,-2.62767949475837E-14));
#20280=VECTOR('',#20270,1.);
#20290=LINE('',#20260,#20280);
#20300=CARTESIAN_POINT('',(277.034285398629,63.9363990422838,
8.39600763311201));
#20310=VERTEX_POINT('',#20300);
#20320=EDGE_CURVE('',#20230,#20310,#20290,.T.);
#20330=ORIENTED_EDGE('',*,*,#20320,.F.);
#20340=CARTESIAN_POINT('',(0.,63.9363990422838,8.39600763311167));
#20350=DIRECTION('',(-1.,-1.50975818615234E-18,-1.47585118625098E-15));
#20360=VECTOR('',#20350,1.);
#20370=LINE('',#20340,#20360);
#20380=EDGE_CURVE('',#20310,#16980,#20370,.T.);
#20390=ORIENTED_EDGE('',*,*,#20380,.F.);
#20400=ORIENTED_EDGE('',*,*,#16990,.F.);
#20410=ORIENTED_EDGE('',*,*,#1610,.T.);
#20420=ORIENTED_EDGE('',*,*,#16540,.F.);
#20430=EDGE_LOOP('',(#20420,#20410,#20400,#20390,#20330,#20250,#20170,
#20160));
#20440=FACE_OUTER_BOUND('',#20430,.T.);
#20450=ADVANCED_FACE('',(#20440),#20150,.T.);
#20460=CARTESIAN_POINT('',(278.88428531631,62.5113990422746,
6.2660076358537));
#20470=DIRECTION('',(1.,0.,0.));
#20480=DIRECTION('',(0.,-1.,0.));
#20490=AXIS2_PLACEMENT_3D('',#20460,#20470,#20480);
#20500=PLANE('',#20490);
#20510=CARTESIAN_POINT('',(278.88428531631,0.,7.06600763311757));
#20520=DIRECTION('',(0.,1.,4.85722573273506E-17));
#20530=VECTOR('',#20520,1.);
#20540=LINE('',#20510,#20530);
#20550=CARTESIAN_POINT('',(278.88428531631,63.2613990422747,
7.06600763311757));
#20560=VERTEX_POINT('',#20550);
#20570=CARTESIAN_POINT('',(278.88428531631,63.761399042275,
7.06600763311757));
#20580=VERTEX_POINT('',#20570);
#20590=EDGE_CURVE('',#20560,#20580,#20540,.T.);
#20600=ORIENTED_EDGE('',*,*,#20590,.F.);
#20610=CARTESIAN_POINT('',(278.88428531631,63.761399042274,0.));
#20620=DIRECTION('',(0.,9.32572243103271E-14,1.));
#20630=VECTOR('',#20620,1.);
#20640=LINE('',#20610,#20630);
#20650=CARTESIAN_POINT('',(278.88428531631,63.761399042275,
7.5660076331175));
#20660=VERTEX_POINT('',#20650);
#20670=EDGE_CURVE('',#20580,#20660,#20640,.T.);
#20680=ORIENTED_EDGE('',*,*,#20670,.F.);
#20690=CARTESIAN_POINT('',(278.88428531631,0.,7.5660076331175));
#20700=DIRECTION('',(0.,1.,4.85722573273506E-17));
#20710=VECTOR('',#20700,1.);
#20720=LINE('',#20690,#20710);
#20730=CARTESIAN_POINT('',(278.88428531631,63.2613990422748,
7.5660076331175));
#20740=VERTEX_POINT('',#20730);
#20750=EDGE_CURVE('',#20740,#20660,#20720,.T.);
#20760=ORIENTED_EDGE('',*,*,#20750,.T.);
#20770=CARTESIAN_POINT('',(278.88428531631,63.2613990422741,0.));
#20780=DIRECTION('',(0.,-9.32572243103271E-14,-1.));
#20790=VECTOR('',#20780,1.);
#20800=LINE('',#20770,#20790);
#20810=EDGE_CURVE('',#20740,#20560,#20800,.T.);
#20820=ORIENTED_EDGE('',*,*,#20810,.F.);
#20830=EDGE_LOOP('',(#20820,#20760,#20680,#20600));
#20840=FACE_BOUND('',#20830,.T.);
#20850=CARTESIAN_POINT('',(278.88428531631,0.,7.06600763311757));
#20860=DIRECTION('',(0.,1.,4.85722573273506E-17));
#20870=VECTOR('',#20860,1.);
#20880=LINE('',#20850,#20870);
#20890=CARTESIAN_POINT('',(278.88428531631,61.2613990422747,
7.06600763311757));
#20900=VERTEX_POINT('',#20890);
#20910=CARTESIAN_POINT('',(278.88428531631,61.761399042275,
7.06600763311757));
#20920=VERTEX_POINT('',#20910);
#20930=EDGE_CURVE('',#20900,#20920,#20880,.T.);
#20940=ORIENTED_EDGE('',*,*,#20930,.F.);
#20950=CARTESIAN_POINT('',(278.88428531631,61.761399042274,0.));
#20960=DIRECTION('',(0.,9.32572243103271E-14,1.));
#20970=VECTOR('',#20960,1.);
#20980=LINE('',#20950,#20970);
#20990=CARTESIAN_POINT('',(278.88428531631,61.761399042275,
7.5660076331175));
#21000=VERTEX_POINT('',#20990);
#21010=EDGE_CURVE('',#20920,#21000,#20980,.T.);
#21020=ORIENTED_EDGE('',*,*,#21010,.F.);
#21030=CARTESIAN_POINT('',(278.88428531631,0.,7.5660076331175));
#21040=DIRECTION('',(0.,1.,4.85722573273506E-17));
#21050=VECTOR('',#21040,1.);
#21060=LINE('',#21030,#21050);
#21070=CARTESIAN_POINT('',(278.88428531631,61.2613990422748,
7.5660076331175));
#21080=VERTEX_POINT('',#21070);
#21090=EDGE_CURVE('',#21080,#21000,#21060,.T.);
#21100=ORIENTED_EDGE('',*,*,#21090,.T.);
#21110=CARTESIAN_POINT('',(278.88428531631,61.2613990422741,0.));
#21120=DIRECTION('',(0.,-9.32572243103271E-14,-1.));
#21130=VECTOR('',#21120,1.);
#21140=LINE('',#21110,#21130);
#21150=EDGE_CURVE('',#21080,#20900,#21140,.T.);
#21160=ORIENTED_EDGE('',*,*,#21150,.F.);
#21170=EDGE_LOOP('',(#21160,#21100,#21020,#20940));
#21180=FACE_BOUND('',#21170,.T.);
#21190=ORIENTED_EDGE('',*,*,#15540,.F.);
#21200=ORIENTED_EDGE('',*,*,#1430,.F.);
#21210=CARTESIAN_POINT('',(278.88428531631,60.8113990422749,
4.01600763858761));
#21220=DIRECTION('',(0.,0.,1.));
#21230=VECTOR('',#21220,1.);
#21240=LINE('',#21210,#21230);
#21250=CARTESIAN_POINT('',(278.88428531631,60.8113990422749,
4.16600763858758));
#21260=VERTEX_POINT('',#21250);
#21270=EDGE_CURVE('',#21260,#1360,#21240,.T.);
#21280=ORIENTED_EDGE('',*,*,#21270,.T.);
#21290=CARTESIAN_POINT('',(278.88428531631,60.5463990422749,
4.16600763858761));
#21300=DIRECTION('',(0.,1.,8.3790416952842E-16));
#21310=VECTOR('',#21300,1.);
#21320=LINE('',#21290,#21310);
#21330=EDGE_CURVE('',#9560,#21260,#21320,.T.);
#21340=ORIENTED_EDGE('',*,*,#21330,.T.);
#21350=ORIENTED_EDGE('',*,*,#9570,.T.);
#21360=CARTESIAN_POINT('',(278.88428531631,0.,5.55184096644982));
#21370=DIRECTION('',(0.,-1.,-1.49923685165776E-14));
#21380=VECTOR('',#21370,1.);
#21390=LINE('',#21360,#21380);
#21400=CARTESIAN_POINT('',(278.88428531631,60.4913990422847,
5.55184096645085));
#21410=VERTEX_POINT('',#21400);
#21420=EDGE_CURVE('',#21410,#9480,#21390,.T.);
#21430=ORIENTED_EDGE('',*,*,#21420,.T.);
#21440=CARTESIAN_POINT('',(278.88428531631,60.4913990422846,0.));
#21450=DIRECTION('',(1.9278872951096E-16,1.65333902379811E-14,1.));
#21460=VECTOR('',#21450,1.);
#21470=LINE('',#21440,#21460);
#21480=CARTESIAN_POINT('',(278.88428531631,60.4913990422847,
8.11600763311979));
#21490=VERTEX_POINT('',#21480);
#21500=EDGE_CURVE('',#21410,#21490,#21470,.T.);
#21510=ORIENTED_EDGE('',*,*,#21500,.F.);
#21520=CARTESIAN_POINT('',(278.88428531631,62.5113990422795,
8.11600763311978));
#21530=DIRECTION('',(0.,1.,-4.3264500331414E-15));
#21540=VECTOR('',#21530,1.);
#21550=LINE('',#21520,#21540);
#21560=CARTESIAN_POINT('',(278.88428531631,64.5313990422743,
8.11600763311977));
#21570=VERTEX_POINT('',#21560);
#21580=EDGE_CURVE('',#21490,#21570,#21550,.T.);
#21590=ORIENTED_EDGE('',*,*,#21580,.F.);
#21600=CARTESIAN_POINT('',(278.88428531631,64.5313990422742,0.));
#21610=DIRECTION('',(-1.92788729510954E-16,-1.63292112909237E-14,-1.));
#21620=VECTOR('',#21610,1.);
#21630=LINE('',#21600,#21620);
#21640=CARTESIAN_POINT('',(278.88428531631,64.5313990422743,
5.55184096645074));
#21650=VERTEX_POINT('',#21640);
#21660=EDGE_CURVE('',#21570,#21650,#21630,.T.);
#21670=ORIENTED_EDGE('',*,*,#21660,.F.);
#21680=CARTESIAN_POINT('',(278.88428531631,0.,5.55184096645204));
#21690=DIRECTION('',(0.,1.,-2.00665523298499E-14));
#21700=VECTOR('',#21690,1.);
#21710=LINE('',#21680,#21700);
#21720=CARTESIAN_POINT('',(278.88428531631,64.7413990422745,
5.55184096645074));
#21730=VERTEX_POINT('',#21720);
#21740=EDGE_CURVE('',#21650,#21730,#21710,.T.);
#21750=ORIENTED_EDGE('',*,*,#21740,.F.);
#21760=CARTESIAN_POINT('',(278.88428531631,64.7413990422743,0.));
#21770=DIRECTION('',(-1.92788729511593E-16,-3.39607611876663E-14,-1.));
#21780=VECTOR('',#21770,1.);
#21790=LINE('',#21760,#21780);
#21800=CARTESIAN_POINT('',(278.88428531631,64.7413990422745,
4.16600763858759));
#21810=VERTEX_POINT('',#21800);
#21820=EDGE_CURVE('',#21730,#21810,#21790,.T.);
#21830=ORIENTED_EDGE('',*,*,#21820,.F.);
#21840=CARTESIAN_POINT('',(278.88428531631,64.4763990422745,
4.16600763858761));
#21850=DIRECTION('',(0.,-1.,0.));
#21860=VECTOR('',#21850,1.);
#21870=LINE('',#21840,#21860);
#21880=EDGE_CURVE('',#21810,#15530,#21870,.T.);
#21890=ORIENTED_EDGE('',*,*,#21880,.F.);
#21900=EDGE_LOOP('',(#21890,#21830,#21750,#21670,#21590,#21510,#21430,
#21350,#21340,#21280,#21200,#21190));
#21910=FACE_OUTER_BOUND('',#21900,.T.);
#21920=ADVANCED_FACE('',(#20840,#21180,#21910),#20500,.T.);
#21930=CARTESIAN_POINT('',(278.95928531631,64.4763990422745,
4.09100763858761));
#21940=DIRECTION('',(-0.707106781186602,-0.,-0.707106781186493));
#21950=DIRECTION('',(0.707106781186493,0.,-0.707106781186602));
#21960=AXIS2_PLACEMENT_3D('',#21930,#21940,#21950);
#21970=PLANE('',#21960);
#21980=CARTESIAN_POINT('',(283.050292954897,64.7413990422743,0.));
#21990=DIRECTION('',(0.707106781186493,-2.4008572907519E-14,
-0.707106781186602));
#22000=VECTOR('',#21990,1.);
#22010=LINE('',#21980,#22000);
#22020=CARTESIAN_POINT('',(279.03428531631,64.7413990422745,
4.01600763858761));
#22030=VERTEX_POINT('',#22020);
#22040=EDGE_CURVE('',#21810,#22030,#22010,.T.);
#22050=ORIENTED_EDGE('',*,*,#22040,.F.);
#22060=CARTESIAN_POINT('',(279.03428531631,64.4763990422745,
4.01600763858761));
#22070=DIRECTION('',(0.,-1.,0.));
#22080=VECTOR('',#22070,1.);
#22090=LINE('',#22060,#22080);
#22100=EDGE_CURVE('',#22030,#15610,#22090,.T.);
#22110=ORIENTED_EDGE('',*,*,#22100,.F.);
#22120=ORIENTED_EDGE('',*,*,#15620,.F.);
#22130=ORIENTED_EDGE('',*,*,#21880,.T.);
#22140=EDGE_LOOP('',(#22130,#22120,#22110,#22050));
#22150=FACE_OUTER_BOUND('',#22140,.T.);
#22160=ADVANCED_FACE('',(#22150),#21970,.F.);
#22170=CARTESIAN_POINT('',(276.48428530817,61.261399042275,
7.9660076331175));
#22180=DIRECTION('',(-9.32572243103271E-14,-1.,-4.85722573273506E-17));
#22190=DIRECTION('',(1.,-9.32572243103271E-14,-4.54151021774503E-30));
#22200=AXIS2_PLACEMENT_3D('',#22170,#22180,#22190);
#22210=CYLINDRICAL_SURFACE('',#22200,0.899999999999901);
#22220=CARTESIAN_POINT('',(276.48428530817,61.761399042275,
7.9660076331175));
#22230=DIRECTION('',(9.32572243103271E-14,1.,4.85722573273506E-17));
#22240=DIRECTION('',(-1.17963209093718E-32,4.85722573273506E-17,-1.));
#22250=AXIS2_PLACEMENT_3D('',#22220,#22230,#22240);
#22260=CIRCLE('',#22250,0.89999999999993);
#22270=CARTESIAN_POINT('',(276.48428530817,61.7613990422749,
7.06600763311757));
#22280=VERTEX_POINT('',#22270);
#22290=EDGE_CURVE('',#22280,#15040,#22260,.T.);
#22300=ORIENTED_EDGE('',*,*,#22290,.F.);
#22310=ORIENTED_EDGE('',*,*,#15290,.T.);
#22320=ORIENTED_EDGE('',*,*,#19200,.T.);
#22330=CARTESIAN_POINT('',(276.48428530817,61.4973440884483,
7.06600763311757));
#22340=DIRECTION('',(9.32572243103271E-14,1.,4.85722573273506E-17));
#22350=VECTOR('',#22340,1.);
#22360=LINE('',#22330,#22350);
#22370=EDGE_CURVE('',#19100,#22280,#22360,.T.);
#22380=ORIENTED_EDGE('',*,*,#22370,.F.);
#22390=EDGE_LOOP('',(#22380,#22320,#22310,#22300));
#22400=FACE_OUTER_BOUND('',#22390,.T.);
#22410=ADVANCED_FACE('',(#22400),#22210,.T.);
#22420=CARTESIAN_POINT('',(0.,59.8113990422836,6.86600763313761));
#22430=DIRECTION('',(-1.,-1.50975818452768E-18,9.31338339782428E-14));
#22440=DIRECTION('',(9.31338339782428E-14,0.,1.));
#22450=AXIS2_PLACEMENT_3D('',#22420,#22430,#22440);
#22460=CYLINDRICAL_SURFACE('',#22450,0.3);
#22470=CARTESIAN_POINT('',(274.234285398629,59.8113990422836,
6.86600763311207));
#22480=DIRECTION('',(1.,1.50975818334448E-18,-1.62409121134515E-13));
#22490=DIRECTION('',(-1.62409121134515E-13,0.,-1.));
#22500=AXIS2_PLACEMENT_3D('',#22470,#22480,#22490);
#22510=CIRCLE('',#22500,0.3);
#22520=EDGE_CURVE('',#18570,#9160,#22510,.T.);
#22530=ORIENTED_EDGE('',*,*,#22520,.T.);
#22540=ORIENTED_EDGE('',*,*,#18660,.T.);
#22550=ORIENTED_EDGE('',*,*,#7000,.T.);
#22560=ORIENTED_EDGE('',*,*,#9230,.F.);
#22570=EDGE_LOOP('',(#22560,#22550,#22540,#22530));
#22580=FACE_OUTER_BOUND('',#22570,.T.);
#22590=ADVANCED_FACE('',(#22580),#22460,.T.);
#22600=CARTESIAN_POINT('',(273.534285398628,65.8113990422748,0.));
#22610=DIRECTION('',(-9.31338339782428E-14,-1.69803805938331E-14,-1.));
#22620=DIRECTION('',(-1.,0.,9.31338339782428E-14));
#22630=AXIS2_PLACEMENT_3D('',#22600,#22610,#22620);
#22640=CYLINDRICAL_SURFACE('',#22630,0.3);
#22650=ORIENTED_EDGE('',*,*,#10830,.T.);
#22660=CARTESIAN_POINT('',(273.234285398628,65.8113990422748,
2.79401501934728E-14));
#22670=DIRECTION('',(-9.31338339782428E-14,-1.69803805938331E-14,-1.));
#22680=VECTOR('',#22670,1.);
#22690=LINE('',#22660,#22680);
#22700=EDGE_CURVE('',#10730,#3200,#22690,.T.);
#22710=ORIENTED_EDGE('',*,*,#22700,.F.);
#22720=CARTESIAN_POINT('',(273.534285398629,65.811399042275,
7.56600763311204));
#22730=DIRECTION('',(9.32587340685131E-14,1.69803805938332E-14,1.));
#22740=DIRECTION('',(1.,0.,-9.32587340685131E-14));
#22750=AXIS2_PLACEMENT_3D('',#22720,#22730,#22740);
#22760=CIRCLE('',#22750,0.3);
#22770=CARTESIAN_POINT('',(273.534285398629,66.111399042275,
7.56600763311203));
#22780=VERTEX_POINT('',#22770);
#22790=EDGE_CURVE('',#22780,#3200,#22760,.T.);
#22800=ORIENTED_EDGE('',*,*,#22790,.T.);
#22810=CARTESIAN_POINT('',(273.534285398628,66.1113990422748,
-5.09411417814994E-15));
#22820=DIRECTION('',(-9.31338339782428E-14,-1.69803805938331E-14,-1.));
#22830=VECTOR('',#22820,1.);
#22840=LINE('',#22810,#22830);
#22850=EDGE_CURVE('',#10820,#22780,#22840,.T.);
#22860=ORIENTED_EDGE('',*,*,#22850,.T.);
#22870=EDGE_LOOP('',(#22860,#22800,#22710,#22650));
#22880=FACE_OUTER_BOUND('',#22870,.T.);
#22890=ADVANCED_FACE('',(#22880),#22640,.T.);
#22900=CARTESIAN_POINT('',(283.88428531631,63.2113990422741,0.));
#22910=DIRECTION('',(9.31338339782428E-14,3.39066977599751E-14,1.));
#22920=DIRECTION('',(1.,0.,-9.31338339782428E-14));
#22930=AXIS2_PLACEMENT_3D('',#22900,#22910,#22920);
#22940=CYLINDRICAL_SURFACE('',#22930,0.2);
#22950=CARTESIAN_POINT('',(283.88428531631,63.2113990422743,
4.41600763858715));
#22960=DIRECTION('',(9.31338339782428E-14,3.39066977599751E-14,1.));
#22970=DIRECTION('',(1.,0.,-9.31338339782428E-14));
#22980=AXIS2_PLACEMENT_3D('',#22950,#22960,#22970);
#22990=CIRCLE('',#22980,0.2);
#23000=CARTESIAN_POINT('',(284.08428531631,63.2113990422743,
4.41600763858713));
#23010=VERTEX_POINT('',#23000);
#23020=EDGE_CURVE('',#23010,#8360,#22990,.T.);
#23030=ORIENTED_EDGE('',*,*,#23020,.T.);
#23040=CARTESIAN_POINT('',(284.084285316309,63.2113990422741,
-1.86267667956486E-14));
#23050=DIRECTION('',(9.31338339782428E-14,3.39066977599751E-14,1.));
#23060=VECTOR('',#23050,1.);
#23070=LINE('',#23040,#23060);
#23080=EDGE_CURVE('',#18170,#23010,#23070,.T.);
#23090=ORIENTED_EDGE('',*,*,#23080,.T.);
#23100=ORIENTED_EDGE('',*,*,#18180,.F.);
#23110=ORIENTED_EDGE('',*,*,#8430,.F.);
#23120=EDGE_LOOP('',(#23110,#23100,#23090,#23030));
#23130=FACE_OUTER_BOUND('',#23120,.T.);
#23140=ADVANCED_FACE('',(#23130),#22940,.F.);
#23150=CARTESIAN_POINT('',(278.88428531631,60.8113990422749,
4.01600763858761));
#23160=DIRECTION('',(0.,8.3790416952842E-16,-1.));
#23170=DIRECTION('',(0.,-1.,-8.3790416952842E-16));
#23180=AXIS2_PLACEMENT_3D('',#23150,#23160,#23170);
#23190=PLANE('',#23180);
#23200=CARTESIAN_POINT('',(279.03428531631,60.5463990422749,
4.01600763858761));
#23210=DIRECTION('',(0.,1.,8.3790416952842E-16));
#23220=VECTOR('',#23210,1.);
#23230=LINE('',#23200,#23220);
#23240=CARTESIAN_POINT('',(279.03428531631,60.8113990422749,
4.01600763858761));
#23250=VERTEX_POINT('',#23240);
#23260=EDGE_CURVE('',#9640,#23250,#23230,.T.);
#23270=ORIENTED_EDGE('',*,*,#23260,.F.);
#23280=CARTESIAN_POINT('',(278.88428531631,60.8113990422749,
4.01600763858761));
#23290=DIRECTION('',(1.,0.,0.));
#23300=VECTOR('',#23290,1.);
#23310=LINE('',#23280,#23300);
#23320=CARTESIAN_POINT('',(284.984285308169,60.8113990422749,
4.01600763858761));
#23330=VERTEX_POINT('',#23320);
#23340=EDGE_CURVE('',#23250,#23330,#23310,.T.);
#23350=ORIENTED_EDGE('',*,*,#23340,.F.);
#23360=CARTESIAN_POINT('',(284.984285308169,60.696399042275,
4.01600763858761));
#23370=DIRECTION('',(3.62457622377811E-14,1.,8.37904169528422E-16));
#23380=VECTOR('',#23370,1.);
#23390=LINE('',#23360,#23380);
#23400=EDGE_CURVE('',#9720,#23330,#23390,.T.);
#23410=ORIENTED_EDGE('',*,*,#23400,.T.);
#23420=ORIENTED_EDGE('',*,*,#9730,.T.);
#23430=EDGE_LOOP('',(#23420,#23410,#23350,#23270));
#23440=FACE_OUTER_BOUND('',#23430,.T.);
#23450=ADVANCED_FACE('',(#23440),#23190,.F.);
#23460=CARTESIAN_POINT('',(278.534285398629,65.081399042275,
9.81600763311107));
#23470=DIRECTION('',(0.,0.,-1.));
#23480=DIRECTION('',(-1.,0.,0.));
#23490=AXIS2_PLACEMENT_3D('',#23460,#23470,#23480);
#23500=CONICAL_SURFACE('',#23490,0.549999999999997,0.785398163397431);
#23510=CARTESIAN_POINT('',(277.984285398629,65.081399042275,
9.81600763311107));
#23520=VERTEX_POINT('',#23510);
#23530=EDGE_CURVE('',#13610,#23520,#13280,.T.);
#23540=ORIENTED_EDGE('',*,*,#23530,.F.);
#23550=CARTESIAN_POINT('',(277.984285398629,65.081399042275,
9.81600763311107));
#23560=DIRECTION('',(-0.707106781186544,0.,-0.707106781186551));
#23570=VECTOR('',#23560,0.777817459305222);
#23580=LINE('',#23550,#23570);
#23590=EDGE_CURVE('',#23520,#10410,#23580,.T.);
#23600=ORIENTED_EDGE('',*,*,#23590,.F.);
#23610=ORIENTED_EDGE('',*,*,#10420,.T.);
#23620=ORIENTED_EDGE('',*,*,#10480,.T.);
#23630=CARTESIAN_POINT('',(279.084285398629,65.081399042275,
9.81600763311107));
#23640=DIRECTION('',(0.707106781186544,0.,-0.707106781186551));
#23650=VECTOR('',#23640,0.777817459305222);
#23660=LINE('',#23630,#23650);
#23670=EDGE_CURVE('',#13320,#10450,#23660,.T.);
#23680=ORIENTED_EDGE('',*,*,#23670,.T.);
#23690=ORIENTED_EDGE('',*,*,#13640,.F.);
#23700=EDGE_LOOP('',(#23690,#23680,#23620,#23610,#23600,#23540));
#23710=FACE_OUTER_BOUND('',#23700,.T.);
#23720=ADVANCED_FACE('',(#23710),#23500,.T.);
#23730=CARTESIAN_POINT('',(278.88428531631,64.5313990422744,
9.11600763311955));
#23740=DIRECTION('',(1.92788729510958E-16,1.64313007644524E-14,1.));
#23750=DIRECTION('',(3.62457622377811E-14,1.,-1.64313007644524E-14));
#23760=AXIS2_PLACEMENT_3D('',#23730,#23740,#23750);
#23770=PLANE('',#23760);
#23780=CARTESIAN_POINT('',(0.,65.4613990422845,9.11600763311959));
#23790=DIRECTION('',(-1.,3.62457622377811E-14,1.92788729510359E-16));
#23800=VECTOR('',#23790,1.);
#23810=LINE('',#23780,#23800);
#23820=CARTESIAN_POINT('',(284.98428530817,65.4613990422741,
9.11600763311947));
#23830=VERTEX_POINT('',#23820);
#23840=CARTESIAN_POINT('',(280.93428531631,65.461399042274,
9.11600763311964));
#23850=VERTEX_POINT('',#23840);
#23860=EDGE_CURVE('',#23830,#23850,#23810,.T.);
#23870=ORIENTED_EDGE('',*,*,#23860,.F.);
#23880=CARTESIAN_POINT('',(280.93428531631,64.896399042274,
9.11600763311955));
#23890=DIRECTION('',(-3.62457622377811E-14,-1.,1.64313007644524E-14));
#23900=VECTOR('',#23890,1.);
#23910=LINE('',#23880,#23900);
#23920=CARTESIAN_POINT('',(280.93428531631,64.5313990422743,
9.11600763311955));
#23930=VERTEX_POINT('',#23920);
#23940=EDGE_CURVE('',#23850,#23930,#23910,.T.);
#23950=ORIENTED_EDGE('',*,*,#23940,.F.);
#23960=CARTESIAN_POINT('',(278.88428531631,64.5313990422744,
9.11600763311955));
#23970=DIRECTION('',(-1.,3.62457622377811E-14,1.92788729510363E-16));
#23980=VECTOR('',#23970,1.);
#23990=LINE('',#23960,#23980);
#24000=EDGE_CURVE('',#2800,#23930,#23990,.T.);
#24010=ORIENTED_EDGE('',*,*,#24000,.T.);
#24020=ORIENTED_EDGE('',*,*,#2830,.F.);
#24030=ORIENTED_EDGE('',*,*,#4820,.T.);
#24040=CARTESIAN_POINT('',(221.092886265985,0.,9.11600763312062));
#24050=DIRECTION('',(-0.70710678118597,-0.707106781187125,
1.17961196366423E-14));
#24060=VECTOR('',#24050,1.);
#24070=LINE('',#24040,#24060);
#24080=CARTESIAN_POINT('',(281.584285308171,60.4913990422847,
9.11600763311962));
#24090=VERTEX_POINT('',#24080);
#24100=EDGE_CURVE('',#4750,#24090,#24070,.T.);
#24110=ORIENTED_EDGE('',*,*,#24100,.F.);
#24120=CARTESIAN_POINT('',(278.88428531631,60.4913990422847,
9.11600763311962));
#24130=DIRECTION('',(-1.,3.62457622377811E-14,1.92788729510363E-16));
#24140=VECTOR('',#24130,1.);
#24150=LINE('',#24120,#24140);
#24160=CARTESIAN_POINT('',(280.93428531631,60.4913990422846,
9.11600763311962));
#24170=VERTEX_POINT('',#24160);
#24180=EDGE_CURVE('',#24090,#24170,#24150,.T.);
#24190=ORIENTED_EDGE('',*,*,#24180,.F.);
#24200=CARTESIAN_POINT('',(280.934285316309,60.0263990422846,
9.11600763311963));
#24210=DIRECTION('',(-3.62457622377811E-14,-1.,1.64313007644524E-14));
#24220=VECTOR('',#24210,1.);
#24230=LINE('',#24200,#24220);
#24240=EDGE_CURVE('',#24170,#7410,#24230,.T.);
#24250=ORIENTED_EDGE('',*,*,#24240,.F.);
#24260=ORIENTED_EDGE('',*,*,#7420,.T.);
#24270=CARTESIAN_POINT('',(284.984285308169,62.4613990422793,
9.11600763311959));
#24280=DIRECTION('',(3.62457622377811E-14,1.,-1.64313007644524E-14));
#24290=VECTOR('',#24280,1.);
#24300=LINE('',#24270,#24290);
#24310=EDGE_CURVE('',#7310,#23830,#24300,.T.);
#24320=ORIENTED_EDGE('',*,*,#24310,.F.);
#24330=EDGE_LOOP('',(#24320,#24260,#24250,#24190,#24110,#24030,#24020,
#24010,#23950,#23870));
#24340=FACE_OUTER_BOUND('',#24330,.T.);
#24350=ADVANCED_FACE('',(#24340),#23770,.F.);
#24360=CARTESIAN_POINT('',(282.904840868261,63.2813990422756,
4.41600763858724));
#24370=DIRECTION('',(9.31338339782428E-14,5.40634276912306E-17,1.));
#24380=DIRECTION('',(-1.,5.03513429888981E-30,9.31338339782428E-14));
#24390=AXIS2_PLACEMENT_3D('',#24360,#24370,#24380);
#24400=PLANE('',#24390);
#24410=CARTESIAN_POINT('',(5.6843418860808E-14,61.6113990422743,
4.41600763861359));
#24420=DIRECTION('',(-1.,0.,9.31338339782428E-14));
#24430=VECTOR('',#24420,1.);
#24440=LINE('',#24410,#24430);
#24450=CARTESIAN_POINT('',(282.43428531631,61.6113990422743,
4.41600763858728));
#24460=VERTEX_POINT('',#24450);
#24470=EDGE_CURVE('',#4450,#24460,#24440,.T.);
#24480=ORIENTED_EDGE('',*,*,#24470,.T.);
#24490=ORIENTED_EDGE('',*,*,#4460,.F.);
#24500=CARTESIAN_POINT('',(284.08428531631,2.0000000000006,
4.41600763858713));
#24510=DIRECTION('',(3.08148791101958E-33,1.,-5.40634276912306E-17));
#24520=VECTOR('',#24510,1.);
#24530=LINE('',#24500,#24520);
#24540=EDGE_CURVE('',#4360,#23010,#24530,.T.);
#24550=ORIENTED_EDGE('',*,*,#24540,.F.);
#24560=ORIENTED_EDGE('',*,*,#23020,.F.);
#24570=ORIENTED_EDGE('',*,*,#8370,.F.);
#24580=CARTESIAN_POINT('',(282.43428531631,-1.9999999999994,
4.41600763858729));
#24590=DIRECTION('',(-3.08148791101958E-33,1.,-5.40634276912306E-17));
#24600=VECTOR('',#24590,1.);
#24610=LINE('',#24580,#24600);
#24620=EDGE_CURVE('',#24460,#8280,#24610,.T.);
#24630=ORIENTED_EDGE('',*,*,#24620,.T.);
#24640=EDGE_LOOP('',(#24630,#24570,#24560,#24550,#24490,#24480));
#24650=FACE_BOUND('',#24640,.T.);
#24660=CARTESIAN_POINT('',(0.,60.8113990422749,4.41600763861359));
#24670=DIRECTION('',(-1.,0.,9.31338339782428E-14));
#24680=VECTOR('',#24670,1.);
#24690=LINE('',#24660,#24680);
#24700=CARTESIAN_POINT('',(284.984285308169,60.811399042275,
4.41600763858706));
#24710=VERTEX_POINT('',#24700);
#24720=EDGE_CURVE('',#24710,#1280,#24690,.T.);
#24730=ORIENTED_EDGE('',*,*,#24720,.F.);
#24740=ORIENTED_EDGE('',*,*,#1290,.T.);
#24750=ORIENTED_EDGE('',*,*,#15450,.F.);
#24760=CARTESIAN_POINT('',(284.984285308169,62.3613990422747,
4.41600763858705));
#24770=DIRECTION('',(3.62457622377811E-14,1.,-5.40634276946038E-17));
#24780=VECTOR('',#24770,1.);
#24790=LINE('',#24760,#24780);
#24800=EDGE_CURVE('',#24710,#15440,#24790,.T.);
#24810=ORIENTED_EDGE('',*,*,#24800,.T.);
#24820=EDGE_LOOP('',(#24810,#24750,#24740,#24730));
#24830=FACE_OUTER_BOUND('',#24820,.T.);
#24840=ADVANCED_FACE('',(#24650,#24830),#24400,.T.);
#24850=CARTESIAN_POINT('',(277.684285398629,59.6013990422749,
6.23600763311756));
#24860=DIRECTION('',(0.,-1.,0.));
#24870=DIRECTION('',(0.,0.,-1.));
#24880=AXIS2_PLACEMENT_3D('',#24850,#24860,#24870);
#24890=PLANE('',#24880);
#24900=CARTESIAN_POINT('',(277.684285398631,59.6013990422749,0.));
#24910=DIRECTION('',(1.92788729510363E-16,0.,1.));
#24920=VECTOR('',#24910,1.);
#24930=LINE('',#24900,#24920);
#24940=CARTESIAN_POINT('',(277.684285398629,59.6013990422749,
3.91600769366768));
#24950=VERTEX_POINT('',#24940);
#24960=CARTESIAN_POINT('',(277.684285398629,59.6013990422749,
4.16600763311761));
#24970=VERTEX_POINT('',#24960);
#24980=EDGE_CURVE('',#24950,#24970,#24930,.T.);
#24990=ORIENTED_EDGE('',*,*,#24980,.F.);
#25000=CARTESIAN_POINT('',(0.,59.6013990422749,4.16600763311761));
#25010=DIRECTION('',(1.,0.,0.));
#25020=VECTOR('',#25010,1.);
#25030=LINE('',#25000,#25020);
#25040=EDGE_CURVE('',#24970,#12960,#25030,.T.);
#25050=ORIENTED_EDGE('',*,*,#25040,.F.);
#25060=ORIENTED_EDGE('',*,*,#12970,.T.);
#25070=CARTESIAN_POINT('',(0.,59.6013990422749,3.91600769367532));
#25080=DIRECTION('',(-1.,0.,2.75200102077941E-14));
#25090=VECTOR('',#25080,1.);
#25100=LINE('',#25070,#25090);
#25110=EDGE_CURVE('',#12880,#24950,#25100,.T.);
#25120=ORIENTED_EDGE('',*,*,#25110,.F.);
#25130=EDGE_LOOP('',(#25120,#25060,#25050,#24990));
#25140=FACE_OUTER_BOUND('',#25130,.T.);
#25150=ADVANCED_FACE('',(#25140),#24890,.T.);
#25160=CARTESIAN_POINT('',(278.534285398629,59.9413990422836,
9.81600763311115));
#25170=DIRECTION('',(4.44628146325591E-18,1.64313007644524E-14,1.));
#25180=DIRECTION('',(0.,1.,-1.64313007644524E-14));
#25190=AXIS2_PLACEMENT_3D('',#25160,#25170,#25180);
#25200=CYLINDRICAL_SURFACE('',#25190,0.55);
#25210=CARTESIAN_POINT('',(278.534285398629,59.9413990422836,
9.81600763311116));
#25220=DIRECTION('',(4.44628146325591E-18,1.64313007644524E-14,1.));
#25230=DIRECTION('',(0.,1.,-1.64313007644524E-14));
#25240=AXIS2_PLACEMENT_3D('',#25210,#25220,#25230);
#25250=CIRCLE('',#25240,0.549999999999997);
#25260=CARTESIAN_POINT('',(278.534285398629,59.3913990422836,
9.81600763311117));
#25270=VERTEX_POINT('',#25260);
#25280=CARTESIAN_POINT('',(279.084285398629,59.9413990422836,
9.81600763311116));
#25290=VERTEX_POINT('',#25280);
#25300=EDGE_CURVE('',#25270,#25290,#25250,.T.);
#25310=ORIENTED_EDGE('',*,*,#25300,.T.);
#25320=CARTESIAN_POINT('',(278.534285398629,59.3913990422836,
9.81600763311116));
#25330=DIRECTION('',(4.44628146325591E-18,1.64313007644524E-14,1.));
#25340=VECTOR('',#25330,1.);
#25350=LINE('',#25320,#25340);
#25360=CARTESIAN_POINT('',(278.534285398629,59.3913990422836,
10.5160076331112));
#25370=VERTEX_POINT('',#25360);
#25380=EDGE_CURVE('',#25270,#25370,#25350,.T.);
#25390=ORIENTED_EDGE('',*,*,#25380,.F.);
#25400=EDGE_CURVE('',#25370,#19800,#19740,.T.);
#25410=ORIENTED_EDGE('',*,*,#25400,.F.);
#25420=ORIENTED_EDGE('',*,*,#19810,.F.);
#25430=CARTESIAN_POINT('',(278.534285398629,60.4913990422836,
9.81600763311114));
#25440=DIRECTION('',(4.44628146325591E-18,1.64313007644524E-14,1.));
#25450=VECTOR('',#25440,1.);
#25460=LINE('',#25430,#25450);
#25470=CARTESIAN_POINT('',(278.534285398629,60.4913990422836,
9.81600763311116));
#25480=VERTEX_POINT('',#25470);
#25490=EDGE_CURVE('',#25480,#19760,#25460,.T.);
#25500=ORIENTED_EDGE('',*,*,#25490,.T.);
#25510=EDGE_CURVE('',#25290,#25480,#25250,.T.);
#25520=ORIENTED_EDGE('',*,*,#25510,.T.);
#25530=EDGE_LOOP('',(#25520,#25500,#25420,#25410,#25390,#25310));
#25540=FACE_OUTER_BOUND('',#25530,.T.);
#25550=ADVANCED_FACE('',(#25540),#25200,.T.);
#25560=CARTESIAN_POINT('',(0.,60.1013990422749,3.91600769367532));
#25570=DIRECTION('',(-1.,0.,2.75200102077941E-14));
#25580=DIRECTION('',(2.75200102077941E-14,0.,1.));
#25590=AXIS2_PLACEMENT_3D('',#25560,#25570,#25580);
#25600=CYLINDRICAL_SURFACE('',#25590,0.5);
#25610=CARTESIAN_POINT('',(277.684285398629,60.1013990422749,
3.91600769366768));
#25620=DIRECTION('',(-1.,0.,2.75200102077941E-14));
#25630=DIRECTION('',(2.75200102077941E-14,0.,1.));
#25640=AXIS2_PLACEMENT_3D('',#25610,#25620,#25630);
#25650=CIRCLE('',#25640,0.5);
#25660=EDGE_CURVE('',#18350,#24950,#25650,.T.);
#25670=ORIENTED_EDGE('',*,*,#25660,.F.);
#25680=ORIENTED_EDGE('',*,*,#25110,.T.);
#25690=ORIENTED_EDGE('',*,*,#12890,.T.);
#25700=ORIENTED_EDGE('',*,*,#18420,.F.);
#25710=EDGE_LOOP('',(#25700,#25690,#25680,#25670));
#25720=FACE_OUTER_BOUND('',#25710,.T.);
#25730=ADVANCED_FACE('',(#25720),#25600,.T.);
#25740=CARTESIAN_POINT('',(277.554285398629,66.111399042275,
8.73600758353275));
#25750=DIRECTION('',(1.50975818610233E-18,-1.,1.69803805938331E-14));
#25760=DIRECTION('',(-9.31338339782428E-14,-1.69803805938331E-14,-1.));
#25770=AXIS2_PLACEMENT_3D('',#25740,#25750,#25760);
#25780=PLANE('',#25770);
#25790=ORIENTED_EDGE('',*,*,#10910,.F.);
#25800=ORIENTED_EDGE('',*,*,#22850,.F.);
#25810=CARTESIAN_POINT('',(274.234285398629,66.111399042275,
7.56600763311197));
#25820=DIRECTION('',(-1.50975818610225E-18,1.,-1.69803805938332E-14));
#25830=DIRECTION('',(0.,-1.69803805938332E-14,-1.));
#25840=AXIS2_PLACEMENT_3D('',#25810,#25820,#25830);
#25850=CIRCLE('',#25840,0.7);
#25860=CARTESIAN_POINT('',(274.234285398629,66.1113990422749,
6.86600763311197));
#25870=VERTEX_POINT('',#25860);
#25880=EDGE_CURVE('',#25870,#22780,#25850,.T.);
#25890=ORIENTED_EDGE('',*,*,#25880,.T.);
#25900=CARTESIAN_POINT('',(-4.52927455830699E-19,66.111399042275,
6.86600763313751));
#25910=DIRECTION('',(1.,1.50975818452768E-18,-9.31338339782428E-14));
#25920=VECTOR('',#25910,1.);
#25930=LINE('',#25900,#25920);
#25940=EDGE_CURVE('',#25870,#16750,#25930,.T.);
#25950=ORIENTED_EDGE('',*,*,#25940,.F.);
#25960=ORIENTED_EDGE('',*,*,#17130,.F.);
#25970=ORIENTED_EDGE('',*,*,#2100,.F.);
#25980=ORIENTED_EDGE('',*,*,#12530,.F.);
#25990=CARTESIAN_POINT('',(0.,66.1113990422777,170.359496502256));
#26000=DIRECTION('',(-0.866025403784391,8.49320613838245E-15,
0.500000000000083));
#26010=VECTOR('',#26000,1.);
#26020=LINE('',#25990,#26010);
#26030=EDGE_CURVE('',#12500,#8580,#26020,.T.);
#26040=ORIENTED_EDGE('',*,*,#26030,.F.);
#26050=ORIENTED_EDGE('',*,*,#8830,.F.);
#26060=ORIENTED_EDGE('',*,*,#12340,.F.);
#26070=EDGE_LOOP('',(#26060,#26050,#26040,#25980,#25970,#25960,#25950,
#25890,#25800,#25790));
#26080=FACE_OUTER_BOUND('',#26070,.T.);
#26090=ADVANCED_FACE('',(#26080),#25780,.F.);
#26100=CARTESIAN_POINT('',(284.15428531631,61.4613990422845,
4.16600763311756));
#26110=DIRECTION('',(-0.,-2.43614652260603E-14,-1.));
#26120=DIRECTION('',(0.,-1.,2.43614652260603E-14));
#26130=AXIS2_PLACEMENT_3D('',#26100,#26110,#26120);
#26140=PLANE('',#26130);
#26150=CARTESIAN_POINT('',(277.684285398629,0.,4.16600763311906));
#26160=DIRECTION('',(-3.62457622377811E-14,-1.,2.43614652260603E-14));
#26170=VECTOR('',#26160,1.);
#26180=LINE('',#26150,#26170);
#26190=CARTESIAN_POINT('',(277.684285398629,61.511399042285,
4.16600763311756));
#26200=VERTEX_POINT('',#26190);
#26210=EDGE_CURVE('',#26200,#24970,#26180,.T.);
#26220=ORIENTED_EDGE('',*,*,#26210,.T.);
#26230=CARTESIAN_POINT('',(0.,61.511399042285,4.16600763311759));
#26240=DIRECTION('',(1.,0.,0.));
#26250=VECTOR('',#26240,1.);
#26260=LINE('',#26230,#26250);
#26270=CARTESIAN_POINT('',(277.034285398629,61.511399042285,
4.16600763311756));
#26280=VERTEX_POINT('',#26270);
#26290=EDGE_CURVE('',#26280,#26200,#26260,.T.);
#26300=ORIENTED_EDGE('',*,*,#26290,.T.);
#26310=CARTESIAN_POINT('',(277.034285398629,0.,4.16600763311906));
#26320=DIRECTION('',(-1.50975818610225E-18,1.,-2.43614652260603E-14));
#26330=VECTOR('',#26320,1.);
#26340=LINE('',#26310,#26330);
#26350=CARTESIAN_POINT('',(277.034285398629,61.0863990422739,
4.16600763311757));
#26360=VERTEX_POINT('',#26350);
#26370=EDGE_CURVE('',#26360,#26280,#26340,.T.);
#26380=ORIENTED_EDGE('',*,*,#26370,.T.);
#26390=CARTESIAN_POINT('',(0.,61.0863990422837,4.16600763311757));
#26400=DIRECTION('',(-1.,-1.50975818610217E-18,3.67852619377962E-32));
#26410=VECTOR('',#26400,1.);
#26420=LINE('',#26390,#26410);
#26430=EDGE_CURVE('',#26360,#6500,#26420,.T.);
#26440=ORIENTED_EDGE('',*,*,#26430,.F.);
#26450=ORIENTED_EDGE('',*,*,#6510,.T.);
#26460=ORIENTED_EDGE('',*,*,#17850,.T.);
#26470=ORIENTED_EDGE('',*,*,#13050,.F.);
#26480=ORIENTED_EDGE('',*,*,#25040,.T.);
#26490=EDGE_LOOP('',(#26480,#26470,#26460,#26450,#26440,#26380,#26300,
#26220));
#26500=FACE_OUTER_BOUND('',#26490,.T.);
#26510=ADVANCED_FACE('',(#26500),#26140,.T.);
#26520=CARTESIAN_POINT('',(278.93428532445,64.7413990422745,
5.70600763311759));
#26530=DIRECTION('',(-3.0195163722045E-18,1.,-3.39607611876663E-14));
#26540=DIRECTION('',(5.12725372093427E-32,-3.39607611876663E-14,-1.));
#26550=AXIS2_PLACEMENT_3D('',#26520,#26530,#26540);
#26560=PLANE('',#26550);
#26570=ORIENTED_EDGE('',*,*,#22040,.T.);
#26580=ORIENTED_EDGE('',*,*,#21820,.T.);
#26590=CARTESIAN_POINT('',(0.,64.7413990422782,112.457483671038));
#26600=DIRECTION('',(-0.933746117302047,1.21569421196455E-14,
0.357936011632458));
#26610=VECTOR('',#26600,1.);
#26620=LINE('',#26590,#26610);
#26630=CARTESIAN_POINT('',(280.93428531631,64.7413990422745,
4.76600763311747));
#26640=VERTEX_POINT('',#26630);
#26650=EDGE_CURVE('',#26640,#21730,#26620,.T.);
#26660=ORIENTED_EDGE('',*,*,#26650,.T.);
#26670=CARTESIAN_POINT('',(0.,64.7413990422745,4.76600763311751));
#26680=DIRECTION('',(-1.,-3.01951637219794E-18,1.92788729511594E-16));
#26690=VECTOR('',#26680,1.);
#26700=LINE('',#26670,#26690);
#26710=CARTESIAN_POINT('',(284.98428530817,64.7413990422745,
4.76600763311745));
#26720=VERTEX_POINT('',#26710);
#26730=EDGE_CURVE('',#26720,#26640,#26700,.T.);
#26740=ORIENTED_EDGE('',*,*,#26730,.T.);
#26750=CARTESIAN_POINT('',(284.98428530817,64.7413990422745,
4.24100763585253));
#26760=DIRECTION('',(1.92788729511593E-16,3.39607611876663E-14,1.));
#26770=VECTOR('',#26760,1.);
#26780=LINE('',#26750,#26770);
#26790=CARTESIAN_POINT('',(284.98428530817,64.7413990422745,
4.01600763858755));
#26800=VERTEX_POINT('',#26790);
#26810=EDGE_CURVE('',#26800,#26720,#26780,.T.);
#26820=ORIENTED_EDGE('',*,*,#26810,.T.);
#26830=CARTESIAN_POINT('',(278.88428531631,64.7413990422745,
4.01600763858761));
#26840=DIRECTION('',(1.,0.,0.));
#26850=VECTOR('',#26840,1.);
#26860=LINE('',#26830,#26850);
#26870=EDGE_CURVE('',#22030,#26800,#26860,.T.);
#26880=ORIENTED_EDGE('',*,*,#26870,.T.);
#26890=EDGE_LOOP('',(#26880,#26820,#26740,#26660,#26580,#26570));
#26900=FACE_OUTER_BOUND('',#26890,.T.);
#26910=ADVANCED_FACE('',(#26900),#26560,.F.);
#26920=CARTESIAN_POINT('',(278.084285398629,67.5113990422745,
4.77100766339269));
#26930=DIRECTION('',(-1.,0.,0.));
#26940=DIRECTION('',(0.,1.,0.));
#26950=AXIS2_PLACEMENT_3D('',#26920,#26930,#26940);
#26960=PLANE('',#26950);
#26970=CARTESIAN_POINT('',(278.084285398629,-13.9999999999994,
5.56600763309111));
#26980=DIRECTION('',(0.,1.,-3.39607611876663E-14));
#26990=VECTOR('',#26980,1.);
#27000=LINE('',#26970,#26990);
#27010=CARTESIAN_POINT('',(278.084285398629,61.511399042285,
5.56600763308854));
#27020=VERTEX_POINT('',#27010);
#27030=CARTESIAN_POINT('',(278.084285398629,63.5113990422746,
5.56600763308848));
#27040=VERTEX_POINT('',#27030);
#27050=EDGE_CURVE('',#27020,#27040,#27000,.T.);
#27060=ORIENTED_EDGE('',*,*,#27050,.F.);
#27070=CARTESIAN_POINT('',(278.084285398629,63.5113990422746,0.));
#27080=DIRECTION('',(0.,5.9211894646675E-16,-1.));
#27090=VECTOR('',#27080,1.);
#27100=LINE('',#27070,#27090);
#27110=EDGE_CURVE('',#6110,#27040,#27100,.T.);
#27120=ORIENTED_EDGE('',*,*,#27110,.T.);
#27130=ORIENTED_EDGE('',*,*,#6120,.F.);
#27140=CARTESIAN_POINT('',(278.084285398629,61.511399042285,0.));
#27150=DIRECTION('',(0.,5.9211894646675E-16,-1.));
#27160=VECTOR('',#27150,1.);
#27170=LINE('',#27140,#27160);
#27180=EDGE_CURVE('',#6010,#27020,#27170,.T.);
#27190=ORIENTED_EDGE('',*,*,#27180,.F.);
#27200=EDGE_LOOP('',(#27190,#27130,#27120,#27060));
#27210=FACE_OUTER_BOUND('',#27200,.T.);
#27220=ADVANCED_FACE('',(#27210),#26960,.T.);
#27230=CARTESIAN_POINT('',(273.234285398629,66.1113990422836,
7.56600763311206));
#27240=DIRECTION('',(-1.,-1.5097581845208E-18,9.31338339782428E-14));
#27250=DIRECTION('',(-1.50975818610225E-18,1.,-1.69803805938331E-14));
#27260=AXIS2_PLACEMENT_3D('',#27230,#27240,#27250);
#27270=PLANE('',#27260);
#27280=ORIENTED_EDGE('',*,*,#22700,.T.);
#27290=ORIENTED_EDGE('',*,*,#10740,.F.);
#27300=ORIENTED_EDGE('',*,*,#230,.F.);
#27310=ORIENTED_EDGE('',*,*,#3210,.F.);
#27320=EDGE_LOOP('',(#27310,#27300,#27290,#27280));
#27330=FACE_OUTER_BOUND('',#27320,.T.);
#27340=ADVANCED_FACE('',(#27330),#27270,.T.);
#27350=CARTESIAN_POINT('',(277.684285398629,49.6013990422755,
5.56600763308895));
#27360=DIRECTION('',(-0.,3.39607611876663E-14,1.));
#27370=DIRECTION('',(0.,-1.,3.39607611876663E-14));
#27380=AXIS2_PLACEMENT_3D('',#27350,#27360,#27370);
#27390=PLANE('',#27380);
#27400=ORIENTED_EDGE('',*,*,#27050,.T.);
#27410=CARTESIAN_POINT('',(0.,61.511399042285,5.56600763308856));
#27420=DIRECTION('',(-1.,0.,0.));
#27430=VECTOR('',#27420,1.);
#27440=LINE('',#27410,#27430);
#27450=CARTESIAN_POINT('',(277.684285398629,61.511399042285,
5.56600763308854));
#27460=VERTEX_POINT('',#27450);
#27470=EDGE_CURVE('',#27020,#27460,#27440,.T.);
#27480=ORIENTED_EDGE('',*,*,#27470,.F.);
#27490=CARTESIAN_POINT('',(277.684285398629,-13.9999999999994,
5.56600763309111));
#27500=DIRECTION('',(0.,1.,-3.39607611876663E-14));
#27510=VECTOR('',#27500,1.);
#27520=LINE('',#27490,#27510);
#27530=CARTESIAN_POINT('',(277.684285398629,63.5113990422746,
5.56600763308846));
#27540=VERTEX_POINT('',#27530);
#27550=EDGE_CURVE('',#27460,#27540,#27520,.T.);
#27560=ORIENTED_EDGE('',*,*,#27550,.F.);
#27570=CARTESIAN_POINT('',(0.,63.5113990422746,5.56600763308846));
#27580=DIRECTION('',(-1.,0.,0.));
#27590=VECTOR('',#27580,1.);
#27600=LINE('',#27570,#27590);
#27610=EDGE_CURVE('',#27040,#27540,#27600,.T.);
#27620=ORIENTED_EDGE('',*,*,#27610,.T.);
#27630=EDGE_LOOP('',(#27620,#27560,#27480,#27400));
#27640=FACE_OUTER_BOUND('',#27630,.T.);
#27650=ADVANCED_FACE('',(#27640),#27390,.T.);
#27660=CARTESIAN_POINT('',(280.409285353399,66.0113990422749,
7.19100763311438));
#27670=DIRECTION('',(-1.50975818610225E-18,1.,-1.69803805938331E-14));
#27680=DIRECTION('',(9.31338339782428E-14,1.69803805938331E-14,1.));
#27690=AXIS2_PLACEMENT_3D('',#27660,#27670,#27680);
#27700=PLANE('',#27690);
#27710=ORIENTED_EDGE('',*,*,#12430,.F.);
#27720=ORIENTED_EDGE('',*,*,#8690,.F.);
#27730=CARTESIAN_POINT('',(283.985247202493,66.0113990422749,
6.40053758397747));
#27740=DIRECTION('',(0.866025403784391,-8.48888280797526E-15,
-0.500000000000083));
#27750=VECTOR('',#27740,1.);
#27760=LINE('',#27730,#27750);
#27770=EDGE_CURVE('',#8600,#12420,#27760,.T.);
#27780=ORIENTED_EDGE('',*,*,#27770,.F.);
#27790=EDGE_LOOP('',(#27780,#27720,#27710));
#27800=FACE_OUTER_BOUND('',#27790,.T.);
#27810=ADVANCED_FACE('',(#27800),#27700,.T.);
#27820=CARTESIAN_POINT('',(278.684285324447,61.821399042275,
7.06600763311757));
#27830=DIRECTION('',(-1.17963209093718E-32,4.85722573273506E-17,-1.));
#27840=DIRECTION('',(-1.,-4.85722573273506E-17,9.43705672749744E-33));
#27850=AXIS2_PLACEMENT_3D('',#27820,#27830,#27840);
#27860=PLANE('',#27850);
#27870=ORIENTED_EDGE('',*,*,#22370,.T.);
#27880=ORIENTED_EDGE('',*,*,#19130,.F.);
#27890=CARTESIAN_POINT('',(277.034285398629,0.,7.06600763311757));
#27900=DIRECTION('',(0.,1.,4.85722573273506E-17));
#27910=VECTOR('',#27900,1.);
#27920=LINE('',#27890,#27910);
#27930=CARTESIAN_POINT('',(277.034285398629,61.761399042275,
7.06600763311757));
#27940=VERTEX_POINT('',#27930);
#27950=EDGE_CURVE('',#19120,#27940,#27920,.T.);
#27960=ORIENTED_EDGE('',*,*,#27950,.F.);
#27970=CARTESIAN_POINT('',(279.484285324447,61.761399042275,
7.06600763311757));
#27980=DIRECTION('',(-1.,-4.85722573273506E-17,9.43705672749744E-33));
#27990=VECTOR('',#27980,1.);
#28000=LINE('',#27970,#27990);
#28010=EDGE_CURVE('',#27940,#22280,#28000,.T.);
#28020=ORIENTED_EDGE('',*,*,#28010,.F.);
#28030=EDGE_LOOP('',(#28020,#27960,#27880,#27870));
#28040=FACE_OUTER_BOUND('',#28030,.T.);
#28050=ADVANCED_FACE('',(#28040),#27860,.T.);
#28060=CARTESIAN_POINT('',(274.234285398629,65.811399042275,
7.56600763311197));
#28070=DIRECTION('',(-1.50975818610225E-18,1.,-1.69803805938332E-14));
#28080=DIRECTION('',(6.47039222615244E-19,-1.69705519478418E-14,-1.));
#28090=AXIS2_PLACEMENT_3D('',#28060,#28070,#28080);
#28100=TOROIDAL_SURFACE('',#28090,0.7,0.3);
#28110=CARTESIAN_POINT('',(274.234285398629,65.8113990422749,
6.86600763311197));
#28120=DIRECTION('',(-1.,-1.50975818610226E-18,-6.47039222615213E-19));
#28130=DIRECTION('',(-1.50975818610226E-18,1.,0.));
#28140=AXIS2_PLACEMENT_3D('',#28110,#28120,#28130);
#28150=CIRCLE('',#28140,0.3);
#28160=EDGE_CURVE('',#25870,#3370,#28150,.T.);
#28170=ORIENTED_EDGE('',*,*,#28160,.T.);
#28180=ORIENTED_EDGE('',*,*,#25880,.F.);
#28190=ORIENTED_EDGE('',*,*,#22790,.F.);
#28200=ORIENTED_EDGE('',*,*,#3450,.T.);
#28210=EDGE_LOOP('',(#28200,#28190,#28180,#28170));
#28220=FACE_OUTER_BOUND('',#28210,.T.);
#28230=ADVANCED_FACE('',(#28220),#28100,.T.);
#28240=CARTESIAN_POINT('',(283.21178531631,61.6113990422743,
3.72100766612753));
#28250=DIRECTION('',(0.,1.,-5.40634276912306E-17));
#28260=DIRECTION('',(1.,-5.03513429888981E-30,-9.31338339782428E-14));
#28270=AXIS2_PLACEMENT_3D('',#28240,#28250,#28260);
#28280=PLANE('',#28270);
#28290=ORIENTED_EDGE('',*,*,#24470,.F.);
#28300=CARTESIAN_POINT('',(282.43428531631,61.6113990422743,
4.16600763858728));
#28310=DIRECTION('',(-1.9168172653266E-13,-5.40634276912306E-17,-1.));
#28320=VECTOR('',#28310,1.);
#28330=LINE('',#28300,#28320);
#28340=EDGE_CURVE('',#24460,#18010,#28330,.T.);
#28350=ORIENTED_EDGE('',*,*,#28340,.F.);
#28360=ORIENTED_EDGE('',*,*,#18020,.F.);
#28370=ORIENTED_EDGE('',*,*,#4520,.F.);
#28380=EDGE_LOOP('',(#28370,#28360,#28350,#28290));
#28390=FACE_OUTER_BOUND('',#28380,.T.);
#28400=ADVANCED_FACE('',(#28390),#28280,.T.);
#28410=CARTESIAN_POINT('',(277.034285398629,62.5113990422795,
6.96100763311547));
#28420=DIRECTION('',(1.,0.,0.));
#28430=DIRECTION('',(0.,-1.,0.));
#28440=AXIS2_PLACEMENT_3D('',#28410,#28420,#28430);
#28450=PLANE('',#28440);
#28460=ORIENTED_EDGE('',*,*,#20320,.T.);
#28470=CARTESIAN_POINT('',(277.034285398629,61.0863990422837,0.));
#28480=DIRECTION('',(4.44628146325593E-18,0.,1.));
#28490=VECTOR('',#28480,1.);
#28500=LINE('',#28470,#28490);
#28510=EDGE_CURVE('',#26360,#20230,#28500,.T.);
#28520=ORIENTED_EDGE('',*,*,#28510,.T.);
#28530=ORIENTED_EDGE('',*,*,#26370,.F.);
#28540=CARTESIAN_POINT('',(277.034285398629,61.511399042285,0.));
#28550=DIRECTION('',(4.44628146325591E-18,-5.9211894646675E-16,1.));
#28560=VECTOR('',#28550,1.);
#28570=LINE('',#28540,#28560);
#28580=EDGE_CURVE('',#26280,#6030,#28570,.T.);
#28590=ORIENTED_EDGE('',*,*,#28580,.F.);
#28600=ORIENTED_EDGE('',*,*,#6260,.F.);
#28610=CARTESIAN_POINT('',(277.034285398629,63.5113990422746,0.));
#28620=DIRECTION('',(4.44628146325591E-18,-5.9211894646675E-16,1.));
#28630=VECTOR('',#28620,1.);
#28640=LINE('',#28610,#28630);
#28650=EDGE_CURVE('',#5310,#6190,#28640,.T.);
#28660=ORIENTED_EDGE('',*,*,#28650,.T.);
#28670=ORIENTED_EDGE('',*,*,#5320,.T.);
#28680=CARTESIAN_POINT('',(277.034285398629,63.9363990422837,
2.89999999999996));
#28690=DIRECTION('',(4.44628146325588E-18,3.39607611876662E-14,1.));
#28700=VECTOR('',#28690,1.);
#28710=LINE('',#28680,#28700);
#28720=EDGE_CURVE('',#5230,#20310,#28710,.T.);
#28730=ORIENTED_EDGE('',*,*,#28720,.F.);
#28740=EDGE_LOOP('',(#28730,#28670,#28660,#28600,#28590,#28530,#28520,
#28460));
#28750=FACE_OUTER_BOUND('',#28740,.T.);
#28760=CARTESIAN_POINT('',(277.034285398629,0.,7.5660076331175));
#28770=DIRECTION('',(0.,1.,4.85722573273506E-17));
#28780=VECTOR('',#28770,1.);
#28790=LINE('',#28760,#28780);
#28800=CARTESIAN_POINT('',(277.034285398629,63.2613990422749,
7.5660076331175));
#28810=VERTEX_POINT('',#28800);
#28820=CARTESIAN_POINT('',(277.034285398629,63.761399042275,
7.5660076331175));
#28830=VERTEX_POINT('',#28820);
#28840=EDGE_CURVE('',#28810,#28830,#28790,.T.);
#28850=ORIENTED_EDGE('',*,*,#28840,.F.);
#28860=CARTESIAN_POINT('',(277.034285398629,63.7613990422742,0.));
#28870=DIRECTION('',(0.,9.32572243103271E-14,1.));
#28880=VECTOR('',#28870,1.);
#28890=LINE('',#28860,#28880);
#28900=CARTESIAN_POINT('',(277.034285398629,63.761399042275,
7.06600763311757));
#28910=VERTEX_POINT('',#28900);
#28920=EDGE_CURVE('',#28910,#28830,#28890,.T.);
#28930=ORIENTED_EDGE('',*,*,#28920,.T.);
#28940=CARTESIAN_POINT('',(277.034285398629,0.,7.06600763311757));
#28950=DIRECTION('',(0.,1.,4.85722573273506E-17));
#28960=VECTOR('',#28950,1.);
#28970=LINE('',#28940,#28960);
#28980=CARTESIAN_POINT('',(277.034285398629,63.2613990422749,
7.06600763311757));
#28990=VERTEX_POINT('',#28980);
#29000=EDGE_CURVE('',#28990,#28910,#28970,.T.);
#29010=ORIENTED_EDGE('',*,*,#29000,.T.);
#29020=CARTESIAN_POINT('',(277.034285398629,63.2613990422742,0.));
#29030=DIRECTION('',(0.,-9.32572243103271E-14,-1.));
#29040=VECTOR('',#29030,1.);
#29050=LINE('',#29020,#29040);
#29060=EDGE_CURVE('',#28810,#28990,#29050,.T.);
#29070=ORIENTED_EDGE('',*,*,#29060,.T.);
#29080=EDGE_LOOP('',(#29070,#29010,#28930,#28850));
#29090=FACE_BOUND('',#29080,.T.);
#29100=ORIENTED_EDGE('',*,*,#19510,.T.);
#29110=ORIENTED_EDGE('',*,*,#13980,.F.);
#29120=CARTESIAN_POINT('',(277.034285398629,61.7613990422742,0.));
#29130=DIRECTION('',(0.,9.32572243103271E-14,1.));
#29140=VECTOR('',#29130,1.);
#29150=LINE('',#29120,#29140);
#29160=EDGE_CURVE('',#27940,#13890,#29150,.T.);
#29170=ORIENTED_EDGE('',*,*,#29160,.T.);
#29180=ORIENTED_EDGE('',*,*,#27950,.T.);
#29190=EDGE_LOOP('',(#29180,#29170,#29110,#29100));
#29200=FACE_BOUND('',#29190,.T.);
#29210=ADVANCED_FACE('',(#28750,#29090,#29200),#28450,.F.);
#29220=CARTESIAN_POINT('',(275.63428530817,61.5113990422746,
12.5160076331124));
#29230=DIRECTION('',(0.970142500145332,-6.78310365561954E-14,
-0.242535625036333));
#29240=DIRECTION('',(-0.242535625036333,1.13185239958616E-13,
-0.970142500145332));
#29250=AXIS2_PLACEMENT_3D('',#29220,#29230,#29240);
#29260=PLANE('',#29250);
#29270=CARTESIAN_POINT('',(274.28428530817,59.9613990422752,
7.11600763311229));
#29280=DIRECTION('',(-0.235702260395538,-0.235702260395406,
-0.942809041582085));
#29290=VECTOR('',#29280,1.);
#29300=LINE('',#29270,#29290);
#29310=EDGE_CURVE('',#5790,#15140,#29300,.T.);
#29320=ORIENTED_EDGE('',*,*,#29310,.F.);
#29330=ORIENTED_EDGE('',*,*,#15150,.F.);
#29340=CARTESIAN_POINT('',(274.28428530817,63.0613990422752,
7.11600763311258));
#29350=DIRECTION('',(0.235702260395494,-0.235702260395626,
0.942809041582041));
#29360=VECTOR('',#29350,1.);
#29370=LINE('',#29340,#29360);
#29380=EDGE_CURVE('',#15060,#5610,#29370,.T.);
#29390=ORIENTED_EDGE('',*,*,#29380,.F.);
#29400=ORIENTED_EDGE('',*,*,#5860,.T.);
#29410=EDGE_LOOP('',(#29400,#29390,#29330,#29320));
#29420=FACE_OUTER_BOUND('',#29410,.T.);
#29430=ADVANCED_FACE('',(#29420),#29260,.F.);
#29440=CARTESIAN_POINT('',(277.684285398629,57.511399042275,
5.79600763310312));
#29450=DIRECTION('',(-1.,0.,0.));
#29460=DIRECTION('',(0.,1.,0.));
#29470=AXIS2_PLACEMENT_3D('',#29440,#29450,#29460);
#29480=PLANE('',#29470);
#29490=CARTESIAN_POINT('',(277.684285398629,63.5113990422746,0.));
#29500=DIRECTION('',(0.,5.9211894646675E-16,-1.));
#29510=VECTOR('',#29500,1.);
#29520=LINE('',#29490,#29510);
#29530=EDGE_CURVE('',#27540,#5390,#29520,.T.);
#29540=ORIENTED_EDGE('',*,*,#29530,.T.);
#29550=ORIENTED_EDGE('',*,*,#27550,.T.);
#29560=CARTESIAN_POINT('',(277.684285398629,61.511399042285,0.));
#29570=DIRECTION('',(0.,5.9211894646675E-16,-1.));
#29580=VECTOR('',#29570,1.);
#29590=LINE('',#29560,#29580);
#29600=EDGE_CURVE('',#27460,#26200,#29590,.T.);
#29610=ORIENTED_EDGE('',*,*,#29600,.F.);
#29620=ORIENTED_EDGE('',*,*,#26210,.F.);
#29630=ORIENTED_EDGE('',*,*,#24980,.T.);
#29640=ORIENTED_EDGE('',*,*,#25660,.T.);
#29650=ORIENTED_EDGE('',*,*,#18360,.T.);
#29660=ORIENTED_EDGE('',*,*,#16020,.F.);
#29670=CARTESIAN_POINT('',(277.684285398632,65.4213990422744,0.));
#29680=DIRECTION('',(-1.92788729511593E-16,-3.39607611876663E-14,-1.));
#29690=VECTOR('',#29680,1.);
#29700=LINE('',#29670,#29690);
#29710=EDGE_CURVE('',#4980,#15920,#29700,.T.);
#29720=ORIENTED_EDGE('',*,*,#29710,.T.);
#29730=ORIENTED_EDGE('',*,*,#5460,.T.);
#29740=EDGE_LOOP('',(#29730,#29720,#29660,#29650,#29640,#29630,#29620,
#29610,#29550,#29540));
#29750=FACE_OUTER_BOUND('',#29740,.T.);
#29760=ADVANCED_FACE('',(#29750),#29480,.T.);
#29770=CARTESIAN_POINT('',(278.88428531631,60.4913990422847,
9.11600763311962));
#29780=DIRECTION('',(3.62457622377811E-14,1.,-1.65333902379811E-14));
#29790=DIRECTION('',(-1.92788729510962E-16,-1.65333902379811E-14,-1.));
#29800=AXIS2_PLACEMENT_3D('',#29770,#29780,#29790);
#29810=PLANE('',#29800);
#29820=ORIENTED_EDGE('',*,*,#17450,.F.);
#29830=CARTESIAN_POINT('',(270.768277683191,60.4913990422849,0.));
#29840=DIRECTION('',(0.707106781186497,-1.38777878078145E-14,
0.707106781186598));
#29850=VECTOR('',#29840,1.);
#29860=LINE('',#29830,#29850);
#29870=EDGE_CURVE('',#21490,#17360,#29860,.T.);
#29880=ORIENTED_EDGE('',*,*,#29870,.T.);
#29890=ORIENTED_EDGE('',*,*,#21500,.T.);
#29900=CARTESIAN_POINT('',(0.,60.4913990422965,112.457483671036));
#29910=DIRECTION('',(0.933746117302049,-3.97737398571962E-14,
-0.357936011632453));
#29920=VECTOR('',#29910,1.);
#29930=LINE('',#29900,#29920);
#29940=CARTESIAN_POINT('',(278.13428531631,60.4913990422847,
5.83934096645083));
#29950=VERTEX_POINT('',#29940);
#29960=EDGE_CURVE('',#29950,#21410,#29930,.T.);
#29970=ORIENTED_EDGE('',*,*,#29960,.T.);
#29980=CARTESIAN_POINT('',(278.13428531631,60.4913990422847,
6.94100763311858));
#29990=DIRECTION('',(1.9278872951096E-16,1.65333902379811E-14,1.));
#30000=VECTOR('',#29990,1.);
#30010=LINE('',#29980,#30000);
#30020=CARTESIAN_POINT('',(278.13428531631,60.4913990422847,
8.0426742997863));
#30030=VERTEX_POINT('',#30020);
#30040=EDGE_CURVE('',#29950,#30030,#30010,.T.);
#30050=ORIENTED_EDGE('',*,*,#30040,.F.);
#30060=CARTESIAN_POINT('',(0.,60.491399042293,-98.5754684047989));
#30070=DIRECTION('',(0.93374611730205,-2.79221090693227E-14,
0.357936011632452));
#30080=VECTOR('',#30070,1.);
#30090=LINE('',#30060,#30080);
#30100=EDGE_CURVE('',#30030,#24170,#30090,.T.);
#30110=ORIENTED_EDGE('',*,*,#30100,.F.);
#30120=ORIENTED_EDGE('',*,*,#24180,.T.);
#30130=CARTESIAN_POINT('',(281.584285308171,60.4913990422846,
8.69100763311973));
#30140=DIRECTION('',(-9.31338339782435E-14,-1.65333902379777E-14,-1.));
#30150=VECTOR('',#30140,1.);
#30160=LINE('',#30130,#30150);
#30170=EDGE_CURVE('',#24090,#17440,#30160,.T.);
#30180=ORIENTED_EDGE('',*,*,#30170,.F.);
#30190=EDGE_LOOP('',(#30180,#30120,#30110,#30050,#29970,#29890,#29880,
#29820));
#30200=FACE_OUTER_BOUND('',#30190,.T.);
#30210=ADVANCED_FACE('',(#30200),#29810,.F.);
#30220=CARTESIAN_POINT('',(276.884285398628,66.1113990422836,
6.56600763311172));
#30230=DIRECTION('',(-9.31338339782428E-14,-1.69803805938331E-14,-1.));
#30240=DIRECTION('',(-1.,-1.5097581845208E-18,9.31338339782428E-14));
#30250=AXIS2_PLACEMENT_3D('',#30220,#30230,#30240);
#30260=PLANE('',#30250);
#30270=ORIENTED_EDGE('',*,*,#14740,.F.);
#30280=ORIENTED_EDGE('',*,*,#16820,.F.);
#30290=CARTESIAN_POINT('',(-2.79401501934728E-14,65.811399042275,
6.56600763313751));
#30300=DIRECTION('',(1.,1.50975818452768E-18,-9.31338339782428E-14));
#30310=VECTOR('',#30300,1.);
#30320=LINE('',#30290,#30310);
#30330=EDGE_CURVE('',#3370,#16730,#30320,.T.);
#30340=ORIENTED_EDGE('',*,*,#30330,.T.);
#30350=ORIENTED_EDGE('',*,*,#3380,.T.);
#30360=EDGE_LOOP('',(#30350,#30340,#30280,#30270));
#30370=FACE_OUTER_BOUND('',#30360,.T.);
#30380=ADVANCED_FACE('',(#30370),#30260,.T.);
#30390=CARTESIAN_POINT('',(274.234285398629,59.8113990422836,
7.56600763311207));
#30400=DIRECTION('',(1.50975818610225E-18,-1.,1.69803805938332E-14));
#30410=DIRECTION('',(6.47039222615245E-19,1.69705519478416E-14,1.));
#30420=AXIS2_PLACEMENT_3D('',#30390,#30400,#30410);
#30430=TOROIDAL_SURFACE('',#30420,0.699999999999999,0.3);
#30440=ORIENTED_EDGE('',*,*,#22520,.F.);
#30450=ORIENTED_EDGE('',*,*,#9170,.T.);
#30460=ORIENTED_EDGE('',*,*,#14480,.T.);
#30470=ORIENTED_EDGE('',*,*,#20060,.F.);
#30480=EDGE_LOOP('',(#30470,#30460,#30450,#30440));
#30490=FACE_OUTER_BOUND('',#30480,.T.);
#30500=ADVANCED_FACE('',(#30490),#30430,.T.);
#30510=CARTESIAN_POINT('',(278.534285398629,59.9413990422836,
9.81600763311116));
#30520=DIRECTION('',(0.,0.,-1.));
#30530=DIRECTION('',(-1.,0.,0.));
#30540=AXIS2_PLACEMENT_3D('',#30510,#30520,#30530);
#30550=CONICAL_SURFACE('',#30540,0.549999999999997,0.785398163397448);
#30560=CARTESIAN_POINT('',(277.984285398629,59.9413990422836,
9.81600763311116));
#30570=VERTEX_POINT('',#30560);
#30580=EDGE_CURVE('',#25480,#30570,#25250,.T.);
#30590=ORIENTED_EDGE('',*,*,#30580,.F.);
#30600=CARTESIAN_POINT('',(277.984285398629,59.9413990422836,
9.81600763311116));
#30610=DIRECTION('',(-0.707106781186557,0.,-0.707106781186538));
#30620=VECTOR('',#30610,0.777817459305208);
#30630=LINE('',#30600,#30620);
#30640=EDGE_CURVE('',#30570,#10220,#30630,.T.);
#30650=ORIENTED_EDGE('',*,*,#30640,.F.);
#30660=ORIENTED_EDGE('',*,*,#10230,.T.);
#30670=ORIENTED_EDGE('',*,*,#10290,.T.);
#30680=CARTESIAN_POINT('',(279.084285398629,59.9413990422836,
9.81600763311116));
#30690=DIRECTION('',(0.707106781186557,0.,-0.707106781186538));
#30700=VECTOR('',#30690,0.777817459305208);
#30710=LINE('',#30680,#30700);
#30720=EDGE_CURVE('',#25290,#10260,#30710,.T.);
#30730=ORIENTED_EDGE('',*,*,#30720,.T.);
#30740=ORIENTED_EDGE('',*,*,#25510,.F.);
#30750=EDGE_LOOP('',(#30740,#30730,#30670,#30660,#30650,#30590));
#30760=FACE_OUTER_BOUND('',#30750,.T.);
#30770=ADVANCED_FACE('',(#30760),#30550,.T.);
#30780=CARTESIAN_POINT('',(277.484285398629,61.511399042285,
5.41600763311757));
#30790=DIRECTION('',(-0.,1.,5.9211894646675E-16));
#30800=DIRECTION('',(1.,0.,0.));
#30810=AXIS2_PLACEMENT_3D('',#30780,#30790,#30800);
#30820=PLANE('',#30810);
#30830=ORIENTED_EDGE('',*,*,#28580,.T.);
#30840=ORIENTED_EDGE('',*,*,#26290,.F.);
#30850=ORIENTED_EDGE('',*,*,#29600,.T.);
#30860=ORIENTED_EDGE('',*,*,#27470,.T.);
#30870=ORIENTED_EDGE('',*,*,#27180,.T.);
#30880=ORIENTED_EDGE('',*,*,#6040,.F.);
#30890=EDGE_LOOP('',(#30880,#30870,#30860,#30850,#30840,#30830));
#30900=FACE_OUTER_BOUND('',#30890,.T.);
#30910=ADVANCED_FACE('',(#30900),#30820,.T.);
#30920=CARTESIAN_POINT('',(277.034285398629,63.9363990422837,
4.16600763311752));
#30930=DIRECTION('',(-1.50975818610232E-18,1.,-3.39607611876662E-14));
#30940=DIRECTION('',(4.44628146325588E-18,3.39607611876662E-14,1.));
#30950=AXIS2_PLACEMENT_3D('',#30920,#30930,#30940);
#30960=PLANE('',#30950);
#30970=ORIENTED_EDGE('',*,*,#28720,.T.);
#30980=ORIENTED_EDGE('',*,*,#5240,.F.);
#30990=ORIENTED_EDGE('',*,*,#17050,.F.);
#31000=ORIENTED_EDGE('',*,*,#20380,.T.);
#31010=EDGE_LOOP('',(#31000,#30990,#30980,#30970));
#31020=FACE_OUTER_BOUND('',#31010,.T.);
#31030=ADVANCED_FACE('',(#31020),#30960,.F.);
#31040=CARTESIAN_POINT('',(283.934285308169,65.4613990422741,
8.86600763311106));
#31050=DIRECTION('',(-3.5918734362996E-14,1.,-1.64313007644524E-14));
#31060=DIRECTION('',(-5.27355936695103E-16,1.64313007644523E-14,1.));
#31070=AXIS2_PLACEMENT_3D('',#31040,#31050,#31060);
#31080=PLANE('',#31070);
#31090=CARTESIAN_POINT('',(0.,65.4613990422685,289.750292941276));
#31100=DIRECTION('',(0.707106781186561,1.37945210809676E-14,
-0.707106781186534));
#31110=VECTOR('',#31100,1.);
#31120=LINE('',#31090,#31110);
#31130=CARTESIAN_POINT('',(284.98428530817,65.4613990422741,
4.76600763311745));
#31140=VERTEX_POINT('',#31130);
#31150=CARTESIAN_POINT('',(285.08428530817,65.4613990422741,
4.66600763311732));
#31160=VERTEX_POINT('',#31150);
#31170=EDGE_CURVE('',#31140,#31160,#31120,.T.);
#31180=ORIENTED_EDGE('',*,*,#31170,.T.);
#31190=CARTESIAN_POINT('',(0.,65.4613990422844,4.76600763311743));
#31200=DIRECTION('',(1.,-3.62457622377811E-14,1.23062301214478E-27));
#31210=VECTOR('',#31200,1.);
#31220=LINE('',#31190,#31210);
#31230=CARTESIAN_POINT('',(280.93428531631,65.4613990422739,
4.7660076331175));
#31240=VERTEX_POINT('',#31230);
#31250=EDGE_CURVE('',#31240,#31140,#31220,.T.);
#31260=ORIENTED_EDGE('',*,*,#31250,.T.);
#31270=CARTESIAN_POINT('',(0.,65.4613990422656,112.457483671038));
#31280=DIRECTION('',(-0.933746117302047,-2.7672308888782E-14,
0.357936011632458));
#31290=VECTOR('',#31280,1.);
#31300=LINE('',#31270,#31290);
#31310=CARTESIAN_POINT('',(278.13428531631,65.4613990422738,
5.83934096645076));
#31320=VERTEX_POINT('',#31310);
#31330=EDGE_CURVE('',#31240,#31320,#31300,.T.);
#31340=ORIENTED_EDGE('',*,*,#31330,.F.);
#31350=CARTESIAN_POINT('',(278.13428531631,65.4613990422738,
6.94100763311848));
#31360=DIRECTION('',(1.92788729510957E-16,1.64313007644524E-14,1.));
#31370=VECTOR('',#31360,1.);
#31380=LINE('',#31350,#31370);
#31390=CARTESIAN_POINT('',(278.13428531631,65.4613990422738,
8.0426742997862));
#31400=VERTEX_POINT('',#31390);
#31410=EDGE_CURVE('',#31320,#31400,#31380,.T.);
#31420=ORIENTED_EDGE('',*,*,#31410,.F.);
#31430=CARTESIAN_POINT('',(0.,65.4613990422621,-98.5754684048011));
#31440=DIRECTION('',(0.933746117302048,3.94129173741931E-14,
0.357936011632458));
#31450=VECTOR('',#31440,1.);
#31460=LINE('',#31430,#31450);
#31470=EDGE_CURVE('',#31400,#23850,#31460,.T.);
#31480=ORIENTED_EDGE('',*,*,#31470,.F.);
#31490=ORIENTED_EDGE('',*,*,#23860,.T.);
#31500=CARTESIAN_POINT('',(0.,65.4613990422592,-275.86827767504));
#31510=DIRECTION('',(-0.70710678118656,-3.70814490224802E-14,
-0.707106781186535));
#31520=VECTOR('',#31510,1.);
#31530=LINE('',#31500,#31520);
#31540=CARTESIAN_POINT('',(285.08428530817,65.4613990422741,
9.21600763311949));
#31550=VERTEX_POINT('',#31540);
#31560=EDGE_CURVE('',#31550,#23830,#31530,.T.);
#31570=ORIENTED_EDGE('',*,*,#31560,.T.);
#31580=CARTESIAN_POINT('',(285.08428530817,65.4613990422741,
6.94100763311848));
#31590=DIRECTION('',(-1.92788729510957E-16,-1.64313007644524E-14,-1.));
#31600=VECTOR('',#31590,1.);
#31610=LINE('',#31580,#31600);
#31620=EDGE_CURVE('',#31550,#31160,#31610,.T.);
#31630=ORIENTED_EDGE('',*,*,#31620,.F.);
#31640=EDGE_LOOP('',(#31630,#31570,#31490,#31480,#31420,#31340,#31260,
#31180));
#31650=FACE_OUTER_BOUND('',#31640,.T.);
#31660=ADVANCED_FACE('',(#31650),#31080,.F.);
#31670=CARTESIAN_POINT('',(278.93428532445,68.8613990422745,
4.76600763311732));
#31680=DIRECTION('',(5.12725372093427E-32,-3.39607611876663E-14,-1.));
#31690=DIRECTION('',(3.0195163722045E-18,-1.,3.39607611876663E-14));
#31700=AXIS2_PLACEMENT_3D('',#31670,#31680,#31690);
#31710=PLANE('',#31700);
#31720=ORIENTED_EDGE('',*,*,#26730,.F.);
#31730=CARTESIAN_POINT('',(280.93428531631,64.8963990422739,
4.76600763311745));
#31740=DIRECTION('',(3.62457622377811E-14,1.,-3.39607611876663E-14));
#31750=VECTOR('',#31740,1.);
#31760=LINE('',#31730,#31750);
#31770=EDGE_CURVE('',#26640,#31240,#31760,.T.);
#31780=ORIENTED_EDGE('',*,*,#31770,.F.);
#31790=ORIENTED_EDGE('',*,*,#31250,.F.);
#31800=CARTESIAN_POINT('',(284.98428530817,65.2013990422743,
4.76600763311744));
#31810=DIRECTION('',(-3.62457622377811E-14,-1.,3.39607611876663E-14));
#31820=VECTOR('',#31810,1.);
#31830=LINE('',#31800,#31820);
#31840=EDGE_CURVE('',#31140,#26720,#31830,.T.);
#31850=ORIENTED_EDGE('',*,*,#31840,.F.);
#31860=EDGE_LOOP('',(#31850,#31790,#31780,#31720));
#31870=FACE_OUTER_BOUND('',#31860,.T.);
#31880=ADVANCED_FACE('',(#31870),#31710,.F.);
#31890=CARTESIAN_POINT('',(284.08428531631,63.7363990422744,
3.27600769366742));
#31900=DIRECTION('',(-1.,-3.01951636904664E-18,9.31338339782428E-14));
#31910=DIRECTION('',(9.31338339782428E-14,3.39066977599751E-14,1.));
#31920=AXIS2_PLACEMENT_3D('',#31890,#31900,#31910);
#31930=PLANE('',#31920);
#31940=ORIENTED_EDGE('',*,*,#23080,.F.);
#31950=ORIENTED_EDGE('',*,*,#24540,.T.);
#31960=ORIENTED_EDGE('',*,*,#4370,.T.);
#31970=ORIENTED_EDGE('',*,*,#18240,.F.);
#31980=EDGE_LOOP('',(#31970,#31960,#31950,#31940));
#31990=FACE_OUTER_BOUND('',#31980,.T.);
#32000=ADVANCED_FACE('',(#31990),#31930,.T.);
#32010=CARTESIAN_POINT('',(0.,65.811399042275,6.86600763313751));
#32020=DIRECTION('',(1.,1.50975818452768E-18,-9.31338339782428E-14));
#32030=DIRECTION('',(-9.31338339782428E-14,0.,-1.));
#32040=AXIS2_PLACEMENT_3D('',#32010,#32020,#32030);
#32050=CYLINDRICAL_SURFACE('',#32040,0.3);
#32060=ORIENTED_EDGE('',*,*,#28160,.F.);
#32070=ORIENTED_EDGE('',*,*,#30330,.F.);
#32080=ORIENTED_EDGE('',*,*,#16760,.F.);
#32090=ORIENTED_EDGE('',*,*,#25940,.T.);
#32100=EDGE_LOOP('',(#32090,#32080,#32070,#32060));
#32110=FACE_OUTER_BOUND('',#32100,.T.);
#32120=ADVANCED_FACE('',(#32110),#32050,.T.);
#32130=CARTESIAN_POINT('',(278.88428531631,60.8113990422749,
4.41600763858761));
#32140=DIRECTION('',(0.,1.,0.));
#32150=DIRECTION('',(0.,0.,-1.));
#32160=AXIS2_PLACEMENT_3D('',#32130,#32140,#32150);
#32170=PLANE('',#32160);
#32180=ORIENTED_EDGE('',*,*,#23340,.T.);
#32190=CARTESIAN_POINT('',(283.050292954897,60.811399042275,0.));
#32200=DIRECTION('',(-0.707106781186495,0.,0.7071067811866));
#32210=VECTOR('',#32200,1.);
#32220=LINE('',#32190,#32210);
#32230=EDGE_CURVE('',#23250,#21260,#32220,.T.);
#32240=ORIENTED_EDGE('',*,*,#32230,.F.);
#32250=ORIENTED_EDGE('',*,*,#21270,.F.);
#32260=ORIENTED_EDGE('',*,*,#1370,.F.);
#32270=ORIENTED_EDGE('',*,*,#24720,.T.);
#32280=CARTESIAN_POINT('',(284.984285308169,60.8113990422749,
4.06600763858732));
#32290=DIRECTION('',(-1.92788729510363E-16,0.,-1.));
#32300=VECTOR('',#32290,1.);
#32310=LINE('',#32280,#32300);
#32320=EDGE_CURVE('',#24710,#23330,#32310,.T.);
#32330=ORIENTED_EDGE('',*,*,#32320,.F.);
#32340=EDGE_LOOP('',(#32330,#32270,#32260,#32250,#32240,#32180));
#32350=FACE_OUTER_BOUND('',#32340,.T.);
#32360=ADVANCED_FACE('',(#32350),#32170,.F.);
#32370=CARTESIAN_POINT('',(274.234285398629,65.2113990422836,
7.56600763311198));
#32380=DIRECTION('',(-1.50975818610225E-18,1.,-1.69803805938332E-14));
#32390=DIRECTION('',(6.47039222615244E-19,-1.69705519478418E-14,-1.));
#32400=AXIS2_PLACEMENT_3D('',#32370,#32380,#32390);
#32410=TOROIDAL_SURFACE('',#32400,0.7,0.3);
#32420=ORIENTED_EDGE('',*,*,#150,.F.);
#32430=CARTESIAN_POINT('',(274.234285398629,64.9113990422836,
7.56600763311199));
#32440=DIRECTION('',(-1.50975818610225E-18,1.,-1.69803805938332E-14));
#32450=DIRECTION('',(0.,-1.69803805938332E-14,-1.));
#32460=AXIS2_PLACEMENT_3D('',#32430,#32440,#32450);
#32470=CIRCLE('',#32460,0.7);
#32480=EDGE_CURVE('',#14820,#140,#32470,.T.);
#32490=ORIENTED_EDGE('',*,*,#32480,.T.);
#32500=ORIENTED_EDGE('',*,*,#14830,.T.);
#32510=ORIENTED_EDGE('',*,*,#3300,.F.);
#32520=EDGE_LOOP('',(#32510,#32500,#32490,#32420));
#32530=FACE_OUTER_BOUND('',#32520,.T.);
#32540=ADVANCED_FACE('',(#32530),#32410,.T.);
#32550=CARTESIAN_POINT('',(278.88428531631,64.5313990422743,
4.76600763311747));
#32560=DIRECTION('',(-3.62457622377811E-14,-1.,1.63292112909237E-14));
#32570=DIRECTION('',(1.92788729510954E-16,1.63292112909237E-14,1.));
#32580=AXIS2_PLACEMENT_3D('',#32550,#32560,#32570);
#32590=PLANE('',#32580);
#32600=ORIENTED_EDGE('',*,*,#2910,.F.);
#32610=ORIENTED_EDGE('',*,*,#24000,.F.);
#32620=CARTESIAN_POINT('',(0.,64.5313990422827,-98.5754684048011));
#32630=DIRECTION('',(-0.933746117302048,2.80053757961696E-14,
-0.357936011632458));
#32640=VECTOR('',#32630,1.);
#32650=LINE('',#32620,#32640);
#32660=CARTESIAN_POINT('',(278.13428531631,64.5313990422744,
8.0426742997862));
#32670=VERTEX_POINT('',#32660);
#32680=EDGE_CURVE('',#23930,#32670,#32650,.T.);
#32690=ORIENTED_EDGE('',*,*,#32680,.F.);
#32700=CARTESIAN_POINT('',(278.13428531631,64.5313990422743,
6.94100763311851));
#32710=DIRECTION('',(-1.92788729510954E-16,-1.63292112909237E-14,-1.));
#32720=VECTOR('',#32710,1.);
#32730=LINE('',#32700,#32720);
#32740=CARTESIAN_POINT('',(278.13428531631,64.5313990422743,
5.83934096645082));
#32750=VERTEX_POINT('',#32740);
#32760=EDGE_CURVE('',#32670,#32750,#32730,.T.);
#32770=ORIENTED_EDGE('',*,*,#32760,.F.);
#32780=CARTESIAN_POINT('',(0.,64.5313990422862,112.457483671038));
#32790=DIRECTION('',(0.933746117302047,-3.96904731303494E-14,
-0.357936011632458));
#32800=VECTOR('',#32790,1.);
#32810=LINE('',#32780,#32800);
#32820=EDGE_CURVE('',#32750,#21650,#32810,.T.);
#32830=ORIENTED_EDGE('',*,*,#32820,.F.);
#32840=ORIENTED_EDGE('',*,*,#21660,.T.);
#32850=CARTESIAN_POINT('',(270.768277683191,64.5313990422745,0.));
#32860=DIRECTION('',(-0.707106781186497,1.40165656858926E-14,
-0.707106781186598));
#32870=VECTOR('',#32860,1.);
#32880=LINE('',#32850,#32870);
#32890=EDGE_CURVE('',#17280,#21570,#32880,.T.);
#32900=ORIENTED_EDGE('',*,*,#32890,.T.);
#32910=ORIENTED_EDGE('',*,*,#17290,.F.);
#32920=EDGE_LOOP('',(#32910,#32900,#32840,#32830,#32770,#32690,#32610,
#32600));
#32930=FACE_OUTER_BOUND('',#32920,.T.);
#32940=ADVANCED_FACE('',(#32930),#32590,.F.);
#32950=CARTESIAN_POINT('',(277.484285398629,63.5113990422746,
5.41600763311757));
#32960=DIRECTION('',(-0.,1.,5.9211894646675E-16));
#32970=DIRECTION('',(1.,0.,0.));
#32980=AXIS2_PLACEMENT_3D('',#32950,#32960,#32970);
#32990=PLANE('',#32980);
#33000=ORIENTED_EDGE('',*,*,#6200,.T.);
#33010=ORIENTED_EDGE('',*,*,#27110,.F.);
#33020=ORIENTED_EDGE('',*,*,#27610,.F.);
#33030=ORIENTED_EDGE('',*,*,#29530,.F.);
#33040=ORIENTED_EDGE('',*,*,#5400,.T.);
#33050=ORIENTED_EDGE('',*,*,#28650,.F.);
#33060=EDGE_LOOP('',(#33050,#33040,#33030,#33020,#33010,#33000));
#33070=FACE_OUTER_BOUND('',#33060,.T.);
#33080=ADVANCED_FACE('',(#33070),#32990,.F.);
#33090=CARTESIAN_POINT('',(282.43428531631,63.2863990422756,
4.16600763858728));
#33100=DIRECTION('',(-1.,1.03629711621287E-29,1.9168172653266E-13));
#33110=DIRECTION('',(-1.9168172653266E-13,-5.40634276912306E-17,-1.));
#33120=AXIS2_PLACEMENT_3D('',#33090,#33100,#33110);
#33130=PLANE('',#33120);
#33140=ORIENTED_EDGE('',*,*,#8290,.F.);
#33150=ORIENTED_EDGE('',*,*,#18080,.T.);
#33160=ORIENTED_EDGE('',*,*,#28340,.T.);
#33170=ORIENTED_EDGE('',*,*,#24620,.F.);
#33180=EDGE_LOOP('',(#33170,#33160,#33150,#33140));
#33190=FACE_OUTER_BOUND('',#33180,.T.);
#33200=ADVANCED_FACE('',(#33190),#33130,.F.);
#33210=CARTESIAN_POINT('',(283.985247202493,66.1113990422749,
6.40053758397747));
#33220=DIRECTION('',(0.500000000000083,1.470619583928E-14,
0.866025403784391));
#33230=DIRECTION('',(-0.866025403784391,8.48888280797526E-15,
0.500000000000083));
#33240=AXIS2_PLACEMENT_3D('',#33210,#33220,#33230);
#33250=PLANE('',#33240);
#33260=ORIENTED_EDGE('',*,*,#12510,.F.);
#33270=ORIENTED_EDGE('',*,*,#27770,.T.);
#33280=ORIENTED_EDGE('',*,*,#8610,.T.);
#33290=ORIENTED_EDGE('',*,*,#26030,.T.);
#33300=EDGE_LOOP('',(#33290,#33280,#33270,#33260));
#33310=FACE_OUTER_BOUND('',#33300,.T.);
#33320=ADVANCED_FACE('',(#33310),#33250,.T.);
#33330=CARTESIAN_POINT('',(278.95928531631,62.5113990422795,
8.19100763311978));
#33340=DIRECTION('',(0.707106781186598,-3.05926215689883E-15,
-0.707106781186497));
#33350=DIRECTION('',(-0.707106781186497,0.,-0.707106781186598));
#33360=AXIS2_PLACEMENT_3D('',#33330,#33340,#33350);
#33370=PLANE('',#33360);
#33380=ORIENTED_EDGE('',*,*,#32890,.F.);
#33390=ORIENTED_EDGE('',*,*,#21580,.T.);
#33400=ORIENTED_EDGE('',*,*,#29870,.F.);
#33410=ORIENTED_EDGE('',*,*,#17370,.F.);
#33420=EDGE_LOOP('',(#33410,#33400,#33390,#33380));
#33430=FACE_OUTER_BOUND('',#33420,.T.);
#33440=ADVANCED_FACE('',(#33430),#33370,.T.);
#33450=CARTESIAN_POINT('',(278.88428531631,60.4913990422846,
4.76600763311753));
#33460=DIRECTION('',(1.92788729510323E-16,-1.09815965876155E-15,1.));
#33470=DIRECTION('',(3.62457622377811E-14,1.,1.09815965876154E-15));
#33480=AXIS2_PLACEMENT_3D('',#33450,#33460,#33470);
#33490=PLANE('',#33480);
#33500=ORIENTED_EDGE('',*,*,#7720,.T.);
#33510=CARTESIAN_POINT('',(280.934285316309,60.0263990422845,
4.76600763311753));
#33520=DIRECTION('',(-3.62457622377811E-14,-1.,-1.09815965876154E-15));
#33530=VECTOR('',#33520,1.);
#33540=LINE('',#33510,#33530);
#33550=EDGE_CURVE('',#9400,#7650,#33540,.T.);
#33560=ORIENTED_EDGE('',*,*,#33550,.T.);
#33570=ORIENTED_EDGE('',*,*,#9410,.T.);
#33580=CARTESIAN_POINT('',(284.984285308169,59.7713990422797,
4.76600763311753));
#33590=DIRECTION('',(3.62457622377811E-14,1.,1.09815965876154E-15));
#33600=VECTOR('',#33590,1.);
#33610=LINE('',#33580,#33600);
#33620=EDGE_CURVE('',#7330,#9380,#33610,.T.);
#33630=ORIENTED_EDGE('',*,*,#33620,.T.);
#33640=EDGE_LOOP('',(#33630,#33570,#33560,#33500));
#33650=FACE_OUTER_BOUND('',#33640,.T.);
#33660=ADVANCED_FACE('',(#33650),#33490,.T.);
#33670=CARTESIAN_POINT('',(275.83428530817,61.3113990422746,
12.5160076331124));
#33680=DIRECTION('',(9.04727967490368E-14,0.970142500145355,
-0.242535625036242));
#33690=DIRECTION('',(-2.26181991872502E-14,-0.242535625036242,
-0.970142500145355));
#33700=AXIS2_PLACEMENT_3D('',#33670,#33680,#33690);
#33710=PLANE('',#33700);
#33720=CARTESIAN_POINT('',(277.38428530817,59.9613990422749,
7.11600763311229));
#33730=DIRECTION('',(-0.235702260395494,0.23570226039545,
0.942809041582085));
#33740=VECTOR('',#33730,1.);
#33750=LINE('',#33720,#33740);
#33760=EDGE_CURVE('',#19280,#5710,#33750,.T.);
#33770=ORIENTED_EDGE('',*,*,#33760,.T.);
#33780=ORIENTED_EDGE('',*,*,#19290,.F.);
#33790=ORIENTED_EDGE('',*,*,#29310,.T.);
#33800=ORIENTED_EDGE('',*,*,#5800,.T.);
#33810=EDGE_LOOP('',(#33800,#33790,#33780,#33770));
#33820=FACE_OUTER_BOUND('',#33810,.T.);
#33830=ADVANCED_FACE('',(#33820),#33710,.F.);
#33840=CARTESIAN_POINT('',(277.93428531631,62.5113990422796,
9.29100763311509));
#33850=DIRECTION('',(1.,-3.62457622377811E-14,-1.92788729510363E-16));
#33860=DIRECTION('',(-3.62457622377811E-14,-1.,1.64313007644524E-14));
#33870=AXIS2_PLACEMENT_3D('',#33840,#33850,#33860);
#33880=PLANE('',#33870);
#33890=CARTESIAN_POINT('',(277.93428531631,60.2913990422847,
6.94100763311858));
#33900=DIRECTION('',(1.9278872951096E-16,1.65333902379811E-14,1.));
#33910=VECTOR('',#33900,1.);
#33920=LINE('',#33890,#33910);
#33930=CARTESIAN_POINT('',(277.93428531631,60.2913990422847,
5.91600763311752));
#33940=VERTEX_POINT('',#33930);
#33950=CARTESIAN_POINT('',(277.934285316309,60.2913990422847,
7.96600763311963));
#33960=VERTEX_POINT('',#33950);
#33970=EDGE_CURVE('',#33940,#33960,#33920,.T.);
#33980=ORIENTED_EDGE('',*,*,#33970,.T.);
#33990=CARTESIAN_POINT('',(277.934285316309,60.0263990422846,
5.91600763311753));
#34000=DIRECTION('',(-3.62457622377811E-14,-1.,-1.09815965876154E-15));
#34010=VECTOR('',#34000,1.);
#34020=LINE('',#33990,#34010);
#34030=CARTESIAN_POINT('',(277.934285316309,59.7613990422846,
5.91600763311756));
#34040=VERTEX_POINT('',#34030);
#34050=EDGE_CURVE('',#33940,#34040,#34020,.T.);
#34060=ORIENTED_EDGE('',*,*,#34050,.F.);
#34070=CARTESIAN_POINT('',(277.934285316309,59.7613990422846,
6.94100763311858));
#34080=DIRECTION('',(-1.92788729510996E-16,-1.75294604232139E-14,-1.));
#34090=VECTOR('',#34080,1.);
#34100=LINE('',#34070,#34090);
#34110=CARTESIAN_POINT('',(277.934285316309,59.7613990422847,
7.96600763311963));
#34120=VERTEX_POINT('',#34110);
#34130=EDGE_CURVE('',#34120,#34040,#34100,.T.);
#34140=ORIENTED_EDGE('',*,*,#34130,.T.);
#34150=CARTESIAN_POINT('',(277.934285316309,60.0263990422847,
7.96600763311963));
#34160=DIRECTION('',(-3.62457622377811E-14,-1.,1.64313007644524E-14));
#34170=VECTOR('',#34160,1.);
#34180=LINE('',#34150,#34170);
#34190=EDGE_CURVE('',#33960,#34120,#34180,.T.);
#34200=ORIENTED_EDGE('',*,*,#34190,.T.);
#34210=EDGE_LOOP('',(#34200,#34140,#34060,#33980));
#34220=FACE_OUTER_BOUND('',#34210,.T.);
#34230=ADVANCED_FACE('',(#34220),#33880,.T.);
#34240=CARTESIAN_POINT('',(281.73428530817,60.6413990422846,
8.69100763311971));
#34250=DIRECTION('',(0.707106781187125,-0.70710678118597,
-5.41646932107039E-14));
#34260=DIRECTION('',(-0.70710678118597,-0.707106781187125,
7.95513512400456E-14));
#34270=AXIS2_PLACEMENT_3D('',#34240,#34250,#34260);
#34280=PLANE('',#34270);
#34290=ORIENTED_EDGE('',*,*,#18820,.F.);
#34300=ORIENTED_EDGE('',*,*,#30170,.T.);
#34310=ORIENTED_EDGE('',*,*,#24100,.T.);
#34320=ORIENTED_EDGE('',*,*,#4760,.F.);
#34330=EDGE_LOOP('',(#34320,#34310,#34300,#34290));
#34340=FACE_OUTER_BOUND('',#34330,.T.);
#34350=ADVANCED_FACE('',(#34340),#34280,.T.);
#34360=CARTESIAN_POINT('',(277.034285398629,65.4213990422746,
7.5460076331175));
#34370=DIRECTION('',(-3.0195163722045E-18,1.,-3.39607611876663E-14));
#34380=DIRECTION('',(-5.12725372093427E-32,3.39607611876663E-14,1.));
#34390=AXIS2_PLACEMENT_3D('',#34360,#34370,#34380);
#34400=PLANE('',#34390);
#34410=ORIENTED_EDGE('',*,*,#29710,.F.);
#34420=ORIENTED_EDGE('',*,*,#15930,.F.);
#34430=ORIENTED_EDGE('',*,*,#12630,.T.);
#34440=ORIENTED_EDGE('',*,*,#5010,.T.);
#34450=EDGE_LOOP('',(#34440,#34430,#34420,#34410));
#34460=FACE_OUTER_BOUND('',#34450,.T.);
#34470=ADVANCED_FACE('',(#34460),#34400,.T.);
#34480=CARTESIAN_POINT('',(277.384285398629,61.0863990422741,
9.02600763311277));
#34490=DIRECTION('',(3.0195163722045E-18,-1.,3.39607611876663E-14));
#34500=DIRECTION('',(5.12725372093427E-32,-3.39607611876663E-14,-1.));
#34510=AXIS2_PLACEMENT_3D('',#34480,#34490,#34500);
#34520=PLANE('',#34510);
#34530=ORIENTED_EDGE('',*,*,#26430,.T.);
#34540=ORIENTED_EDGE('',*,*,#28510,.F.);
#34550=ORIENTED_EDGE('',*,*,#20240,.F.);
#34560=ORIENTED_EDGE('',*,*,#6590,.F.);
#34570=EDGE_LOOP('',(#34560,#34550,#34540,#34530));
#34580=FACE_OUTER_BOUND('',#34570,.T.);
#34590=ADVANCED_FACE('',(#34580),#34520,.F.);
#34600=CARTESIAN_POINT('',(278.88428531631,64.7413990422745,
4.01600763858761));
#34610=DIRECTION('',(-0.,-0.,-1.));
#34620=DIRECTION('',(0.,-1.,0.));
#34630=AXIS2_PLACEMENT_3D('',#34600,#34610,#34620);
#34640=PLANE('',#34630);
#34650=ORIENTED_EDGE('',*,*,#22100,.T.);
#34660=ORIENTED_EDGE('',*,*,#26870,.F.);
#34670=CARTESIAN_POINT('',(284.98428530817,64.6263990422745,
4.01600763858761));
#34680=DIRECTION('',(3.62457622377811E-14,1.,0.));
#34690=VECTOR('',#34680,1.);
#34700=LINE('',#34670,#34690);
#34710=EDGE_CURVE('',#15690,#26800,#34700,.T.);
#34720=ORIENTED_EDGE('',*,*,#34710,.T.);
#34730=ORIENTED_EDGE('',*,*,#15700,.T.);
#34740=EDGE_LOOP('',(#34730,#34720,#34660,#34650));
#34750=FACE_OUTER_BOUND('',#34740,.T.);
#34760=ADVANCED_FACE('',(#34750),#34640,.F.);
#34770=CARTESIAN_POINT('',(278.95928531631,60.5463990422749,
4.09100763858761));
#34780=DIRECTION('',(0.7071067811866,-5.92487720257984E-16,
0.707106781186495));
#34790=DIRECTION('',(0.707106781186495,0.,-0.7071067811866));
#34800=AXIS2_PLACEMENT_3D('',#34770,#34780,#34790);
#34810=PLANE('',#34800);
#34820=ORIENTED_EDGE('',*,*,#32230,.T.);
#34830=ORIENTED_EDGE('',*,*,#23260,.T.);
#34840=ORIENTED_EDGE('',*,*,#9650,.T.);
#34850=ORIENTED_EDGE('',*,*,#21330,.F.);
#34860=EDGE_LOOP('',(#34850,#34840,#34830,#34820));
#34870=FACE_OUTER_BOUND('',#34860,.T.);
#34880=ADVANCED_FACE('',(#34870),#34810,.T.);
#34890=CARTESIAN_POINT('',(281.084285353399,64.9113990422836,
6.9410076331143));
#34900=DIRECTION('',(1.50975818610225E-18,-1.,1.69803805938331E-14));
#34910=DIRECTION('',(-1.,-1.5097581845208E-18,9.31338339782428E-14));
#34920=AXIS2_PLACEMENT_3D('',#34890,#34900,#34910);
#34930=PLANE('',#34920);
#34940=ORIENTED_EDGE('',*,*,#10650,.F.);
#34950=ORIENTED_EDGE('',*,*,#16890,.F.);
#34960=ORIENTED_EDGE('',*,*,#14890,.T.);
#34970=ORIENTED_EDGE('',*,*,#32480,.F.);
#34980=ORIENTED_EDGE('',*,*,#380,.T.);
#34990=EDGE_LOOP('',(#34980,#34970,#34960,#34950,#34940));
#35000=FACE_OUTER_BOUND('',#34990,.T.);
#35010=ADVANCED_FACE('',(#35000),#34930,.T.);
#35020=CARTESIAN_POINT('',(281.884285324447,63.2905594575616,
6.17892796762808));
#35030=DIRECTION('',(1.,4.85722573273506E-17,-9.43705672749744E-33));
#35040=DIRECTION('',(1.17963209093718E-32,-4.85722573273506E-17,1.));
#35050=AXIS2_PLACEMENT_3D('',#35020,#35030,#35040);
#35060=PLANE('',#35050);
#35070=CARTESIAN_POINT('',(281.884285324447,63.361399042275,
7.31600763311753));
#35080=DIRECTION('',(-1.17963209093718E-32,4.85722573273506E-17,-1.));
#35090=VECTOR('',#35080,1.);
#35100=LINE('',#35070,#35090);
#35110=CARTESIAN_POINT('',(281.884285324447,63.361399042275,
7.4660076331175));
#35120=VERTEX_POINT('',#35110);
#35130=CARTESIAN_POINT('',(281.884285324447,63.361399042275,
7.16600763311757));
#35140=VERTEX_POINT('',#35130);
#35150=EDGE_CURVE('',#35120,#35140,#35100,.T.);
#35160=ORIENTED_EDGE('',*,*,#35150,.T.);
#35170=CARTESIAN_POINT('',(281.884285324447,63.511399042275,
7.4660076331175));
#35180=DIRECTION('',(-4.85722573273506E-17,1.,4.85722573273506E-17));
#35190=VECTOR('',#35180,1.);
#35200=LINE('',#35170,#35190);
#35210=CARTESIAN_POINT('',(281.884285324447,63.661399042275,
7.4660076331175));
#35220=VERTEX_POINT('',#35210);
#35230=EDGE_CURVE('',#35120,#35220,#35200,.T.);
#35240=ORIENTED_EDGE('',*,*,#35230,.F.);
#35250=CARTESIAN_POINT('',(281.884285324447,63.661399042275,
7.31600763311753));
#35260=DIRECTION('',(1.17963209093718E-32,-4.85722573273506E-17,1.));
#35270=VECTOR('',#35260,1.);
#35280=LINE('',#35250,#35270);
#35290=CARTESIAN_POINT('',(281.884285324447,63.661399042275,
7.16600763311757));
#35300=VERTEX_POINT('',#35290);
#35310=EDGE_CURVE('',#35300,#35220,#35280,.T.);
#35320=ORIENTED_EDGE('',*,*,#35310,.T.);
#35330=CARTESIAN_POINT('',(281.884285324447,63.511399042275,
7.16600763311757));
#35340=DIRECTION('',(-4.85722573273506E-17,1.,4.85722573273506E-17));
#35350=VECTOR('',#35340,1.);
#35360=LINE('',#35330,#35350);
#35370=EDGE_CURVE('',#35140,#35300,#35360,.T.);
#35380=ORIENTED_EDGE('',*,*,#35370,.T.);
#35390=EDGE_LOOP('',(#35380,#35320,#35240,#35160));
#35400=FACE_OUTER_BOUND('',#35390,.T.);
#35410=ADVANCED_FACE('',(#35400),#35060,.T.);
#35420=CARTESIAN_POINT('',(281.684285324447,63.711399042275,
7.31600763311753));
#35430=DIRECTION('',(0.242535625036333,0.970142500145332,
4.71220111612583E-17));
#35440=DIRECTION('',(-0.970142500145332,0.242535625036333,
1.17805027903146E-17));
#35450=AXIS2_PLACEMENT_3D('',#35420,#35430,#35440);
#35460=PLANE('',#35450);
#35470=CARTESIAN_POINT('',(279.484285324447,64.261399042275,
8.0660076331175));
#35480=DIRECTION('',(0.942809041582063,-0.235702260395516,
-0.235702260395516));
#35490=VECTOR('',#35480,1.);
#35500=LINE('',#35470,#35490);
#35510=CARTESIAN_POINT('',(281.484285324447,63.7613990422745,
7.5660076331175));
#35520=VERTEX_POINT('',#35510);
#35530=EDGE_CURVE('',#35520,#35220,#35500,.T.);
#35540=ORIENTED_EDGE('',*,*,#35530,.T.);
#35550=CARTESIAN_POINT('',(281.484285324447,63.761399042275,
7.31600763311753));
#35560=DIRECTION('',(1.17963209093718E-32,-4.85722573273506E-17,1.));
#35570=VECTOR('',#35560,1.);
#35580=LINE('',#35550,#35570);
#35590=CARTESIAN_POINT('',(281.484285324449,63.7613990422745,
7.06600763311809));
#35600=VERTEX_POINT('',#35590);
#35610=EDGE_CURVE('',#35600,#35520,#35580,.T.);
#35620=ORIENTED_EDGE('',*,*,#35610,.T.);
#35630=CARTESIAN_POINT('',(279.484285324447,64.261399042275,
6.56600763311757));
#35640=DIRECTION('',(-0.942809041582063,0.235702260395516,
-0.235702260395516));
#35650=VECTOR('',#35640,1.);
#35660=LINE('',#35630,#35650);
#35670=EDGE_CURVE('',#35300,#35600,#35660,.T.);
#35680=ORIENTED_EDGE('',*,*,#35670,.T.);
#35690=ORIENTED_EDGE('',*,*,#35310,.F.);
#35700=EDGE_LOOP('',(#35690,#35680,#35620,#35540));
#35710=FACE_OUTER_BOUND('',#35700,.T.);
#35720=ADVANCED_FACE('',(#35710),#35460,.T.);
#35730=CARTESIAN_POINT('',(281.684285324447,63.511399042275,
7.5160076331175));
#35740=DIRECTION('',(-0.242535625036333,3.53415083709438E-17,
-0.970142500145332));
#35750=DIRECTION('',(-0.970142500145332,-5.89025139515729E-17,
0.242535625036333));
#35760=AXIS2_PLACEMENT_3D('',#35730,#35740,#35750);
#35770=PLANE('',#35760);
#35780=CARTESIAN_POINT('',(279.484285324447,62.761399042275,
8.0660076331175));
#35790=DIRECTION('',(0.942809041582063,0.235702260395516,
-0.235702260395516));
#35800=VECTOR('',#35790,1.);
#35810=LINE('',#35780,#35800);
#35820=CARTESIAN_POINT('',(281.484285324447,63.2613990422745,
7.5660076331175));
#35830=VERTEX_POINT('',#35820);
#35840=EDGE_CURVE('',#35830,#35120,#35810,.T.);
#35850=ORIENTED_EDGE('',*,*,#35840,.T.);
#35860=CARTESIAN_POINT('',(281.484285324447,63.511399042275,
7.5660076331175));
#35870=DIRECTION('',(-4.85722573273506E-17,1.,4.85722573273506E-17));
#35880=VECTOR('',#35870,1.);
#35890=LINE('',#35860,#35880);
#35900=EDGE_CURVE('',#35830,#35520,#35890,.T.);
#35910=ORIENTED_EDGE('',*,*,#35900,.F.);
#35920=ORIENTED_EDGE('',*,*,#35530,.F.);
#35930=ORIENTED_EDGE('',*,*,#35230,.T.);
#35940=EDGE_LOOP('',(#35930,#35920,#35910,#35850));
#35950=FACE_OUTER_BOUND('',#35940,.T.);
#35960=ADVANCED_FACE('',(#35950),#35770,.F.);
#35970=CARTESIAN_POINT('',(275.941807512093,63.2613990422753,
10.9660076493946));
#35980=DIRECTION('',(-9.32572243103271E-14,-1.,9.32572243103271E-14));
#35990=DIRECTION('',(-1.,9.32572243103271E-14,4.54151021774503E-30));
#36000=AXIS2_PLACEMENT_3D('',#35970,#35980,#35990);
#36010=PLANE('',#36000);
#36020=ORIENTED_EDGE('',*,*,#20810,.T.);
#36030=CARTESIAN_POINT('',(279.484285324447,63.261399042275,
7.5660076331175));
#36040=DIRECTION('',(-1.,-4.85722573273506E-17,9.43705672749744E-33));
#36050=VECTOR('',#36040,1.);
#36060=LINE('',#36030,#36050);
#36070=EDGE_CURVE('',#35830,#20740,#36060,.T.);
#36080=ORIENTED_EDGE('',*,*,#36070,.T.);
#36090=CARTESIAN_POINT('',(281.484285324447,63.261399042275,
7.31600763311753));
#36100=DIRECTION('',(-1.17963209093718E-32,4.85722573273506E-17,-1.));
#36110=VECTOR('',#36100,1.);
#36120=LINE('',#36090,#36110);
#36130=CARTESIAN_POINT('',(281.484285324447,63.2613990422745,
7.06600763311757));
#36140=VERTEX_POINT('',#36130);
#36150=EDGE_CURVE('',#35830,#36140,#36120,.T.);
#36160=ORIENTED_EDGE('',*,*,#36150,.F.);
#36170=CARTESIAN_POINT('',(278.632346094452,63.2613990422747,
7.06600763311757));
#36180=DIRECTION('',(1.,-9.32572243103271E-14,-4.54151021774503E-30));
#36190=VECTOR('',#36180,1.);
#36200=LINE('',#36170,#36190);
#36210=EDGE_CURVE('',#20560,#36140,#36200,.T.);
#36220=ORIENTED_EDGE('',*,*,#36210,.T.);
#36230=EDGE_LOOP('',(#36220,#36160,#36080,#36020));
#36240=FACE_OUTER_BOUND('',#36230,.T.);
#36250=ADVANCED_FACE('',(#36240),#36010,.T.);
#36260=CARTESIAN_POINT('',(278.684285324447,63.821399042275,
7.5660076331175));
#36270=DIRECTION('',(-1.17963209093718E-32,4.85722573273506E-17,-1.));
#36280=DIRECTION('',(-1.,-4.85722573273506E-17,9.43705672749744E-33));
#36290=AXIS2_PLACEMENT_3D('',#36260,#36270,#36280);
#36300=PLANE('',#36290);
#36310=CARTESIAN_POINT('',(279.484285324447,63.761399042275,
7.5660076331175));
#36320=DIRECTION('',(-1.,-4.85722573273506E-17,9.43705672749744E-33));
#36330=VECTOR('',#36320,1.);
#36340=LINE('',#36310,#36330);
#36350=EDGE_CURVE('',#35520,#20660,#36340,.T.);
#36360=ORIENTED_EDGE('',*,*,#36350,.T.);
#36370=ORIENTED_EDGE('',*,*,#35900,.T.);
#36380=ORIENTED_EDGE('',*,*,#36070,.F.);
#36390=ORIENTED_EDGE('',*,*,#20750,.F.);
#36400=EDGE_LOOP('',(#36390,#36380,#36370,#36360));
#36410=FACE_OUTER_BOUND('',#36400,.T.);
#36420=ADVANCED_FACE('',(#36410),#36300,.F.);
#36430=CARTESIAN_POINT('',(276.441807512093,63.7613990422753,
10.9660076493946));
#36440=DIRECTION('',(9.32572243103271E-14,1.,-9.32572243103271E-14));
#36450=DIRECTION('',(1.,-9.32572243103271E-14,-4.54151021774503E-30));
#36460=AXIS2_PLACEMENT_3D('',#36430,#36440,#36450);
#36470=PLANE('',#36460);
#36480=CARTESIAN_POINT('',(279.484285324447,63.761399042275,
7.06600763311757));
#36490=DIRECTION('',(-1.,-4.85722573273506E-17,9.43705672749744E-33));
#36500=VECTOR('',#36490,1.);
#36510=LINE('',#36480,#36500);
#36520=EDGE_CURVE('',#35600,#20580,#36510,.T.);
#36530=ORIENTED_EDGE('',*,*,#36520,.T.);
#36540=ORIENTED_EDGE('',*,*,#35610,.F.);
#36550=ORIENTED_EDGE('',*,*,#36350,.F.);
#36560=ORIENTED_EDGE('',*,*,#20670,.T.);
#36570=EDGE_LOOP('',(#36560,#36550,#36540,#36530));
#36580=FACE_OUTER_BOUND('',#36570,.T.);
#36590=ADVANCED_FACE('',(#36580),#36470,.T.);
#36600=CARTESIAN_POINT('',(278.684285324447,63.821399042275,
7.06600763311757));
#36610=DIRECTION('',(-1.17963209093718E-32,4.85722573273506E-17,-1.));
#36620=DIRECTION('',(-1.,-4.85722573273506E-17,9.43705672749744E-33));
#36630=AXIS2_PLACEMENT_3D('',#36600,#36610,#36620);
#36640=PLANE('',#36630);
#36650=ORIENTED_EDGE('',*,*,#36210,.F.);
#36660=CARTESIAN_POINT('',(281.484285324447,63.511399042275,
7.06600763311757));
#36670=DIRECTION('',(-4.85722573273506E-17,1.,4.85722573273506E-17));
#36680=VECTOR('',#36670,1.);
#36690=LINE('',#36660,#36680);
#36700=EDGE_CURVE('',#36140,#35600,#36690,.T.);
#36710=ORIENTED_EDGE('',*,*,#36700,.F.);
#36720=ORIENTED_EDGE('',*,*,#36520,.F.);
#36730=ORIENTED_EDGE('',*,*,#20590,.T.);
#36740=EDGE_LOOP('',(#36730,#36720,#36710,#36650));
#36750=FACE_OUTER_BOUND('',#36740,.T.);
#36760=ADVANCED_FACE('',(#36750),#36640,.T.);
#36770=CARTESIAN_POINT('',(281.684285324447,63.311399042275,
7.31600763311753));
#36780=DIRECTION('',(0.242535625036333,-0.970142500145332,
-4.71220111612583E-17));
#36790=DIRECTION('',(-0.970142500145332,-0.242535625036333,
-1.17805027903146E-17));
#36800=AXIS2_PLACEMENT_3D('',#36770,#36780,#36790);
#36810=PLANE('',#36800);
#36820=CARTESIAN_POINT('',(279.484285324447,62.761399042275,
6.56600763311757));
#36830=DIRECTION('',(0.942809041582063,0.235702260395516,
0.235702260395516));
#36840=VECTOR('',#36830,1.);
#36850=LINE('',#36820,#36840);
#36860=EDGE_CURVE('',#36140,#35140,#36850,.T.);
#36870=ORIENTED_EDGE('',*,*,#36860,.T.);
#36880=ORIENTED_EDGE('',*,*,#36150,.T.);
#36890=ORIENTED_EDGE('',*,*,#35840,.F.);
#36900=ORIENTED_EDGE('',*,*,#35150,.F.);
#36910=EDGE_LOOP('',(#36900,#36890,#36880,#36870));
#36920=FACE_OUTER_BOUND('',#36910,.T.);
#36930=ADVANCED_FACE('',(#36920),#36810,.T.);
#36940=CARTESIAN_POINT('',(281.684285324447,63.511399042275,
7.11600763311757));
#36950=DIRECTION('',(0.242535625036333,5.89025139515729E-17,
-0.970142500145332));
#36960=DIRECTION('',(-0.970142500145332,-3.53415083709437E-17,
-0.242535625036333));
#36970=AXIS2_PLACEMENT_3D('',#36940,#36950,#36960);
#36980=PLANE('',#36970);
#36990=ORIENTED_EDGE('',*,*,#35670,.F.);
#37000=ORIENTED_EDGE('',*,*,#36700,.T.);
#37010=ORIENTED_EDGE('',*,*,#36860,.F.);
#37020=ORIENTED_EDGE('',*,*,#35370,.F.);
#37030=EDGE_LOOP('',(#37020,#37010,#37000,#36990));
#37040=FACE_OUTER_BOUND('',#37030,.T.);
#37050=ADVANCED_FACE('',(#37040),#36980,.T.);
#37060=ORIENTED_EDGE('',*,*,#28920,.F.);
#37070=CARTESIAN_POINT('',(276.48428530817,63.761399042275,
7.5660076331175));
#37080=VERTEX_POINT('',#37070);
#37090=EDGE_CURVE('',#28830,#37080,#36340,.T.);
#37100=ORIENTED_EDGE('',*,*,#37090,.F.);
#37110=CARTESIAN_POINT('',(276.48428530817,63.761399042275,
7.9660076331175));
#37120=DIRECTION('',(9.32572243103271E-14,1.,4.85722573273506E-17));
#37130=DIRECTION('',(-1.17963209093718E-32,4.85722573273506E-17,-1.));
#37140=AXIS2_PLACEMENT_3D('',#37110,#37120,#37130);
#37150=CIRCLE('',#37140,0.4);
#37160=CARTESIAN_POINT('',(276.08428530817,63.761399042275,
7.9660076331175));
#37170=VERTEX_POINT('',#37160);
#37180=EDGE_CURVE('',#37080,#37170,#37150,.T.);
#37190=ORIENTED_EDGE('',*,*,#37180,.F.);
#37200=CARTESIAN_POINT('',(276.08428530817,63.7613990422753,
3.98060945344301));
#37210=DIRECTION('',(-8.70142780364258E-27,-9.33543688249818E-14,1.));
#37220=VECTOR('',#37210,1.);
#37230=LINE('',#37200,#37220);
#37240=CARTESIAN_POINT('',(276.08428530817,63.7613990422755,
12.3160076331089));
#37250=VERTEX_POINT('',#37240);
#37260=EDGE_CURVE('',#37170,#37250,#37230,.T.);
#37270=ORIENTED_EDGE('',*,*,#37260,.F.);
#37280=CARTESIAN_POINT('',(275.83428530817,63.7613990422746,
12.3160076331125));
#37290=DIRECTION('',(1.,-9.32572243103271E-14,-4.54151021774503E-30));
#37300=VECTOR('',#37290,1.);
#37310=LINE('',#37280,#37300);
#37320=CARTESIAN_POINT('',(275.58428530817,63.7613990422755,
12.3160076331089));
#37330=VERTEX_POINT('',#37320);
#37340=EDGE_CURVE('',#37330,#37250,#37310,.T.);
#37350=ORIENTED_EDGE('',*,*,#37340,.T.);
#37360=CARTESIAN_POINT('',(275.58428530817,63.7613990422754,
3.98060945344301));
#37370=DIRECTION('',(-8.70142780364258E-27,-9.33543688249818E-14,1.));
#37380=VECTOR('',#37370,1.);
#37390=LINE('',#37360,#37380);
#37400=CARTESIAN_POINT('',(275.58428530817,63.7613990422751,
7.9660076331175));
#37410=VERTEX_POINT('',#37400);
#37420=EDGE_CURVE('',#37410,#37330,#37390,.T.);
#37430=ORIENTED_EDGE('',*,*,#37420,.T.);
#37440=CARTESIAN_POINT('',(276.48428530817,63.761399042275,
7.9660076331175));
#37450=DIRECTION('',(9.32572243103271E-14,1.,4.85722573273506E-17));
#37460=DIRECTION('',(-1.17963209093718E-32,4.85722573273506E-17,-1.));
#37470=AXIS2_PLACEMENT_3D('',#37440,#37450,#37460);
#37480=CIRCLE('',#37470,0.89999999999993);
#37490=CARTESIAN_POINT('',(276.48428530817,63.7613990422749,
7.06600763311757));
#37500=VERTEX_POINT('',#37490);
#37510=EDGE_CURVE('',#37500,#37410,#37480,.T.);
#37520=ORIENTED_EDGE('',*,*,#37510,.T.);
#37530=EDGE_CURVE('',#28910,#37500,#36510,.T.);
#37540=ORIENTED_EDGE('',*,*,#37530,.T.);
#37550=EDGE_LOOP('',(#37540,#37520,#37430,#37350,#37270,#37190,#37100,
#37060));
#37560=FACE_OUTER_BOUND('',#37550,.T.);
#37570=ADVANCED_FACE('',(#37560),#36470,.T.);
#37580=CARTESIAN_POINT('',(276.48428530817,63.4973440884483,
7.5660076331175));
#37590=DIRECTION('',(9.32572243103271E-14,1.,4.85722573273506E-17));
#37600=VECTOR('',#37590,1.);
#37610=LINE('',#37580,#37600);
#37620=CARTESIAN_POINT('',(276.48428530817,63.261399042275,
7.5660076331175));
#37630=VERTEX_POINT('',#37620);
#37640=EDGE_CURVE('',#37630,#37080,#37610,.T.);
#37650=ORIENTED_EDGE('',*,*,#37640,.F.);
#37660=ORIENTED_EDGE('',*,*,#37090,.T.);
#37670=ORIENTED_EDGE('',*,*,#28840,.T.);
#37680=EDGE_CURVE('',#28810,#37630,#36060,.T.);
#37690=ORIENTED_EDGE('',*,*,#37680,.F.);
#37700=EDGE_LOOP('',(#37690,#37670,#37660,#37650));
#37710=FACE_OUTER_BOUND('',#37700,.T.);
#37720=ADVANCED_FACE('',(#37710),#36300,.F.);
#37730=CARTESIAN_POINT('',(276.48428530817,63.2613990422749,
7.06600763311757));
#37740=VERTEX_POINT('',#37730);
#37750=EDGE_CURVE('',#37740,#28990,#36200,.T.);
#37760=ORIENTED_EDGE('',*,*,#37750,.T.);
#37770=CARTESIAN_POINT('',(276.48428530817,63.261399042275,
7.9660076331175));
#37780=DIRECTION('',(9.32572243103271E-14,1.,4.85722573273506E-17));
#37790=DIRECTION('',(-1.17963209093718E-32,4.85722573273506E-17,-1.));
#37800=AXIS2_PLACEMENT_3D('',#37770,#37780,#37790);
#37810=CIRCLE('',#37800,0.89999999999993);
#37820=CARTESIAN_POINT('',(275.58428530817,63.2613990422751,
7.9660076331175));
#37830=VERTEX_POINT('',#37820);
#37840=EDGE_CURVE('',#37740,#37830,#37810,.T.);
#37850=ORIENTED_EDGE('',*,*,#37840,.F.);
#37860=CARTESIAN_POINT('',(275.58428530817,63.2613990422754,
3.98060945344297));
#37870=DIRECTION('',(8.70142780364258E-27,9.33543688249818E-14,-1.));
#37880=VECTOR('',#37870,1.);
#37890=LINE('',#37860,#37880);
#37900=CARTESIAN_POINT('',(275.58428530817,63.2613990422755,
12.316007633116));
#37910=VERTEX_POINT('',#37900);
#37920=EDGE_CURVE('',#37910,#37830,#37890,.T.);
#37930=ORIENTED_EDGE('',*,*,#37920,.T.);
#37940=CARTESIAN_POINT('',(275.83428530817,63.2613990422746,
12.3160076331124));
#37950=DIRECTION('',(-1.,9.32572243103271E-14,4.54151021774503E-30));
#37960=VECTOR('',#37950,1.);
#37970=LINE('',#37940,#37960);
#37980=CARTESIAN_POINT('',(276.08428530817,63.2613990422755,
12.3160076331143));
#37990=VERTEX_POINT('',#37980);
#38000=EDGE_CURVE('',#37990,#37910,#37970,.T.);
#38010=ORIENTED_EDGE('',*,*,#38000,.T.);
#38020=CARTESIAN_POINT('',(276.08428530817,63.2613990422753,
3.98060945344297));
#38030=DIRECTION('',(8.70142780364258E-27,9.33543688249818E-14,-1.));
#38040=VECTOR('',#38030,1.);
#38050=LINE('',#38020,#38040);
#38060=CARTESIAN_POINT('',(276.08428530817,63.261399042275,
7.9660076331175));
#38070=VERTEX_POINT('',#38060);
#38080=EDGE_CURVE('',#37990,#38070,#38050,.T.);
#38090=ORIENTED_EDGE('',*,*,#38080,.F.);
#38100=CARTESIAN_POINT('',(276.48428530817,63.261399042275,
7.9660076331175));
#38110=DIRECTION('',(9.32572243103271E-14,1.,4.85722573273506E-17));
#38120=DIRECTION('',(-1.17963209093718E-32,4.85722573273506E-17,-1.));
#38130=AXIS2_PLACEMENT_3D('',#38100,#38110,#38120);
#38140=CIRCLE('',#38130,0.4);
#38150=EDGE_CURVE('',#37630,#38070,#38140,.T.);
#38160=ORIENTED_EDGE('',*,*,#38150,.T.);
#38170=ORIENTED_EDGE('',*,*,#37680,.T.);
#38180=ORIENTED_EDGE('',*,*,#29060,.F.);
#38190=EDGE_LOOP('',(#38180,#38170,#38160,#38090,#38010,#37930,#37850,
#37760));
#38200=FACE_OUTER_BOUND('',#38190,.T.);
#38210=ADVANCED_FACE('',(#38200),#36010,.T.);
#38220=CARTESIAN_POINT('',(276.48428530817,63.261399042275,
7.9660076331175));
#38230=DIRECTION('',(-9.32572243103271E-14,-1.,-4.85722573273506E-17));
#38240=DIRECTION('',(1.,-9.32572243103271E-14,-4.54151021774503E-30));
#38250=AXIS2_PLACEMENT_3D('',#38220,#38230,#38240);
#38260=CYLINDRICAL_SURFACE('',#38250,0.899999999999901);
#38270=ORIENTED_EDGE('',*,*,#37510,.F.);
#38280=CARTESIAN_POINT('',(275.58428530817,63.4973440884484,
7.96600763311757));
#38290=DIRECTION('',(9.32572243103271E-14,1.,4.85722573273506E-17));
#38300=VECTOR('',#38290,1.);
#38310=LINE('',#38280,#38300);
#38320=EDGE_CURVE('',#37830,#37410,#38310,.T.);
#38330=ORIENTED_EDGE('',*,*,#38320,.T.);
#38340=ORIENTED_EDGE('',*,*,#37840,.T.);
#38350=CARTESIAN_POINT('',(276.48428530817,63.4973440884483,
7.06600763311757));
#38360=DIRECTION('',(9.32572243103271E-14,1.,4.85722573273506E-17));
#38370=VECTOR('',#38360,1.);
#38380=LINE('',#38350,#38370);
#38390=EDGE_CURVE('',#37740,#37500,#38380,.T.);
#38400=ORIENTED_EDGE('',*,*,#38390,.F.);
#38410=EDGE_LOOP('',(#38400,#38340,#38330,#38270));
#38420=FACE_OUTER_BOUND('',#38410,.T.);
#38430=ADVANCED_FACE('',(#38420),#38260,.T.);
#38440=CARTESIAN_POINT('',(275.58428530817,63.8213990422753,
4.78060945344302));
#38450=DIRECTION('',(-1.,9.32572243103271E-14,4.54151021774542E-30));
#38460=DIRECTION('',(-8.70142780364258E-27,-9.33543688249818E-14,1.));
#38470=AXIS2_PLACEMENT_3D('',#38440,#38450,#38460);
#38480=PLANE('',#38470);
#38490=ORIENTED_EDGE('',*,*,#37420,.F.);
#38500=CARTESIAN_POINT('',(275.58428530817,63.5113990422746,
12.3160076331124));
#38510=DIRECTION('',(9.32572243103271E-14,1.,9.33543688249818E-14));
#38520=VECTOR('',#38510,1.);
#38530=LINE('',#38500,#38520);
#38540=EDGE_CURVE('',#37910,#37330,#38530,.T.);
#38550=ORIENTED_EDGE('',*,*,#38540,.T.);
#38560=ORIENTED_EDGE('',*,*,#37920,.F.);
#38570=ORIENTED_EDGE('',*,*,#38320,.F.);
#38580=EDGE_LOOP('',(#38570,#38560,#38550,#38490));
#38590=FACE_OUTER_BOUND('',#38580,.T.);
#38600=ADVANCED_FACE('',(#38590),#38480,.T.);
#38610=CARTESIAN_POINT('',(275.63428530817,63.5113990422746,
12.5160076331124));
#38620=DIRECTION('',(0.970142500145332,-6.78310365561954E-14,
-0.242535625036333));
#38630=DIRECTION('',(-0.242535625036333,1.13185239958616E-13,
-0.970142500145332));
#38640=AXIS2_PLACEMENT_3D('',#38610,#38620,#38630);
#38650=PLANE('',#38640);
#38660=CARTESIAN_POINT('',(274.28428530817,61.9613990422752,
7.11600763311229));
#38670=DIRECTION('',(-0.235702260395538,-0.235702260395406,
-0.942809041582085));
#38680=VECTOR('',#38670,1.);
#38690=LINE('',#38660,#38680);
#38700=CARTESIAN_POINT('',(275.68428530817,63.3613990422746,
12.7160076331124));
#38710=VERTEX_POINT('',#38700);
#38720=EDGE_CURVE('',#38710,#37910,#38690,.T.);
#38730=ORIENTED_EDGE('',*,*,#38720,.F.);
#38740=ORIENTED_EDGE('',*,*,#38540,.F.);
#38750=CARTESIAN_POINT('',(274.28428530817,65.0613990422752,
7.11600763311258));
#38760=DIRECTION('',(0.235702260395494,-0.235702260395626,
0.942809041582041));
#38770=VECTOR('',#38760,1.);
#38780=LINE('',#38750,#38770);
#38790=CARTESIAN_POINT('',(275.68428530817,63.6613990422746,
12.7160076331124));
#38800=VERTEX_POINT('',#38790);
#38810=EDGE_CURVE('',#37330,#38800,#38780,.T.);
#38820=ORIENTED_EDGE('',*,*,#38810,.F.);
#38830=CARTESIAN_POINT('',(275.68428530817,63.5113990422746,
12.7160076331124));
#38840=DIRECTION('',(9.32572243103271E-14,1.,9.33543688249818E-14));
#38850=VECTOR('',#38840,1.);
#38860=LINE('',#38830,#38850);
#38870=EDGE_CURVE('',#38710,#38800,#38860,.T.);
#38880=ORIENTED_EDGE('',*,*,#38870,.T.);
#38890=EDGE_LOOP('',(#38880,#38820,#38740,#38730));
#38900=FACE_OUTER_BOUND('',#38890,.T.);
#38910=ADVANCED_FACE('',(#38900),#38650,.F.);
#38920=CARTESIAN_POINT('',(275.83428530817,63.7113990422746,
12.5160076331125));
#38930=DIRECTION('',(-9.04727967490326E-14,-0.970142500145309,
-0.242535625036424));
#38940=DIRECTION('',(2.26181991872671E-14,0.242535625036424,
-0.970142500145309));
#38950=AXIS2_PLACEMENT_3D('',#38920,#38930,#38940);
#38960=PLANE('',#38950);
#38970=ORIENTED_EDGE('',*,*,#38810,.T.);
#38980=ORIENTED_EDGE('',*,*,#37340,.F.);
#38990=CARTESIAN_POINT('',(277.38428530817,65.0613990422749,
7.11600763311258));
#39000=DIRECTION('',(-0.235702260395538,-0.235702260395582,
0.942809041582041));
#39010=VECTOR('',#39000,1.);
#39020=LINE('',#38990,#39010);
#39030=CARTESIAN_POINT('',(275.98428530817,63.6613990422745,
12.7160076331124));
#39040=VERTEX_POINT('',#39030);
#39050=EDGE_CURVE('',#37250,#39040,#39020,.T.);
#39060=ORIENTED_EDGE('',*,*,#39050,.F.);
#39070=CARTESIAN_POINT('',(275.83428530817,63.6613990422745,
12.7160076331124));
#39080=DIRECTION('',(1.,-9.32572243103271E-14,-4.54151021774503E-30));
#39090=VECTOR('',#39080,1.);
#39100=LINE('',#39070,#39090);
#39110=EDGE_CURVE('',#38800,#39040,#39100,.T.);
#39120=ORIENTED_EDGE('',*,*,#39110,.T.);
#39130=EDGE_LOOP('',(#39120,#39060,#38980,#38970));
#39140=FACE_OUTER_BOUND('',#39130,.T.);
#39150=ADVANCED_FACE('',(#39140),#38960,.F.);
#39160=CARTESIAN_POINT('',(276.03428530817,63.5113990422745,
12.5160076331124));
#39170=DIRECTION('',(0.970142500145332,-1.13114556941874E-13,
0.242535625036333));
#39180=DIRECTION('',(0.242535625036333,6.79488415840986E-14,
-0.970142500145332));
#39190=AXIS2_PLACEMENT_3D('',#39160,#39170,#39180);
#39200=PLANE('',#39190);
#39210=ORIENTED_EDGE('',*,*,#39050,.T.);
#39220=CARTESIAN_POINT('',(276.08428530817,63.5113990422746,
12.3160076331124));
#39230=DIRECTION('',(9.32572243103271E-14,1.,9.33543688249818E-14));
#39240=VECTOR('',#39230,1.);
#39250=LINE('',#39220,#39240);
#39260=EDGE_CURVE('',#37990,#37250,#39250,.T.);
#39270=ORIENTED_EDGE('',*,*,#39260,.T.);
#39280=CARTESIAN_POINT('',(277.38428530817,61.9613990422749,
7.11600763311229));
#39290=DIRECTION('',(-0.235702260395494,0.23570226039545,
0.942809041582085));
#39300=VECTOR('',#39290,1.);
#39310=LINE('',#39280,#39300);
#39320=CARTESIAN_POINT('',(275.98428530817,63.3613990422745,
12.7160076331124));
#39330=VERTEX_POINT('',#39320);
#39340=EDGE_CURVE('',#37990,#39330,#39310,.T.);
#39350=ORIENTED_EDGE('',*,*,#39340,.F.);
#39360=CARTESIAN_POINT('',(275.98428530817,63.5113990422745,
12.7160076331124));
#39370=DIRECTION('',(9.32572243103271E-14,1.,9.33543688249818E-14));
#39380=VECTOR('',#39370,1.);
#39390=LINE('',#39360,#39380);
#39400=EDGE_CURVE('',#39330,#39040,#39390,.T.);
#39410=ORIENTED_EDGE('',*,*,#39400,.F.);
#39420=EDGE_LOOP('',(#39410,#39350,#39270,#39210));
#39430=FACE_OUTER_BOUND('',#39420,.T.);
#39440=ADVANCED_FACE('',(#39430),#39200,.T.);
#39450=CARTESIAN_POINT('',(275.83428530817,63.3113990422746,
12.5160076331124));
#39460=DIRECTION('',(9.04727967490368E-14,0.970142500145355,
-0.242535625036242));
#39470=DIRECTION('',(-2.26181991872502E-14,-0.242535625036242,
-0.970142500145355));
#39480=AXIS2_PLACEMENT_3D('',#39450,#39460,#39470);
#39490=PLANE('',#39480);
#39500=ORIENTED_EDGE('',*,*,#39340,.T.);
#39510=ORIENTED_EDGE('',*,*,#38000,.F.);
#39520=ORIENTED_EDGE('',*,*,#38720,.T.);
#39530=CARTESIAN_POINT('',(275.83428530817,63.3613990422745,
12.7160076331124));
#39540=DIRECTION('',(-1.,9.32572243103271E-14,4.54151021774503E-30));
#39550=VECTOR('',#39540,1.);
#39560=LINE('',#39530,#39550);
#39570=EDGE_CURVE('',#39330,#38710,#39560,.T.);
#39580=ORIENTED_EDGE('',*,*,#39570,.T.);
#39590=EDGE_LOOP('',(#39580,#39520,#39510,#39500));
#39600=FACE_OUTER_BOUND('',#39590,.T.);
#39610=ADVANCED_FACE('',(#39600),#39490,.F.);
#39620=CARTESIAN_POINT('',(276.08428530817,63.8213990422752,
4.78060945344302));
#39630=DIRECTION('',(-1.,9.32572243103271E-14,4.54151021774542E-30));
#39640=DIRECTION('',(-8.70142780364258E-27,-9.33543688249818E-14,1.));
#39650=AXIS2_PLACEMENT_3D('',#39620,#39630,#39640);
#39660=PLANE('',#39650);
#39670=ORIENTED_EDGE('',*,*,#38080,.T.);
#39680=ORIENTED_EDGE('',*,*,#39260,.F.);
#39690=ORIENTED_EDGE('',*,*,#37260,.T.);
#39700=CARTESIAN_POINT('',(276.08428530817,63.4973440884484,
7.9660076331175));
#39710=DIRECTION('',(9.32572243103271E-14,1.,4.85722573273506E-17));
#39720=VECTOR('',#39710,1.);
#39730=LINE('',#39700,#39720);
#39740=EDGE_CURVE('',#38070,#37170,#39730,.T.);
#39750=ORIENTED_EDGE('',*,*,#39740,.T.);
#39760=EDGE_LOOP('',(#39750,#39690,#39680,#39670));
#39770=FACE_OUTER_BOUND('',#39760,.T.);
#39780=ADVANCED_FACE('',(#39770),#39660,.F.);
#39790=CARTESIAN_POINT('',(276.48428530817,63.261399042275,
7.9660076331175));
#39800=DIRECTION('',(-9.32572243103271E-14,-1.,-4.85722573273506E-17));
#39810=DIRECTION('',(1.,-9.32572243103271E-14,-4.54151021774503E-30));
#39820=AXIS2_PLACEMENT_3D('',#39790,#39800,#39810);
#39830=CYLINDRICAL_SURFACE('',#39820,0.4);
#39840=ORIENTED_EDGE('',*,*,#38150,.F.);
#39850=ORIENTED_EDGE('',*,*,#39740,.F.);
#39860=ORIENTED_EDGE('',*,*,#37180,.T.);
#39870=ORIENTED_EDGE('',*,*,#37640,.T.);
#39880=EDGE_LOOP('',(#39870,#39860,#39850,#39840));
#39890=FACE_OUTER_BOUND('',#39880,.T.);
#39900=ADVANCED_FACE('',(#39890),#39830,.F.);
#39910=CARTESIAN_POINT('',(274.69720564268,63.2905594575613,
12.7160076331124));
#39920=DIRECTION('',(8.70142780364258E-27,9.33543688249818E-14,-1.));
#39930=DIRECTION('',(1.,-9.32572243103271E-14,-4.54151021774503E-30));
#39940=AXIS2_PLACEMENT_3D('',#39910,#39920,#39930);
#39950=PLANE('',#39940);
#39960=ORIENTED_EDGE('',*,*,#39110,.F.);
#39970=ORIENTED_EDGE('',*,*,#39400,.T.);
#39980=ORIENTED_EDGE('',*,*,#39570,.F.);
#39990=ORIENTED_EDGE('',*,*,#38870,.F.);
#40000=EDGE_LOOP('',(#39990,#39980,#39970,#39960));
#40010=FACE_OUTER_BOUND('',#40000,.T.);
#40020=ADVANCED_FACE('',(#40010),#39950,.F.);
#40030=ORIENTED_EDGE('',*,*,#38390,.T.);
#40040=ORIENTED_EDGE('',*,*,#37750,.F.);
#40050=ORIENTED_EDGE('',*,*,#29000,.F.);
#40060=ORIENTED_EDGE('',*,*,#37530,.F.);
#40070=EDGE_LOOP('',(#40060,#40050,#40040,#40030));
#40080=FACE_OUTER_BOUND('',#40070,.T.);
#40090=ADVANCED_FACE('',(#40080),#36640,.T.);
#40100=CARTESIAN_POINT('',(281.884285324447,61.2905594575616,
6.17892796762808));
#40110=DIRECTION('',(1.,4.85722573273506E-17,-9.43705672749744E-33));
#40120=DIRECTION('',(1.17963209093718E-32,-4.85722573273506E-17,1.));
#40130=AXIS2_PLACEMENT_3D('',#40100,#40110,#40120);
#40140=PLANE('',#40130);
#40150=CARTESIAN_POINT('',(281.884285324447,61.361399042275,
7.31600763311753));
#40160=DIRECTION('',(-1.17963209093718E-32,4.85722573273506E-17,-1.));
#40170=VECTOR('',#40160,1.);
#40180=LINE('',#40150,#40170);
#40190=CARTESIAN_POINT('',(281.884285324447,61.361399042275,
7.4660076331175));
#40200=VERTEX_POINT('',#40190);
#40210=CARTESIAN_POINT('',(281.884285324447,61.361399042275,
7.16600763311757));
#40220=VERTEX_POINT('',#40210);
#40230=EDGE_CURVE('',#40200,#40220,#40180,.T.);
#40240=ORIENTED_EDGE('',*,*,#40230,.T.);
#40250=CARTESIAN_POINT('',(281.884285324447,61.511399042275,
7.4660076331175));
#40260=DIRECTION('',(-4.85722573273506E-17,1.,4.85722573273506E-17));
#40270=VECTOR('',#40260,1.);
#40280=LINE('',#40250,#40270);
#40290=CARTESIAN_POINT('',(281.884285324447,61.661399042275,
7.4660076331175));
#40300=VERTEX_POINT('',#40290);
#40310=EDGE_CURVE('',#40200,#40300,#40280,.T.);
#40320=ORIENTED_EDGE('',*,*,#40310,.F.);
#40330=CARTESIAN_POINT('',(281.884285324447,61.661399042275,
7.31600763311753));
#40340=DIRECTION('',(1.17963209093718E-32,-4.85722573273506E-17,1.));
#40350=VECTOR('',#40340,1.);
#40360=LINE('',#40330,#40350);
#40370=CARTESIAN_POINT('',(281.884285324447,61.661399042275,
7.16600763311757));
#40380=VERTEX_POINT('',#40370);
#40390=EDGE_CURVE('',#40380,#40300,#40360,.T.);
#40400=ORIENTED_EDGE('',*,*,#40390,.T.);
#40410=CARTESIAN_POINT('',(281.884285324447,61.511399042275,
7.16600763311757));
#40420=DIRECTION('',(-4.85722573273506E-17,1.,4.85722573273506E-17));
#40430=VECTOR('',#40420,1.);
#40440=LINE('',#40410,#40430);
#40450=EDGE_CURVE('',#40220,#40380,#40440,.T.);
#40460=ORIENTED_EDGE('',*,*,#40450,.T.);
#40470=EDGE_LOOP('',(#40460,#40400,#40320,#40240));
#40480=FACE_OUTER_BOUND('',#40470,.T.);
#40490=ADVANCED_FACE('',(#40480),#40140,.T.);
#40500=CARTESIAN_POINT('',(281.684285324447,61.711399042275,
7.31600763311753));
#40510=DIRECTION('',(0.242535625036333,0.970142500145332,
4.71220111612583E-17));
#40520=DIRECTION('',(-0.970142500145332,0.242535625036333,
1.17805027903146E-17));
#40530=AXIS2_PLACEMENT_3D('',#40500,#40510,#40520);
#40540=PLANE('',#40530);
#40550=CARTESIAN_POINT('',(279.484285324447,62.261399042275,
8.0660076331175));
#40560=DIRECTION('',(0.942809041582063,-0.235702260395516,
-0.235702260395516));
#40570=VECTOR('',#40560,1.);
#40580=LINE('',#40550,#40570);
#40590=CARTESIAN_POINT('',(281.484285324447,61.7613990422745,
7.5660076331175));
#40600=VERTEX_POINT('',#40590);
#40610=EDGE_CURVE('',#40600,#40300,#40580,.T.);
#40620=ORIENTED_EDGE('',*,*,#40610,.T.);
#40630=CARTESIAN_POINT('',(281.484285324447,61.761399042275,
7.31600763311753));
#40640=DIRECTION('',(1.17963209093718E-32,-4.85722573273506E-17,1.));
#40650=VECTOR('',#40640,1.);
#40660=LINE('',#40630,#40650);
#40670=CARTESIAN_POINT('',(281.484285324449,61.7613990422745,
7.06600763311809));
#40680=VERTEX_POINT('',#40670);
#40690=EDGE_CURVE('',#40680,#40600,#40660,.T.);
#40700=ORIENTED_EDGE('',*,*,#40690,.T.);
#40710=CARTESIAN_POINT('',(279.484285324447,62.261399042275,
6.56600763311757));
#40720=DIRECTION('',(-0.942809041582063,0.235702260395516,
-0.235702260395516));
#40730=VECTOR('',#40720,1.);
#40740=LINE('',#40710,#40730);
#40750=EDGE_CURVE('',#40380,#40680,#40740,.T.);
#40760=ORIENTED_EDGE('',*,*,#40750,.T.);
#40770=ORIENTED_EDGE('',*,*,#40390,.F.);
#40780=EDGE_LOOP('',(#40770,#40760,#40700,#40620));
#40790=FACE_OUTER_BOUND('',#40780,.T.);
#40800=ADVANCED_FACE('',(#40790),#40540,.T.);
#40810=CARTESIAN_POINT('',(281.684285324447,61.511399042275,
7.5160076331175));
#40820=DIRECTION('',(-0.242535625036333,3.53415083709438E-17,
-0.970142500145332));
#40830=DIRECTION('',(-0.970142500145332,-5.89025139515729E-17,
0.242535625036333));
#40840=AXIS2_PLACEMENT_3D('',#40810,#40820,#40830);
#40850=PLANE('',#40840);
#40860=CARTESIAN_POINT('',(279.484285324447,60.761399042275,
8.0660076331175));
#40870=DIRECTION('',(0.942809041582063,0.235702260395516,
-0.235702260395516));
#40880=VECTOR('',#40870,1.);
#40890=LINE('',#40860,#40880);
#40900=CARTESIAN_POINT('',(281.484285324447,61.2613990422745,
7.5660076331175));
#40910=VERTEX_POINT('',#40900);
#40920=EDGE_CURVE('',#40910,#40200,#40890,.T.);
#40930=ORIENTED_EDGE('',*,*,#40920,.T.);
#40940=CARTESIAN_POINT('',(281.484285324447,61.511399042275,
7.5660076331175));
#40950=DIRECTION('',(-4.85722573273506E-17,1.,4.85722573273506E-17));
#40960=VECTOR('',#40950,1.);
#40970=LINE('',#40940,#40960);
#40980=EDGE_CURVE('',#40910,#40600,#40970,.T.);
#40990=ORIENTED_EDGE('',*,*,#40980,.F.);
#41000=ORIENTED_EDGE('',*,*,#40610,.F.);
#41010=ORIENTED_EDGE('',*,*,#40310,.T.);
#41020=EDGE_LOOP('',(#41010,#41000,#40990,#40930));
#41030=FACE_OUTER_BOUND('',#41020,.T.);
#41040=ADVANCED_FACE('',(#41030),#40850,.F.);
#41050=ORIENTED_EDGE('',*,*,#21150,.T.);
#41060=EDGE_CURVE('',#40910,#21080,#14030,.T.);
#41070=ORIENTED_EDGE('',*,*,#41060,.T.);
#41080=CARTESIAN_POINT('',(281.484285324447,61.261399042275,
7.31600763311753));
#41090=DIRECTION('',(-1.17963209093718E-32,4.85722573273506E-17,-1.));
#41100=VECTOR('',#41090,1.);
#41110=LINE('',#41080,#41100);
#41120=CARTESIAN_POINT('',(281.484285324447,61.2613990422745,
7.06600763311757));
#41130=VERTEX_POINT('',#41120);
#41140=EDGE_CURVE('',#40910,#41130,#41110,.T.);
#41150=ORIENTED_EDGE('',*,*,#41140,.F.);
#41160=EDGE_CURVE('',#20900,#41130,#19080,.T.);
#41170=ORIENTED_EDGE('',*,*,#41160,.T.);
#41180=EDGE_LOOP('',(#41170,#41150,#41070,#41050));
#41190=FACE_OUTER_BOUND('',#41180,.T.);
#41200=ADVANCED_FACE('',(#41190),#19040,.T.);
#41210=EDGE_CURVE('',#40600,#21000,#13870,.T.);
#41220=ORIENTED_EDGE('',*,*,#41210,.T.);
#41230=ORIENTED_EDGE('',*,*,#40980,.T.);
#41240=ORIENTED_EDGE('',*,*,#41060,.F.);
#41250=ORIENTED_EDGE('',*,*,#21090,.F.);
#41260=EDGE_LOOP('',(#41250,#41240,#41230,#41220));
#41270=FACE_OUTER_BOUND('',#41260,.T.);
#41280=ADVANCED_FACE('',(#41270),#13730,.F.);
#41290=CARTESIAN_POINT('',(276.441807512093,61.7613990422753,
10.9660076493946));
#41300=DIRECTION('',(9.32572243103271E-14,1.,-9.32572243103271E-14));
#41310=DIRECTION('',(1.,-9.32572243103271E-14,-4.54151021774503E-30));
#41320=AXIS2_PLACEMENT_3D('',#41290,#41300,#41310);
#41330=PLANE('',#41320);
#41340=EDGE_CURVE('',#40680,#20920,#28000,.T.);
#41350=ORIENTED_EDGE('',*,*,#41340,.T.);
#41360=ORIENTED_EDGE('',*,*,#40690,.F.);
#41370=ORIENTED_EDGE('',*,*,#41210,.F.);
#41380=ORIENTED_EDGE('',*,*,#21010,.T.);
#41390=EDGE_LOOP('',(#41380,#41370,#41360,#41350));
#41400=FACE_OUTER_BOUND('',#41390,.T.);
#41410=ADVANCED_FACE('',(#41400),#41330,.T.);
#41420=ORIENTED_EDGE('',*,*,#41160,.F.);
#41430=CARTESIAN_POINT('',(281.484285324447,61.511399042275,
7.06600763311757));
#41440=DIRECTION('',(-4.85722573273506E-17,1.,4.85722573273506E-17));
#41450=VECTOR('',#41440,1.);
#41460=LINE('',#41430,#41450);
#41470=EDGE_CURVE('',#41130,#40680,#41460,.T.);
#41480=ORIENTED_EDGE('',*,*,#41470,.F.);
#41490=ORIENTED_EDGE('',*,*,#41340,.F.);
#41500=ORIENTED_EDGE('',*,*,#20930,.T.);
#41510=EDGE_LOOP('',(#41500,#41490,#41480,#41420));
#41520=FACE_OUTER_BOUND('',#41510,.T.);
#41530=ADVANCED_FACE('',(#41520),#27860,.T.);
#41540=CARTESIAN_POINT('',(281.684285324447,61.311399042275,
7.31600763311753));
#41550=DIRECTION('',(0.242535625036333,-0.970142500145332,
-4.71220111612583E-17));
#41560=DIRECTION('',(-0.970142500145332,-0.242535625036333,
-1.17805027903146E-17));
#41570=AXIS2_PLACEMENT_3D('',#41540,#41550,#41560);
#41580=PLANE('',#41570);
#41590=CARTESIAN_POINT('',(279.484285324447,60.761399042275,
6.56600763311757));
#41600=DIRECTION('',(0.942809041582063,0.235702260395516,
0.235702260395516));
#41610=VECTOR('',#41600,1.);
#41620=LINE('',#41590,#41610);
#41630=EDGE_CURVE('',#41130,#40220,#41620,.T.);
#41640=ORIENTED_EDGE('',*,*,#41630,.T.);
#41650=ORIENTED_EDGE('',*,*,#41140,.T.);
#41660=ORIENTED_EDGE('',*,*,#40920,.F.);
#41670=ORIENTED_EDGE('',*,*,#40230,.F.);
#41680=EDGE_LOOP('',(#41670,#41660,#41650,#41640));
#41690=FACE_OUTER_BOUND('',#41680,.T.);
#41700=ADVANCED_FACE('',(#41690),#41580,.T.);
#41710=CARTESIAN_POINT('',(281.684285324447,61.511399042275,
7.11600763311757));
#41720=DIRECTION('',(0.242535625036333,5.89025139515729E-17,
-0.970142500145332));
#41730=DIRECTION('',(-0.970142500145332,-3.53415083709437E-17,
-0.242535625036333));
#41740=AXIS2_PLACEMENT_3D('',#41710,#41720,#41730);
#41750=PLANE('',#41740);
#41760=ORIENTED_EDGE('',*,*,#40750,.F.);
#41770=ORIENTED_EDGE('',*,*,#41470,.T.);
#41780=ORIENTED_EDGE('',*,*,#41630,.F.);
#41790=ORIENTED_EDGE('',*,*,#40450,.F.);
#41800=EDGE_LOOP('',(#41790,#41780,#41770,#41760));
#41810=FACE_OUTER_BOUND('',#41800,.T.);
#41820=ADVANCED_FACE('',(#41810),#41750,.T.);
#41830=ORIENTED_EDGE('',*,*,#29160,.F.);
#41840=ORIENTED_EDGE('',*,*,#13900,.F.);
#41850=CARTESIAN_POINT('',(276.48428530817,61.761399042275,
7.9660076331175));
#41860=DIRECTION('',(9.32572243103271E-14,1.,4.85722573273506E-17));
#41870=DIRECTION('',(-1.17963209093718E-32,4.85722573273506E-17,-1.));
#41880=AXIS2_PLACEMENT_3D('',#41850,#41860,#41870);
#41890=CIRCLE('',#41880,0.4);
#41900=CARTESIAN_POINT('',(276.08428530817,61.761399042275,
7.9660076331175));
#41910=VERTEX_POINT('',#41900);
#41920=EDGE_CURVE('',#13810,#41910,#41890,.T.);
#41930=ORIENTED_EDGE('',*,*,#41920,.F.);
#41940=CARTESIAN_POINT('',(276.08428530817,61.7613990422753,
3.98060945344301));
#41950=DIRECTION('',(-8.70142780364258E-27,-9.33543688249818E-14,1.));
#41960=VECTOR('',#41950,1.);
#41970=LINE('',#41940,#41960);
#41980=CARTESIAN_POINT('',(276.08428530817,61.7613990422755,
12.3160076331089));
#41990=VERTEX_POINT('',#41980);
#42000=EDGE_CURVE('',#41910,#41990,#41970,.T.);
#42010=ORIENTED_EDGE('',*,*,#42000,.F.);
#42020=CARTESIAN_POINT('',(275.83428530817,61.7613990422746,
12.3160076331125));
#42030=DIRECTION('',(1.,-9.32572243103271E-14,-4.54151021774503E-30));
#42040=VECTOR('',#42030,1.);
#42050=LINE('',#42020,#42040);
#42060=EDGE_CURVE('',#15060,#41990,#42050,.T.);
#42070=ORIENTED_EDGE('',*,*,#42060,.T.);
#42080=ORIENTED_EDGE('',*,*,#15070,.T.);
#42090=ORIENTED_EDGE('',*,*,#22290,.T.);
#42100=ORIENTED_EDGE('',*,*,#28010,.T.);
#42110=EDGE_LOOP('',(#42100,#42090,#42080,#42070,#42010,#41930,#41840,
#41830));
#42120=FACE_OUTER_BOUND('',#42110,.T.);
#42130=ADVANCED_FACE('',(#42120),#41330,.T.);
#42140=CARTESIAN_POINT('',(276.48428530817,61.261399042275,
7.9660076331175));
#42150=DIRECTION('',(-9.32572243103271E-14,-1.,-4.85722573273506E-17));
#42160=DIRECTION('',(1.,-9.32572243103271E-14,-4.54151021774503E-30));
#42170=AXIS2_PLACEMENT_3D('',#42140,#42150,#42160);
#42180=CYLINDRICAL_SURFACE('',#42170,0.4);
#42190=ORIENTED_EDGE('',*,*,#19440,.F.);
#42200=CARTESIAN_POINT('',(276.08428530817,61.4973440884484,
7.9660076331175));
#42210=DIRECTION('',(9.32572243103271E-14,1.,4.85722573273506E-17));
#42220=VECTOR('',#42210,1.);
#42230=LINE('',#42200,#42220);
#42240=EDGE_CURVE('',#19360,#41910,#42230,.T.);
#42250=ORIENTED_EDGE('',*,*,#42240,.F.);
#42260=ORIENTED_EDGE('',*,*,#41920,.T.);
#42270=ORIENTED_EDGE('',*,*,#13820,.T.);
#42280=EDGE_LOOP('',(#42270,#42260,#42250,#42190));
#42290=FACE_OUTER_BOUND('',#42280,.T.);
#42300=ADVANCED_FACE('',(#42290),#42180,.F.);
#42310=CARTESIAN_POINT('',(276.08428530817,61.8213990422752,
4.78060945344302));
#42320=DIRECTION('',(-1.,9.32572243103271E-14,4.54151021774542E-30));
#42330=DIRECTION('',(-8.70142780364258E-27,-9.33543688249818E-14,1.));
#42340=AXIS2_PLACEMENT_3D('',#42310,#42320,#42330);
#42350=PLANE('',#42340);
#42360=ORIENTED_EDGE('',*,*,#19370,.T.);
#42370=CARTESIAN_POINT('',(276.08428530817,61.5113990422746,
12.3160076331124));
#42380=DIRECTION('',(9.32572243103271E-14,1.,9.33543688249818E-14));
#42390=VECTOR('',#42380,1.);
#42400=LINE('',#42370,#42390);
#42410=EDGE_CURVE('',#19280,#41990,#42400,.T.);
#42420=ORIENTED_EDGE('',*,*,#42410,.F.);
#42430=ORIENTED_EDGE('',*,*,#42000,.T.);
#42440=ORIENTED_EDGE('',*,*,#42240,.T.);
#42450=EDGE_LOOP('',(#42440,#42430,#42420,#42360));
#42460=FACE_OUTER_BOUND('',#42450,.T.);
#42470=ADVANCED_FACE('',(#42460),#42350,.F.);
#42480=CARTESIAN_POINT('',(276.03428530817,61.5113990422745,
12.5160076331124));
#42490=DIRECTION('',(0.970142500145332,-1.13114556941874E-13,
0.242535625036333));
#42500=DIRECTION('',(0.242535625036333,6.79488415840986E-14,
-0.970142500145332));
#42510=AXIS2_PLACEMENT_3D('',#42480,#42490,#42500);
#42520=PLANE('',#42510);
#42530=CARTESIAN_POINT('',(277.38428530817,63.0613990422749,
7.11600763311258));
#42540=DIRECTION('',(-0.235702260395538,-0.235702260395582,
0.942809041582041));
#42550=VECTOR('',#42540,1.);
#42560=LINE('',#42530,#42550);
#42570=EDGE_CURVE('',#41990,#5630,#42560,.T.);
#42580=ORIENTED_EDGE('',*,*,#42570,.T.);
#42590=ORIENTED_EDGE('',*,*,#42410,.T.);
#42600=ORIENTED_EDGE('',*,*,#33760,.F.);
#42610=ORIENTED_EDGE('',*,*,#5720,.F.);
#42620=EDGE_LOOP('',(#42610,#42600,#42590,#42580));
#42630=FACE_OUTER_BOUND('',#42620,.T.);
#42640=ADVANCED_FACE('',(#42630),#42520,.T.);
#42650=CARTESIAN_POINT('',(275.83428530817,61.7113990422746,
12.5160076331125));
#42660=DIRECTION('',(-9.04727967490326E-14,-0.970142500145309,
-0.242535625036424));
#42670=DIRECTION('',(2.26181991872671E-14,0.242535625036424,
-0.970142500145309));
#42680=AXIS2_PLACEMENT_3D('',#42650,#42660,#42670);
#42690=PLANE('',#42680);
#42700=ORIENTED_EDGE('',*,*,#29380,.T.);
#42710=ORIENTED_EDGE('',*,*,#42060,.F.);
#42720=ORIENTED_EDGE('',*,*,#42570,.F.);
#42730=ORIENTED_EDGE('',*,*,#5640,.T.);
#42740=EDGE_LOOP('',(#42730,#42720,#42710,#42700));
#42750=FACE_OUTER_BOUND('',#42740,.T.);
#42760=ADVANCED_FACE('',(#42750),#42690,.F.);
#42770=CARTESIAN_POINT('',(278.03428531631,65.3613990422738,
6.94100763311849));
#42780=DIRECTION('',(0.707106781186673,-0.707106781186422,
1.14823619762843E-14));
#42790=DIRECTION('',(0.707106781186422,0.707106781186673,
-1.25607396694687E-14));
#42800=AXIS2_PLACEMENT_3D('',#42770,#42780,#42790);
#42810=PLANE('',#42800);
#42820=CARTESIAN_POINT('',(212.672886274059,0.,-17.0508619997415));
#42830=DIRECTION('',(-0.682479477937259,-0.682479477937506,
-0.261617133209267));
#42840=VECTOR('',#42830,1.);
#42850=LINE('',#42820,#42840);
#42860=EDGE_CURVE('',#31400,#2400,#42850,.T.);
#42870=ORIENTED_EDGE('',*,*,#42860,.T.);
#42880=ORIENTED_EDGE('',*,*,#31410,.T.);
#42890=CARTESIAN_POINT('',(212.672886274059,0.,30.9328772659821));
#42900=DIRECTION('',(0.682479477937257,0.682479477937495,
-0.261617133209301));
#42910=VECTOR('',#42900,1.);
#42920=LINE('',#42890,#42910);
#42930=EDGE_CURVE('',#2500,#31320,#42920,.T.);
#42940=ORIENTED_EDGE('',*,*,#42930,.T.);
#42950=ORIENTED_EDGE('',*,*,#2510,.F.);
#42960=EDGE_LOOP('',(#42950,#42940,#42880,#42870));
#42970=FACE_OUTER_BOUND('',#42960,.T.);
#42980=ADVANCED_FACE('',(#42970),#42810,.T.);
#42990=CARTESIAN_POINT('',(285.18428530817,65.5613990422741,
6.94100763311848));
#43000=DIRECTION('',(-0.707106781186573,0.707106781186522,
-1.1482361976286E-14));
#43010=DIRECTION('',(0.707106781186522,0.707106781186573,
-1.25607396694705E-14));
#43020=AXIS2_PLACEMENT_3D('',#42990,#43000,#43010);
#43030=PLANE('',#43020);
#43040=CARTESIAN_POINT('',(219.622886265901,0.,-56.2453914091431));
#43050=DIRECTION('',(-0.577350269189626,-0.577350269189676,
-0.577350269189575));
#43060=VECTOR('',#43050,1.);
#43070=LINE('',#43040,#43060);
#43080=EDGE_CURVE('',#12110,#31550,#43070,.T.);
#43090=ORIENTED_EDGE('',*,*,#43080,.T.);
#43100=ORIENTED_EDGE('',*,*,#12120,.F.);
#43110=CARTESIAN_POINT('',(219.622886265899,0.,70.1274066753852));
#43120=DIRECTION('',(0.577350269189623,0.577350269189655,
-0.5773502691896));
#43130=VECTOR('',#43120,1.);
#43140=LINE('',#43110,#43130);
#43150=EDGE_CURVE('',#31160,#12030,#43140,.T.);
#43160=ORIENTED_EDGE('',*,*,#43150,.T.);
#43170=ORIENTED_EDGE('',*,*,#31620,.T.);
#43180=EDGE_LOOP('',(#43170,#43160,#43100,#43090));
#43190=FACE_OUTER_BOUND('',#43180,.T.);
#43200=ADVANCED_FACE('',(#43190),#43030,.F.);
#43210=CARTESIAN_POINT('',(278.034285316309,59.6613990422846,
6.94100763311858));
#43220=DIRECTION('',(0.707106781186585,0.70710678118651,
-1.25315225537687E-14));
#43230=DIRECTION('',(0.70710678118651,-0.707106781186585,
1.25607396694702E-14));
#43240=AXIS2_PLACEMENT_3D('',#43210,#43220,#43230);
#43250=PLANE('',#43240);
#43260=CARTESIAN_POINT('',(337.695684358587,0.,-16.9925286664232));
#43270=DIRECTION('',(0.682479477937334,-0.682479477937411,
-0.261617133209322));
#43280=VECTOR('',#43270,1.);
#43290=LINE('',#43260,#43280);
#43300=EDGE_CURVE('',#34040,#7570,#43290,.T.);
#43310=ORIENTED_EDGE('',*,*,#43300,.F.);
#43320=ORIENTED_EDGE('',*,*,#7580,.T.);
#43330=CARTESIAN_POINT('',(337.695684358588,0.,30.8745439326616));
#43340=DIRECTION('',(0.682479477937336,-0.682479477937404,
0.261617133209332));
#43350=VECTOR('',#43340,1.);
#43360=LINE('',#43330,#43350);
#43370=EDGE_CURVE('',#34120,#7490,#43360,.T.);
#43380=ORIENTED_EDGE('',*,*,#43370,.T.);
#43390=ORIENTED_EDGE('',*,*,#34130,.F.);
#43400=EDGE_LOOP('',(#43390,#43380,#43320,#43310));
#43410=FACE_OUTER_BOUND('',#43400,.T.);
#43420=ADVANCED_FACE('',(#43410),#43250,.T.);
#43430=CARTESIAN_POINT('',(278.034285316309,60.3913990422847,
6.94100763311858));
#43440=DIRECTION('',(0.70710678118656,-0.707106781186535,
1.15545501353061E-14));
#43450=DIRECTION('',(0.707106781186535,0.70710678118656,
-1.25607396694707E-14));
#43460=AXIS2_PLACEMENT_3D('',#43430,#43440,#43450);
#43470=PLANE('',#43460);
#43480=CARTESIAN_POINT('',(217.642886274027,0.,-15.1456953330867));
#43490=DIRECTION('',(-0.682479477937362,-0.682479477937391,
-0.261617133209301));
#43500=VECTOR('',#43490,1.);
#43510=LINE('',#43480,#43500);
#43520=EDGE_CURVE('',#30030,#33960,#43510,.T.);
#43530=ORIENTED_EDGE('',*,*,#43520,.T.);
#43540=ORIENTED_EDGE('',*,*,#30040,.T.);
#43550=CARTESIAN_POINT('',(217.642886274027,0.,29.0277105993251));
#43560=DIRECTION('',(-0.682479477937364,-0.682479477937384,
0.261617133209313));
#43570=VECTOR('',#43560,1.);
#43580=LINE('',#43550,#43570);
#43590=EDGE_CURVE('',#29950,#33940,#43580,.T.);
#43600=ORIENTED_EDGE('',*,*,#43590,.F.);
#43610=ORIENTED_EDGE('',*,*,#33970,.F.);
#43620=EDGE_LOOP('',(#43610,#43600,#43540,#43530));
#43630=FACE_OUTER_BOUND('',#43620,.T.);
#43640=ADVANCED_FACE('',(#43630),#43470,.T.);
#43650=CARTESIAN_POINT('',(279.43428531631,64.896399042274,
5.34100763311745));
#43660=DIRECTION('',(0.357936011632458,1.87370653256357E-14,
0.933746117302047));
#43670=DIRECTION('',(0.933746117302047,-4.86542115174999E-14,
-0.357936011632458));
#43680=AXIS2_PLACEMENT_3D('',#43650,#43660,#43670);
#43690=PLANE('',#43680);
#43700=ORIENTED_EDGE('',*,*,#42930,.F.);
#43710=ORIENTED_EDGE('',*,*,#31330,.T.);
#43720=ORIENTED_EDGE('',*,*,#31770,.T.);
#43730=ORIENTED_EDGE('',*,*,#26650,.F.);
#43740=ORIENTED_EDGE('',*,*,#21740,.T.);
#43750=ORIENTED_EDGE('',*,*,#32820,.T.);
#43760=CARTESIAN_POINT('',(342.665684358574,0.,-18.8976953330832));
#43770=DIRECTION('',(0.682479477937326,-0.682479477937427,
-0.2616171332093));
#43780=VECTOR('',#43770,1.);
#43790=LINE('',#43760,#43780);
#43800=EDGE_CURVE('',#2580,#32750,#43790,.T.);
#43810=ORIENTED_EDGE('',*,*,#43800,.T.);
#43820=ORIENTED_EDGE('',*,*,#2590,.F.);
#43830=EDGE_LOOP('',(#43820,#43810,#43750,#43740,#43730,#43720,#43710,
#43700));
#43840=FACE_OUTER_BOUND('',#43830,.T.);
#43850=ADVANCED_FACE('',(#43840),#43690,.T.);
#43860=CARTESIAN_POINT('',(279.434285316309,60.0263990422846,
5.34100763311753));
#43870=DIRECTION('',(-0.357936011632453,1.39990658915158E-14,
-0.933746117302049));
#43880=DIRECTION('',(0.933746117302049,-3.31733260346585E-14,
-0.357936011632453));
#43890=AXIS2_PLACEMENT_3D('',#43860,#43870,#43880);
#43900=PLANE('',#43890);
#43910=ORIENTED_EDGE('',*,*,#43590,.T.);
#43920=ORIENTED_EDGE('',*,*,#29960,.F.);
#43930=ORIENTED_EDGE('',*,*,#21420,.F.);
#43940=ORIENTED_EDGE('',*,*,#9490,.T.);
#43950=ORIENTED_EDGE('',*,*,#33550,.F.);
#43960=ORIENTED_EDGE('',*,*,#7660,.F.);
#43970=ORIENTED_EDGE('',*,*,#43300,.T.);
#43980=ORIENTED_EDGE('',*,*,#34050,.T.);
#43990=EDGE_LOOP('',(#43980,#43970,#43960,#43950,#43940,#43930,#43920,
#43910));
#44000=FACE_OUTER_BOUND('',#43990,.T.);
#44010=ADVANCED_FACE('',(#44000),#43900,.F.);
#44020=CARTESIAN_POINT('',(279.434285316309,60.0263990422846,
8.54100763311963));
#44030=DIRECTION('',(0.357936011632452,-2.83163268649991E-14,
-0.93374611730205));
#44040=DIRECTION('',(0.93374611730205,-2.65386608277268E-14,
0.357936011632452));
#44050=AXIS2_PLACEMENT_3D('',#44020,#44030,#44040);
#44060=PLANE('',#44050);
#44070=ORIENTED_EDGE('',*,*,#43370,.F.);
#44080=ORIENTED_EDGE('',*,*,#7500,.T.);
#44090=ORIENTED_EDGE('',*,*,#24240,.T.);
#44100=ORIENTED_EDGE('',*,*,#30100,.T.);
#44110=ORIENTED_EDGE('',*,*,#43520,.F.);
#44120=ORIENTED_EDGE('',*,*,#34190,.F.);
#44130=EDGE_LOOP('',(#44120,#44110,#44100,#44090,#44080,#44070));
#44140=FACE_OUTER_BOUND('',#44130,.T.);
#44150=ADVANCED_FACE('',(#44140),#44060,.T.);
#44160=CARTESIAN_POINT('',(279.43428531631,64.896399042274,
8.54100763311955));
#44170=DIRECTION('',(0.357936011632458,-2.83163268649993E-14,
-0.933746117302047));
#44180=DIRECTION('',(0.933746117302047,-3.09617709656818E-14,
0.357936011632458));
#44190=AXIS2_PLACEMENT_3D('',#44160,#44170,#44180);
#44200=PLANE('',#44190);
#44210=CARTESIAN_POINT('',(342.665684358575,0.,32.7797105993237));
#44220=DIRECTION('',(-0.682479477937324,0.682479477937416,
-0.261617133209333));
#44230=VECTOR('',#44220,1.);
#44240=LINE('',#44210,#44230);
#44250=EDGE_CURVE('',#32670,#2420,#44240,.T.);
#44260=ORIENTED_EDGE('',*,*,#44250,.T.);
#44270=ORIENTED_EDGE('',*,*,#32680,.T.);
#44280=ORIENTED_EDGE('',*,*,#23940,.T.);
#44290=ORIENTED_EDGE('',*,*,#31470,.T.);
#44300=ORIENTED_EDGE('',*,*,#42860,.F.);
#44310=ORIENTED_EDGE('',*,*,#2430,.F.);
#44320=EDGE_LOOP('',(#44310,#44300,#44290,#44280,#44270,#44260));
#44330=FACE_OUTER_BOUND('',#44320,.T.);
#44340=ADVANCED_FACE('',(#44330),#44200,.T.);
#44350=CARTESIAN_POINT('',(278.03428531631,64.6313990422744,
6.94100763311851));
#44360=DIRECTION('',(0.707106781186598,0.707106781186497,
-1.16828182532128E-14));
#44370=DIRECTION('',(0.707106781186497,-0.707106781186598,
1.256073966947E-14));
#44380=AXIS2_PLACEMENT_3D('',#44350,#44360,#44370);
#44390=PLANE('',#44380);
#44400=ORIENTED_EDGE('',*,*,#43800,.F.);
#44410=ORIENTED_EDGE('',*,*,#32760,.T.);
#44420=ORIENTED_EDGE('',*,*,#44250,.F.);
#44430=ORIENTED_EDGE('',*,*,#2650,.F.);
#44440=EDGE_LOOP('',(#44430,#44420,#44410,#44400));
#44450=FACE_OUTER_BOUND('',#44440,.T.);
#44460=ADVANCED_FACE('',(#44450),#44390,.T.);
#44470=CARTESIAN_POINT('',(285.13428530817,65.2013990422743,
4.61600763311744));
#44480=DIRECTION('',(-0.707106781186534,1.61573973755358E-15,
-0.707106781186561));
#44490=DIRECTION('',(0.707106781186561,-6.69906115705065E-14,
-0.707106781186534));
#44500=AXIS2_PLACEMENT_3D('',#44470,#44480,#44490);
#44510=PLANE('',#44500);
#44520=ORIENTED_EDGE('',*,*,#31170,.F.);
#44530=ORIENTED_EDGE('',*,*,#43150,.F.);
#44540=ORIENTED_EDGE('',*,*,#12040,.F.);
#44550=CARTESIAN_POINT('',(0.,-220.242886265805,289.750292941275));
#44560=DIRECTION('',(-0.577350269189695,-0.577350269189511,
0.577350269189671));
#44570=VECTOR('',#44560,1.);
#44580=LINE('',#44550,#44570);
#44590=EDGE_CURVE('',#11950,#26720,#44580,.T.);
#44600=ORIENTED_EDGE('',*,*,#44590,.F.);
#44610=ORIENTED_EDGE('',*,*,#31840,.T.);
#44620=EDGE_LOOP('',(#44610,#44600,#44540,#44530,#44520));
#44630=FACE_OUTER_BOUND('',#44620,.T.);
#44640=ADVANCED_FACE('',(#44630),#44510,.F.);
#44650=CARTESIAN_POINT('',(285.13428530817,64.8913990422745,
4.24100763585253));
#44660=DIRECTION('',(-0.707106781186447,0.707106781186648,
-2.38775623120852E-14));
#44670=DIRECTION('',(-0.707106781186648,-0.707106781186447,
2.30280227273601E-14));
#44680=AXIS2_PLACEMENT_3D('',#44650,#44660,#44670);
#44690=PLANE('',#44680);
#44700=CARTESIAN_POINT('',(0.,-220.242886265805,289.000292946736));
#44710=DIRECTION('',(0.577350269189701,0.577350269189518,
-0.577350269189658));
#44720=VECTOR('',#44710,1.);
#44730=LINE('',#44700,#44720);
#44740=EDGE_CURVE('',#26800,#11870,#44730,.T.);
#44750=ORIENTED_EDGE('',*,*,#44740,.T.);
#44760=ORIENTED_EDGE('',*,*,#26810,.F.);
#44770=ORIENTED_EDGE('',*,*,#44590,.T.);
#44780=ORIENTED_EDGE('',*,*,#11960,.T.);
#44790=EDGE_LOOP('',(#44780,#44770,#44760,#44750));
#44800=FACE_OUTER_BOUND('',#44790,.T.);
#44810=ADVANCED_FACE('',(#44800),#44690,.F.);
#44820=CARTESIAN_POINT('',(285.13428530817,64.6263990422745,
3.86600763858761));
#44830=DIRECTION('',(-0.707106781186534,2.56296242676098E-14,
-0.707106781186561));
#44840=DIRECTION('',(-0.707106781186561,3.34953057852532E-14,
0.707106781186534));
#44850=AXIS2_PLACEMENT_3D('',#44820,#44830,#44840);
#44860=PLANE('',#44850);
#44870=CARTESIAN_POINT('',(0.,349.195684350431,289.000292946756));
#44880=DIRECTION('',(0.577350269189635,-0.577350269189608,
-0.577350269189634));
#44890=VECTOR('',#44880,1.);
#44900=LINE('',#44870,#44890);
#44910=EDGE_CURVE('',#15690,#11790,#44900,.T.);
#44920=ORIENTED_EDGE('',*,*,#44910,.T.);
#44930=ORIENTED_EDGE('',*,*,#34710,.F.);
#44940=ORIENTED_EDGE('',*,*,#44740,.F.);
#44950=ORIENTED_EDGE('',*,*,#11880,.T.);
#44960=EDGE_LOOP('',(#44950,#44940,#44930,#44920));
#44970=FACE_OUTER_BOUND('',#44960,.T.);
#44980=ADVANCED_FACE('',(#44970),#44860,.F.);
#44990=CARTESIAN_POINT('',(285.13428530817,64.0613990422745,
4.06600763858732));
#45000=DIRECTION('',(-0.707106781186531,-0.707106781186564,
1.36322217973113E-16));
#45010=DIRECTION('',(-0.707106781186564,0.707106781186531,0.));
#45020=AXIS2_PLACEMENT_3D('',#44990,#45000,#45010);
#45030=PLANE('',#45020);
#45040=CARTESIAN_POINT('',(289.400292946756,59.795391403688,0.));
#45050=DIRECTION('',(0.577350269189617,-0.57735026918959,
-0.577350269189671));
#45060=VECTOR('',#45050,1.);
#45070=LINE('',#45040,#45060);
#45080=EDGE_CURVE('',#15440,#11710,#45070,.T.);
#45090=ORIENTED_EDGE('',*,*,#45080,.T.);
#45100=ORIENTED_EDGE('',*,*,#15760,.F.);
#45110=ORIENTED_EDGE('',*,*,#44910,.F.);
#45120=ORIENTED_EDGE('',*,*,#11800,.T.);
#45130=EDGE_LOOP('',(#45120,#45110,#45100,#45090));
#45140=FACE_OUTER_BOUND('',#45130,.T.);
#45150=ADVANCED_FACE('',(#45140),#45030,.F.);
#45160=CARTESIAN_POINT('',(285.13428530817,62.3613990422747,
4.26600763858703));
#45170=DIRECTION('',(0.707106781186567,-2.5591395651274E-14,
0.707106781186528));
#45180=DIRECTION('',(0.707106781186528,-3.34953057852517E-14,
-0.707106781186567));
#45190=AXIS2_PLACEMENT_3D('',#45160,#45170,#45180);
#45200=PLANE('',#45190);
#45210=ORIENTED_EDGE('',*,*,#45080,.F.);
#45220=ORIENTED_EDGE('',*,*,#11720,.T.);
#45230=CARTESIAN_POINT('',(289.400292946756,65.2274066808617,0.));
#45240=DIRECTION('',(-0.577350269189631,-0.577350269189604,
0.577350269189643));
#45250=VECTOR('',#45240,1.);
#45260=LINE('',#45230,#45250);
#45270=EDGE_CURVE('',#11630,#24710,#45260,.T.);
#45280=ORIENTED_EDGE('',*,*,#45270,.F.);
#45290=ORIENTED_EDGE('',*,*,#24800,.F.);
#45300=EDGE_LOOP('',(#45290,#45280,#45220,#45210));
#45310=FACE_OUTER_BOUND('',#45300,.T.);
#45320=ADVANCED_FACE('',(#45310),#45200,.T.);
#45330=CARTESIAN_POINT('',(285.134285308169,60.9613990422749,
4.06600763858732));
#45340=DIRECTION('',(0.707106781186531,-0.707106781186564,
-1.36322217973113E-16));
#45350=DIRECTION('',(-0.707106781186564,-0.707106781186531,0.));
#45360=AXIS2_PLACEMENT_3D('',#45330,#45340,#45350);
#45370=PLANE('',#45360);
#45380=CARTESIAN_POINT('',(0.,-224.172886265881,289.000292946735));
#45390=DIRECTION('',(-0.577350269189649,-0.577350269189622,
0.577350269189606));
#45400=VECTOR('',#45390,1.);
#45410=LINE('',#45380,#45400);
#45420=EDGE_CURVE('',#11550,#23330,#45410,.T.);
#45430=ORIENTED_EDGE('',*,*,#45420,.F.);
#45440=ORIENTED_EDGE('',*,*,#32320,.T.);
#45450=ORIENTED_EDGE('',*,*,#45270,.T.);
#45460=ORIENTED_EDGE('',*,*,#11640,.F.);
#45470=EDGE_LOOP('',(#45460,#45450,#45440,#45430));
#45480=FACE_OUTER_BOUND('',#45470,.T.);
#45490=ADVANCED_FACE('',(#45480),#45370,.T.);
#45500=CARTESIAN_POINT('',(285.134285308169,60.6963990422749,
3.86600763858761));
#45510=DIRECTION('',(-0.707106781186534,2.62221119878678E-14,
-0.707106781186561));
#45520=DIRECTION('',(-0.707106781186561,3.34953057852532E-14,
0.707106781186534));
#45530=AXIS2_PLACEMENT_3D('',#45500,#45510,#45520);
#45540=PLANE('',#45530);
#45550=CARTESIAN_POINT('',(0.,345.265684350431,289.000292946757));
#45560=DIRECTION('',(0.577350269189635,-0.577350269189608,
-0.577350269189634));
#45570=VECTOR('',#45560,1.);
#45580=LINE('',#45550,#45570);
#45590=EDGE_CURVE('',#9720,#11470,#45580,.T.);
#45600=ORIENTED_EDGE('',*,*,#45590,.T.);
#45610=ORIENTED_EDGE('',*,*,#23400,.F.);
#45620=ORIENTED_EDGE('',*,*,#45420,.T.);
#45630=ORIENTED_EDGE('',*,*,#11560,.T.);
#45640=EDGE_LOOP('',(#45630,#45620,#45610,#45600));
#45650=FACE_OUTER_BOUND('',#45640,.T.);
#45660=ADVANCED_FACE('',(#45650),#45540,.F.);
#45670=CARTESIAN_POINT('',(285.134285308169,60.1313990422749,
4.24100763585257));
#45680=DIRECTION('',(-0.707106781186531,-0.707106781186564,
1.36322217973113E-16));
#45690=DIRECTION('',(-0.707106781186564,0.707106781186531,0.));
#45700=AXIS2_PLACEMENT_3D('',#45670,#45680,#45690);
#45710=PLANE('',#45700);
#45720=CARTESIAN_POINT('',(0.,345.265684350431,289.750292941287));
#45730=DIRECTION('',(0.577350269189635,-0.577350269189608,
-0.577350269189635));
#45740=VECTOR('',#45730,1.);
#45750=LINE('',#45720,#45740);
#45760=EDGE_CURVE('',#9380,#11390,#45750,.T.);
#45770=ORIENTED_EDGE('',*,*,#45760,.T.);
#45780=ORIENTED_EDGE('',*,*,#9790,.F.);
#45790=ORIENTED_EDGE('',*,*,#45590,.F.);
#45800=ORIENTED_EDGE('',*,*,#11480,.T.);
#45810=EDGE_LOOP('',(#45800,#45790,#45780,#45770));
#45820=FACE_OUTER_BOUND('',#45810,.T.);
#45830=ADVANCED_FACE('',(#45820),#45710,.F.);
#45840=CARTESIAN_POINT('',(285.134285308169,59.7713990422796,
4.61600763311753));
#45850=DIRECTION('',(0.707106781186534,-2.64061404091456E-14,
0.707106781186561));
#45860=DIRECTION('',(0.707106781186561,-3.34953057852532E-14,
-0.707106781186534));
#45870=AXIS2_PLACEMENT_3D('',#45840,#45850,#45860);
#45880=PLANE('',#45870);
#45890=ORIENTED_EDGE('',*,*,#45760,.F.);
#45900=ORIENTED_EDGE('',*,*,#11400,.T.);
#45910=CARTESIAN_POINT('',(0.,344.545684350452,289.750292941287));
#45920=DIRECTION('',(-0.577350269189627,0.577350269189624,
0.577350269189627));
#45930=VECTOR('',#45920,1.);
#45940=LINE('',#45910,#45930);
#45950=EDGE_CURVE('',#11370,#7330,#45940,.T.);
#45960=ORIENTED_EDGE('',*,*,#45950,.F.);
#45970=ORIENTED_EDGE('',*,*,#33620,.F.);
#45980=EDGE_LOOP('',(#45970,#45960,#45900,#45890));
#45990=FACE_OUTER_BOUND('',#45980,.T.);
#46000=ADVANCED_FACE('',(#45990),#45880,.T.);
#46010=CARTESIAN_POINT('',(285.134285308169,59.4113990422844,
6.79100763311858));
#46020=DIRECTION('',(-0.707106781186539,-0.707106781186556,
1.25315225537695E-14));
#46030=DIRECTION('',(-0.707106781186556,0.707106781186539,
-1.25607396694699E-14));
#46040=AXIS2_PLACEMENT_3D('',#46010,#46020,#46030);
#46050=PLANE('',#46040);
#46060=CARTESIAN_POINT('',(275.86827767505,68.6774066754035,0.));
#46070=DIRECTION('',(0.577350269189631,-0.577350269189607,
0.57735026918964));
#46080=VECTOR('',#46070,1.);
#46090=LINE('',#46060,#46080);
#46100=EDGE_CURVE('',#7310,#12190,#46090,.T.);
#46110=ORIENTED_EDGE('',*,*,#46100,.T.);
#46120=ORIENTED_EDGE('',*,*,#7340,.F.);
#46130=ORIENTED_EDGE('',*,*,#45950,.T.);
#46140=ORIENTED_EDGE('',*,*,#12260,.T.);
#46150=EDGE_LOOP('',(#46140,#46130,#46120,#46110));
#46160=FACE_OUTER_BOUND('',#46150,.T.);
#46170=ADVANCED_FACE('',(#46160),#46050,.F.);
#46180=CARTESIAN_POINT('',(285.13428530817,62.4613990422793,
9.26600763311959));
#46190=DIRECTION('',(-0.707106781186535,3.724830846187E-14,
0.70710678118656));
#46200=DIRECTION('',(0.70710678118656,-1.67476528926266E-14,
0.707106781186535));
#46210=AXIS2_PLACEMENT_3D('',#46180,#46190,#46200);
#46220=PLANE('',#46210);
#46230=ORIENTED_EDGE('',*,*,#46100,.F.);
#46240=ORIENTED_EDGE('',*,*,#12200,.F.);
#46250=ORIENTED_EDGE('',*,*,#43080,.F.);
#46260=ORIENTED_EDGE('',*,*,#31560,.F.);
#46270=ORIENTED_EDGE('',*,*,#24310,.T.);
#46280=EDGE_LOOP('',(#46270,#46260,#46250,#46240,#46230));
#46290=FACE_OUTER_BOUND('',#46280,.T.);
#46300=ADVANCED_FACE('',(#46290),#46220,.F.);
#46310=CARTESIAN_POINT('',(278.534285398629,59.9413990422836,
10.7160076331112));
#46320=DIRECTION('',(0.,0.,-1.));
#46330=DIRECTION('',(-1.,0.,0.));
#46340=AXIS2_PLACEMENT_3D('',#46310,#46320,#46330);
#46350=CONICAL_SURFACE('',#46340,0.349999999999994,0.785398163397461);
#46360=ORIENTED_EDGE('',*,*,#9980,.F.);
#46370=ORIENTED_EDGE('',*,*,#19870,.F.);
#46380=ORIENTED_EDGE('',*,*,#25400,.T.);
#46390=EDGE_CURVE('',#19670,#25370,#19740,.T.);
#46400=ORIENTED_EDGE('',*,*,#46390,.T.);
#46410=ORIENTED_EDGE('',*,*,#19680,.T.);
#46420=EDGE_LOOP('',(#46410,#46400,#46380,#46370,#46360));
#46430=FACE_OUTER_BOUND('',#46420,.T.);
#46440=ADVANCED_FACE('',(#46430),#46350,.T.);
#46450=CARTESIAN_POINT('',(278.534285398629,65.081399042275,
9.81600763311107));
#46460=DIRECTION('',(0.,0.,-1.));
#46470=DIRECTION('',(-1.,0.,0.));
#46480=AXIS2_PLACEMENT_3D('',#46450,#46460,#46470);
#46490=CONICAL_SURFACE('',#46480,0.549999999999997,0.785398163397431);
#46500=ORIENTED_EDGE('',*,*,#10460,.T.);
#46510=ORIENTED_EDGE('',*,*,#23590,.T.);
#46520=EDGE_CURVE('',#23520,#13300,#13280,.T.);
#46530=ORIENTED_EDGE('',*,*,#46520,.F.);
#46540=ORIENTED_EDGE('',*,*,#13330,.F.);
#46550=ORIENTED_EDGE('',*,*,#23670,.F.);
#46560=EDGE_LOOP('',(#46550,#46540,#46530,#46510,#46500));
#46570=FACE_OUTER_BOUND('',#46560,.T.);
#46580=ADVANCED_FACE('',(#46570),#46490,.T.);
#46590=CARTESIAN_POINT('',(278.534285398629,65.081399042275,
9.81600763311108));
#46600=DIRECTION('',(4.44628146325591E-18,1.64313007644524E-14,1.));
#46610=DIRECTION('',(0.,1.,-1.64313007644524E-14));
#46620=AXIS2_PLACEMENT_3D('',#46590,#46600,#46610);
#46630=CYLINDRICAL_SURFACE('',#46620,0.55);
#46640=ORIENTED_EDGE('',*,*,#14230,.F.);
#46650=EDGE_CURVE('',#14200,#13400,#13470,.T.);
#46660=ORIENTED_EDGE('',*,*,#46650,.F.);
#46670=ORIENTED_EDGE('',*,*,#13410,.T.);
#46680=ORIENTED_EDGE('',*,*,#46520,.T.);
#46690=ORIENTED_EDGE('',*,*,#23530,.T.);
#46700=ORIENTED_EDGE('',*,*,#13620,.F.);
#46710=EDGE_LOOP('',(#46700,#46690,#46680,#46670,#46660,#46640));
#46720=FACE_OUTER_BOUND('',#46710,.T.);
#46730=ADVANCED_FACE('',(#46720),#46630,.T.);
#46740=CARTESIAN_POINT('',(278.534285398629,59.9413990422836,
9.81600763311116));
#46750=DIRECTION('',(0.,0.,-1.));
#46760=DIRECTION('',(-1.,0.,0.));
#46770=AXIS2_PLACEMENT_3D('',#46740,#46750,#46760);
#46780=CONICAL_SURFACE('',#46770,0.549999999999997,0.785398163397448);
#46790=EDGE_CURVE('',#30570,#25270,#25250,.T.);
#46800=ORIENTED_EDGE('',*,*,#46790,.F.);
#46810=ORIENTED_EDGE('',*,*,#25300,.F.);
#46820=ORIENTED_EDGE('',*,*,#30720,.F.);
#46830=ORIENTED_EDGE('',*,*,#10270,.T.);
#46840=ORIENTED_EDGE('',*,*,#30640,.T.);
#46850=EDGE_LOOP('',(#46840,#46830,#46820,#46810,#46800));
#46860=FACE_OUTER_BOUND('',#46850,.T.);
#46870=ADVANCED_FACE('',(#46860),#46780,.T.);
#46880=CARTESIAN_POINT('',(278.534285398629,65.081399042275,
10.7160076331111));
#46890=DIRECTION('',(0.,0.,-1.));
#46900=DIRECTION('',(-1.,0.,0.));
#46910=AXIS2_PLACEMENT_3D('',#46880,#46890,#46900);
#46920=CONICAL_SURFACE('',#46910,0.349999999999994,0.785398163397448);
#46930=ORIENTED_EDGE('',*,*,#3640,.F.);
#46940=ORIENTED_EDGE('',*,*,#14300,.F.);
#46950=ORIENTED_EDGE('',*,*,#13500,.T.);
#46960=ORIENTED_EDGE('',*,*,#46650,.T.);
#46970=ORIENTED_EDGE('',*,*,#14210,.T.);
#46980=EDGE_LOOP('',(#46970,#46960,#46950,#46940,#46930));
#46990=FACE_OUTER_BOUND('',#46980,.T.);
#47000=ADVANCED_FACE('',(#46990),#46920,.T.);
#47010=CARTESIAN_POINT('',(278.534285398629,59.9413990422836,
9.81600763311115));
#47020=DIRECTION('',(4.44628146325591E-18,1.64313007644524E-14,1.));
#47030=DIRECTION('',(0.,1.,-1.64313007644524E-14));
#47040=AXIS2_PLACEMENT_3D('',#47010,#47020,#47030);
#47050=CYLINDRICAL_SURFACE('',#47040,0.55);
#47060=ORIENTED_EDGE('',*,*,#46790,.T.);
#47070=ORIENTED_EDGE('',*,*,#30580,.T.);
#47080=ORIENTED_EDGE('',*,*,#25490,.F.);
#47090=ORIENTED_EDGE('',*,*,#19770,.F.);
#47100=ORIENTED_EDGE('',*,*,#46390,.F.);
#47110=ORIENTED_EDGE('',*,*,#25380,.T.);
#47120=EDGE_LOOP('',(#47110,#47100,#47090,#47080,#47070,#47060));
#47130=FACE_OUTER_BOUND('',#47120,.T.);
#47140=ADVANCED_FACE('',(#47130),#47050,.T.);
#47150=CLOSED_SHELL('',(#420,#1070,#1470,#1870,#2290,#2690,#3090,#3490,
#3740,#4140,#4560,#4870,#5500,#5900,#6300,#7200,#7760,#8070,#8470,#8870,
#9270,#9830,#10080,#11260,#13180,#13680,#14080,#14350,#14530,#14930,
#15330,#15800,#16120,#16440,#16610,#17170,#17550,#17720,#17890,#18460,
#18700,#18870,#18990,#19550,#19920,#20100,#20450,#21920,#22160,#22410,
#22590,#22890,#23140,#23450,#23720,#24350,#24840,#25150,#25550,#25730,
#26090,#26510,#26910,#27220,#27340,#27650,#27810,#28050,#28230,#28400,
#29210,#29430,#29760,#30210,#30380,#30500,#30770,#30910,#31030,#31660,
#31880,#32000,#32120,#32360,#32540,#32940,#33080,#33200,#33320,#33440,
#33660,#33830,#34230,#34350,#34470,#34590,#34760,#34880,#35010,#35410,
#35720,#35960,#36250,#36420,#36590,#36760,#36930,#37050,#37570,#37720,
#38210,#38430,#38600,#38910,#39150,#39440,#39610,#39780,#39900,#40020,
#40090,#40490,#40800,#41040,#41200,#41280,#41410,#41530,#41700,#41820,
#42130,#42300,#42470,#42640,#42760,#42980,#43200,#43420,#43640,#43850,
#44010,#44150,#44340,#44460,#44640,#44810,#44980,#45150,#45320,#45490,
#45660,#45830,#46000,#46170,#46300,#46440,#46580,#46730,#46870,#47000,
#47140));
#47160=MANIFOLD_SOLID_BREP('',#47150);
#47170=CARTESIAN_POINT('',(0.,0.,0.));
#47180=DIRECTION('',(0.,0.,1.));
#47190=DIRECTION('',(1.,0.,0.));
#47200=AXIS2_PLACEMENT_3D('',#47170,#47180,#47190);
#47210=APPLICATION_CONTEXT(' ');
#47220=APPLICATION_PROTOCOL_DEFINITION(' ','automotive_design',1998,
#47210);
#47230=PRODUCT_CONTEXT('',#47210,'mechanical');
#47240=PRODUCT_DEFINITION_CONTEXT('part definition',#47210,'design');
#47250=PRODUCT('DF51KB-2P-2DS','DF51KB-2P-2DS','',(#47230));
#47260=PRODUCT_RELATED_PRODUCT_CATEGORY('part',' ',(#47250));
#47270=PRODUCT_DEFINITION_FORMATION_WITH_SPECIFIED_SOURCE('','',#47250,
.BOUGHT.);
#47280=PRODUCT_DEFINITION('',' ',#47270,#47240);
#47290=PRODUCT_DEFINITION_SHAPE('','',#47280);
#47300=DIMENSIONAL_EXPONENTS(1.,0.,0.,0.,0.,0.,0.);
#47310=DIMENSIONAL_EXPONENTS(0.,0.,0.,0.,0.,0.,0.);
#47320=DIMENSIONAL_EXPONENTS(0.,0.,0.,0.,0.,0.,0.);
#47330=(LENGTH_UNIT() NAMED_UNIT(*) SI_UNIT(.MILLI.,.METRE.));
#47340=(NAMED_UNIT(*) PLANE_ANGLE_UNIT() SI_UNIT($,.RADIAN.));
#47350=(NAMED_UNIT(*) SI_UNIT($,.STERADIAN.) SOLID_ANGLE_UNIT());
#47360=(GEOMETRIC_REPRESENTATION_CONTEXT(3) 
GLOBAL_UNCERTAINTY_ASSIGNED_CONTEXT((#47370)) 
GLOBAL_UNIT_ASSIGNED_CONTEXT((#47330,#47340,#47350)) 
REPRESENTATION_CONTEXT('',''));
#47370=UNCERTAINTY_MEASURE_WITH_UNIT(LENGTH_MEASURE(0.006),#47330,
'distance_accuracy_value','maximum gap value');
#47380=ADVANCED_BREP_SHAPE_REPRESENTATION('',(#47200,#47160),#47360);
#47390=SHAPE_DEFINITION_REPRESENTATION(#47290,#47380);
#47400=COLOUR_RGB('',0.352941185235977,0.352941185235977,
0.352941185235977);
#47410=FILL_AREA_STYLE_COLOUR('',#47400);
#47420=FILL_AREA_STYLE('',(#47410));
#47430=SURFACE_STYLE_FILL_AREA(#47420);
#47440=SURFACE_SIDE_STYLE('',(#47430));
#47450=SURFACE_STYLE_USAGE(.BOTH.,#47440);
#47460=PRESENTATION_STYLE_ASSIGNMENT((#47450));
#47470=STYLED_ITEM('',(#47460),#47160);
#47480=DRAUGHTING_MODEL('',(#47470),#47360);
#47490=CARTESIAN_POINT('',(62.5119226874994,281.22569635901,
6.8815546964001));
#47500=DIRECTION('',(0.,0.,-1.));
#47510=DIRECTION('',(0.,-1.,0.));
#47520=AXIS2_PLACEMENT_3D('',#47490,#47500,#47510);
#47530=ITEM_DEFINED_TRANSFORMATION('DF51KB-2P-2DS','',#47200,#47520);
#47540=APPLICATION_CONTEXT(' ');
#47550=APPLICATION_PROTOCOL_DEFINITION(' ','automotive_design',1998,
#47540);
#47560=PRODUCT_CONTEXT('',#47540,'mechanical');
#47570=PRODUCT_DEFINITION_CONTEXT('part definition',#47540,'design');
#47580=PRODUCT('DF51KB-2P-2DS','DF51KB-2P-2DS','',(#47560));
#47590=PRODUCT_RELATED_PRODUCT_CATEGORY('part',' ',(#47580));
#47600=PRODUCT_DEFINITION_FORMATION_WITH_SPECIFIED_SOURCE('','',#47580,
.BOUGHT.);
#47610=PRODUCT_DEFINITION('',' ',#47600,#47570);
#47620=PRODUCT_DEFINITION_SHAPE('','',#47610);
#47630=DIMENSIONAL_EXPONENTS(1.,0.,0.,0.,0.,0.,0.);
#47640=DIMENSIONAL_EXPONENTS(0.,0.,0.,0.,0.,0.,0.);
#47650=DIMENSIONAL_EXPONENTS(0.,0.,0.,0.,0.,0.,0.);
#47660=(LENGTH_UNIT() NAMED_UNIT(*) SI_UNIT(.MILLI.,.METRE.));
#47670=(NAMED_UNIT(*) PLANE_ANGLE_UNIT() SI_UNIT($,.RADIAN.));
#47680=(NAMED_UNIT(*) SI_UNIT($,.STERADIAN.) SOLID_ANGLE_UNIT());
#47690=(GEOMETRIC_REPRESENTATION_CONTEXT(3) 
GLOBAL_UNCERTAINTY_ASSIGNED_CONTEXT((#47700)) 
GLOBAL_UNIT_ASSIGNED_CONTEXT((#47660,#47670,#47680)) 
REPRESENTATION_CONTEXT('',''));
#47700=UNCERTAINTY_MEASURE_WITH_UNIT(LENGTH_MEASURE(0.006),#47660,
'distance_accuracy_value','maximum gap value');
#47710=SHAPE_REPRESENTATION('',(#47200,#47520),#47690);
#47720=SHAPE_DEFINITION_REPRESENTATION(#47620,#47710);
#47730=(REPRESENTATION_RELATIONSHIP('','',#47380,#47710) 
REPRESENTATION_RELATIONSHIP_WITH_TRANSFORMATION(#47530) 
SHAPE_REPRESENTATION_RELATIONSHIP());
#47740=NEXT_ASSEMBLY_USAGE_OCCURRENCE('1','','DF51KB-2P-2DS',#47610,
#47280,'');
#47750=PRODUCT_DEFINITION_SHAPE('','',#47740);
#47760=CONTEXT_DEPENDENT_SHAPE_REPRESENTATION(#47730,#47750);
ENDSEC;
END-ISO-10303-21;
