ISO-10303-21;
HEADER;
FILE_DESCRIPTION(('Creo Elements/Direct Modeling STEP Export'),'2;1');
FILE_NAME('DF51K-2P-2DSA.stp','2018-09-29T14:07:39',(''),(''),
'PTC Creo Elements/Direct Modeling STEP processor for AP214 (Solid Model
)',
'PTC Creo Elements/Direct Modeling 19.0C  15-Aug-2015 (C) Parametric Tec
hnology GmbH','');
FILE_SCHEMA(('AUTOMOTIVE_DESIGN { 1 0 10303 214 1 1 1 1 }'));
ENDSEC;
DATA;
#10=CARTESIAN_POINT('',(285.28428530817,62.5113990422736,
8.39100763311958));
#20=DIRECTION('',(1.,-3.62457622377811E-14,-1.92788729510363E-16));
#30=DIRECTION('',(-3.62457622377811E-14,-1.,1.64313007644524E-14));
#40=AXIS2_PLACEMENT_3D('',#10,#20,#30);
#50=PLANE('',#40);
#60=CARTESIAN_POINT('',(285.284285308167,0.,4.46600763311749));
#70=DIRECTION('',(3.62457622377811E-14,1.,1.09815965876154E-15));
#80=VECTOR('',#70,1.);
#90=LINE('',#60,#80);
#100=CARTESIAN_POINT('',(285.284285308169,59.2613990422843,
4.4660076331175));
#110=VERTEX_POINT('',#100);
#120=CARTESIAN_POINT('',(285.284285308169,59.981399042275,
4.46600763311755));
#130=VERTEX_POINT('',#120);
#140=EDGE_CURVE('',#110,#130,#90,.T.);
#150=ORIENTED_EDGE('',*,*,#140,.F.);
#160=CARTESIAN_POINT('',(285.284285308169,59.981399042275,0.));
#170=DIRECTION('',(-1.92788729510363E-16,0.,-1.));
#180=VECTOR('',#170,1.);
#190=LINE('',#160,#180);
#200=CARTESIAN_POINT('',(285.284285308169,59.981399042275,
3.7160076385871));
#210=VERTEX_POINT('',#200);
#220=EDGE_CURVE('',#130,#210,#190,.T.);
#230=ORIENTED_EDGE('',*,*,#220,.F.);
#240=CARTESIAN_POINT('',(285.284285308169,60.3963990422747,
3.71600763858702));
#250=DIRECTION('',(3.62457622377811E-14,1.,-5.40634276946038E-17));
#260=VECTOR('',#250,1.);
#270=LINE('',#240,#260);
#280=CARTESIAN_POINT('',(285.284285308169,61.1113990422745,
3.7160076385871));
#290=VERTEX_POINT('',#280);
#300=EDGE_CURVE('',#210,#290,#270,.T.);
#310=ORIENTED_EDGE('',*,*,#300,.F.);
#320=CARTESIAN_POINT('',(285.284285308169,61.1113990422745,
4.21600763858705));
#330=DIRECTION('',(-1.92788729510363E-16,0.,-1.));
#340=VECTOR('',#330,1.);
#350=LINE('',#320,#340);
#360=CARTESIAN_POINT('',(285.284285308169,61.1113990422745,
4.01600763858705));
#370=VERTEX_POINT('',#360);
#380=EDGE_CURVE('',#370,#290,#350,.T.);
#390=ORIENTED_EDGE('',*,*,#380,.T.);
#400=CARTESIAN_POINT('',(285.28428530817,62.5113990422745,
4.01600763858702));
#410=DIRECTION('',(3.62457622377811E-14,1.,-5.40634276946038E-17));
#420=VECTOR('',#410,1.);
#430=LINE('',#400,#420);
#440=CARTESIAN_POINT('',(285.28428530817,63.9113990422745,
4.01600763858701));
#450=VERTEX_POINT('',#440);
#460=EDGE_CURVE('',#370,#450,#430,.T.);
#470=ORIENTED_EDGE('',*,*,#460,.F.);
#480=CARTESIAN_POINT('',(285.28428530817,63.9113990422745,
4.21600763858731));
#490=DIRECTION('',(-1.92788729510363E-16,0.,-1.));
#500=VECTOR('',#490,1.);
#510=LINE('',#480,#500);
#520=CARTESIAN_POINT('',(285.28428530817,63.9113990422745,
3.71600763858701));
#530=VERTEX_POINT('',#520);
#540=EDGE_CURVE('',#450,#530,#510,.T.);
#550=ORIENTED_EDGE('',*,*,#540,.F.);
#560=CARTESIAN_POINT('',(285.28428530817,64.6263990422744,
3.71600763858702));
#570=DIRECTION('',(3.62457622377811E-14,1.,-5.40634276946038E-17));
#580=VECTOR('',#570,1.);
#590=LINE('',#560,#580);
#600=CARTESIAN_POINT('',(285.28428530817,65.0413990422744,
3.71600763858701));
#610=VERTEX_POINT('',#600);
#620=EDGE_CURVE('',#530,#610,#590,.T.);
#630=ORIENTED_EDGE('',*,*,#620,.F.);
#640=CARTESIAN_POINT('',(285.28428530817,65.0413990422743,0.));
#650=DIRECTION('',(1.92788729511591E-16,3.39607611876663E-14,1.));
#660=VECTOR('',#650,1.);
#670=LINE('',#640,#660);
#680=CARTESIAN_POINT('',(285.28428530817,65.0413990422744,
4.46600763311753));
#690=VERTEX_POINT('',#680);
#700=EDGE_CURVE('',#610,#690,#670,.T.);
#710=ORIENTED_EDGE('',*,*,#700,.F.);
#720=CARTESIAN_POINT('',(285.284285308167,0.,4.46600763311974));
#730=DIRECTION('',(-3.62457622377811E-14,-1.,3.39607611876663E-14));
#740=VECTOR('',#730,1.);
#750=LINE('',#720,#740);
#760=CARTESIAN_POINT('',(285.28428530817,65.761399042274,
4.46600763311751));
#770=VERTEX_POINT('',#760);
#780=EDGE_CURVE('',#770,#690,#750,.T.);
#790=ORIENTED_EDGE('',*,*,#780,.T.);
#800=CARTESIAN_POINT('',(285.28428530817,65.7613990422741,
6.79100763311852));
#810=DIRECTION('',(-1.92788729510957E-16,-1.64313007644524E-14,-1.));
#820=VECTOR('',#810,1.);
#830=LINE('',#800,#820);
#840=CARTESIAN_POINT('',(285.28428530817,65.7613990422741,
9.41600763311948));
#850=VERTEX_POINT('',#840);
#860=EDGE_CURVE('',#850,#770,#830,.T.);
#870=ORIENTED_EDGE('',*,*,#860,.T.);
#880=CARTESIAN_POINT('',(285.28428530817,62.6613990422793,
9.41600763311958));
#890=DIRECTION('',(3.62457622377811E-14,1.,-1.64313007644524E-14));
#900=VECTOR('',#890,1.);
#910=LINE('',#880,#900);
#920=CARTESIAN_POINT('',(285.284285308169,59.2613990422844,
9.41600763311959));
#930=VERTEX_POINT('',#920);
#940=EDGE_CURVE('',#930,#850,#910,.T.);
#950=ORIENTED_EDGE('',*,*,#940,.T.);
#960=CARTESIAN_POINT('',(285.284285308169,59.2613990422844,
6.9410076331186));
#970=DIRECTION('',(-1.92788729510996E-16,-1.75294604232139E-14,-1.));
#980=VECTOR('',#970,1.);
#990=LINE('',#960,#980);
#1000=EDGE_CURVE('',#930,#110,#990,.T.);
#1010=ORIENTED_EDGE('',*,*,#1000,.F.);
#1020=EDGE_LOOP('',(#1010,#950,#870,#790,#710,#630,#550,#470,#390,#310,
#230,#150));
#1030=FACE_BOUND('',#1020,.T.);
#1040=CARTESIAN_POINT('',(285.28428530817,65.611399042275,
9.21600763311106));
#1050=DIRECTION('',(1.,1.50975818610225E-18,-4.44628146325593E-18));
#1060=DIRECTION('',(-4.44628146325593E-18,0.,-1.));
#1070=AXIS2_PLACEMENT_3D('',#1040,#1050,#1060);
#1080=CIRCLE('',#1070,0.5);
#1090=CARTESIAN_POINT('',(285.28428530817,66.111399042275,
9.21600763311105));
#1100=VERTEX_POINT('',#1090);
#1110=CARTESIAN_POINT('',(285.28428530817,65.611399042275,
9.71600763311106));
#1120=VERTEX_POINT('',#1110);
#1130=EDGE_CURVE('',#1100,#1120,#1080,.T.);
#1140=ORIENTED_EDGE('',*,*,#1130,.T.);
#1150=CARTESIAN_POINT('',(285.28428530817,66.1113990422748,0.));
#1160=DIRECTION('',(1.92788729510977E-16,1.69803805938331E-14,1.));
#1170=VECTOR('',#1160,1.);
#1180=LINE('',#1150,#1170);
#1190=CARTESIAN_POINT('',(285.28428530817,66.1113990422749,
4.66600763311736));
#1200=VERTEX_POINT('',#1190);
#1210=EDGE_CURVE('',#1200,#1100,#1180,.T.);
#1220=ORIENTED_EDGE('',*,*,#1210,.T.);
#1230=CARTESIAN_POINT('',(285.28428530817,65.6113990422749,
4.66600763311737));
#1240=DIRECTION('',(1.,1.50975818610233E-18,-3.67852619377962E-32));
#1250=DIRECTION('',(1.50975818610233E-18,-1.,0.));
#1260=AXIS2_PLACEMENT_3D('',#1230,#1240,#1250);
#1270=CIRCLE('',#1260,0.5);
#1280=CARTESIAN_POINT('',(285.28428530817,65.6113990422749,
4.16600763311737));
#1290=VERTEX_POINT('',#1280);
#1300=EDGE_CURVE('',#1290,#1200,#1270,.T.);
#1310=ORIENTED_EDGE('',*,*,#1300,.T.);
#1320=CARTESIAN_POINT('',(285.284285308167,0.,4.166007633118));
#1330=DIRECTION('',(3.62457622377811E-14,1.,-9.59929596160599E-15));
#1340=VECTOR('',#1330,1.);
#1350=LINE('',#1320,#1340);
#1360=CARTESIAN_POINT('',(285.28428530817,65.4213990422745,
4.1660076331176));
#1370=VERTEX_POINT('',#1360);
#1380=EDGE_CURVE('',#1370,#1290,#1350,.T.);
#1390=ORIENTED_EDGE('',*,*,#1380,.T.);
#1400=CARTESIAN_POINT('',(285.28428530817,65.4213990422746,
3.5527136788005E-15));
#1410=DIRECTION('',(-1.92788729510957E-16,-1.64313007644524E-14,-1.));
#1420=VECTOR('',#1410,1.);
#1430=LINE('',#1400,#1420);
#1440=CARTESIAN_POINT('',(285.28428530817,65.4213990422745,
3.91600769366745));
#1450=VERTEX_POINT('',#1440);
#1460=EDGE_CURVE('',#1370,#1450,#1430,.T.);
#1470=ORIENTED_EDGE('',*,*,#1460,.F.);
#1480=CARTESIAN_POINT('',(285.28428530817,64.9213990422745,
3.91600769366747));
#1490=DIRECTION('',(1.,3.01951637127049E-18,-2.75200102077941E-14));
#1500=DIRECTION('',(-2.75200102077941E-14,0.,-1.));
#1510=AXIS2_PLACEMENT_3D('',#1480,#1490,#1500);
#1520=CIRCLE('',#1510,0.5);
#1530=CARTESIAN_POINT('',(285.28428530817,64.9213990422745,
3.41600769366747));
#1540=VERTEX_POINT('',#1530);
#1550=EDGE_CURVE('',#1540,#1450,#1520,.T.);
#1560=ORIENTED_EDGE('',*,*,#1550,.T.);
#1570=CARTESIAN_POINT('',(285.284285308169,137.022798084549,
3.41600769366532));
#1580=DIRECTION('',(-3.0195163722045E-18,1.,-3.39066977599751E-14));
#1590=VECTOR('',#1580,1.);
#1600=LINE('',#1570,#1590);
#1610=CARTESIAN_POINT('',(285.284285308169,60.1013990422749,
3.41600769366747));
#1620=VERTEX_POINT('',#1610);
#1630=EDGE_CURVE('',#1620,#1540,#1600,.T.);
#1640=ORIENTED_EDGE('',*,*,#1630,.T.);
#1650=CARTESIAN_POINT('',(285.284285308169,60.1013990422749,
3.91600769366747));
#1660=DIRECTION('',(-1.,0.,2.75200102077941E-14));
#1670=DIRECTION('',(2.75200102077941E-14,0.,1.));
#1680=AXIS2_PLACEMENT_3D('',#1650,#1660,#1670);
#1690=CIRCLE('',#1680,0.5);
#1700=CARTESIAN_POINT('',(285.284285308169,59.6013990422749,
3.91600769366747));
#1710=VERTEX_POINT('',#1700);
#1720=EDGE_CURVE('',#1620,#1710,#1690,.T.);
#1730=ORIENTED_EDGE('',*,*,#1720,.F.);
#1740=CARTESIAN_POINT('',(285.284285308169,59.6013990422644,
-1.77635683940025E-15));
#1750=DIRECTION('',(1.92788729510957E-16,1.64313007644524E-14,1.));
#1760=VECTOR('',#1750,1.);
#1770=LINE('',#1740,#1760);
#1780=CARTESIAN_POINT('',(285.284285308169,59.6013990422749,
4.16600763311761));
#1790=VERTEX_POINT('',#1780);
#1800=EDGE_CURVE('',#1710,#1790,#1770,.T.);
#1810=ORIENTED_EDGE('',*,*,#1800,.F.);
#1820=CARTESIAN_POINT('',(285.284285308167,0.,4.16600763311906));
#1830=DIRECTION('',(3.62457622377811E-14,1.,-2.43614652260603E-14));
#1840=VECTOR('',#1830,1.);
#1850=LINE('',#1820,#1840);
#1860=CARTESIAN_POINT('',(285.284285308169,59.4113990422835,
4.16600763311761));
#1870=VERTEX_POINT('',#1860);
#1880=EDGE_CURVE('',#1870,#1790,#1850,.T.);
#1890=ORIENTED_EDGE('',*,*,#1880,.T.);
#1900=CARTESIAN_POINT('',(285.284285308169,59.4113990422835,
4.66600763311761));
#1910=DIRECTION('',(-1.,3.62457622377811E-14,1.92788729510363E-16));
#1920=DIRECTION('',(3.62457622377811E-14,1.,-6.31088724176809E-30));
#1930=AXIS2_PLACEMENT_3D('',#1900,#1910,#1920);
#1940=CIRCLE('',#1930,0.5);
#1950=CARTESIAN_POINT('',(285.284285308169,58.9113990422835,
4.66600763311762));
#1960=VERTEX_POINT('',#1950);
#1970=EDGE_CURVE('',#1870,#1960,#1940,.T.);
#1980=ORIENTED_EDGE('',*,*,#1970,.F.);
#1990=CARTESIAN_POINT('',(285.284285308169,58.9113990422835,0.));
#2000=DIRECTION('',(1.92788729510977E-16,1.69803805938331E-14,1.));
#2010=VECTOR('',#2000,1.);
#2020=LINE('',#1990,#2010);
#2030=CARTESIAN_POINT('',(285.284285308169,58.9113990422836,
9.21600763311117));
#2040=VERTEX_POINT('',#2030);
#2050=EDGE_CURVE('',#1960,#2040,#2020,.T.);
#2060=ORIENTED_EDGE('',*,*,#2050,.F.);
#2070=CARTESIAN_POINT('',(285.284285308169,59.4113990422836,
9.21600763311116));
#2080=DIRECTION('',(-1.,-1.50975818610217E-18,4.44628146325593E-18));
#2090=DIRECTION('',(4.44628146325593E-18,0.,1.));
#2100=AXIS2_PLACEMENT_3D('',#2070,#2080,#2090);
#2110=CIRCLE('',#2100,0.5);
#2120=CARTESIAN_POINT('',(285.284285308169,59.4113990422836,
9.71600763311116));
#2130=VERTEX_POINT('',#2120);
#2140=EDGE_CURVE('',#2040,#2130,#2110,.T.);
#2150=ORIENTED_EDGE('',*,*,#2140,.F.);
#2160=CARTESIAN_POINT('',(285.284285308167,0.,9.71600763311214));
#2170=DIRECTION('',(-3.62457622377811E-14,-1.,1.64313007644524E-14));
#2180=VECTOR('',#2170,1.);
#2190=LINE('',#2160,#2180);
#2200=EDGE_CURVE('',#1120,#2130,#2190,.T.);
#2210=ORIENTED_EDGE('',*,*,#2200,.T.);
#2220=EDGE_LOOP('',(#2210,#2150,#2060,#1980,#1890,#1810,#1730,#1640,
#1560,#1470,#1390,#1310,#1220,#1140));
#2230=FACE_OUTER_BOUND('',#2220,.T.);
#2240=ADVANCED_FACE('',(#1030,#2230),#50,.T.);
#2250=CARTESIAN_POINT('',(0.,65.611399042275,9.21600763311106));
#2260=DIRECTION('',(1.,1.50975818610225E-18,-4.44628146325593E-18));
#2270=DIRECTION('',(-4.44628146325593E-18,0.,-1.));
#2280=AXIS2_PLACEMENT_3D('',#2250,#2260,#2270);
#2290=CYLINDRICAL_SURFACE('',#2280,0.5);
#2300=ORIENTED_EDGE('',*,*,#1130,.F.);
#2310=CARTESIAN_POINT('',(2.22314073162795E-18,65.611399042275,
9.71600763311106));
#2320=DIRECTION('',(1.,1.50975818610225E-18,-4.44628146325593E-18));
#2330=VECTOR('',#2320,1.);
#2340=LINE('',#2310,#2330);
#2350=CARTESIAN_POINT('',(279.64428539863,65.611399042275,
9.71600763311106));
#2360=VERTEX_POINT('',#2350);
#2370=EDGE_CURVE('',#2360,#1120,#2340,.T.);
#2380=ORIENTED_EDGE('',*,*,#2370,.T.);
#2390=CARTESIAN_POINT('',(279.463260431039,65.611399042275,
9.21600763311107));
#2400=DIRECTION('',(0.940271577682697,-5.77009906769007E-15,
-0.340425263754163));
#2410=DIRECTION('',(-0.340425263754163,-1.59417366740077E-14,
-0.940271577682697));
#2420=AXIS2_PLACEMENT_3D('',#2390,#2400,#2410);
#2430=ELLIPSE('',#2420,0.531761261179724,0.5);
#2440=CARTESIAN_POINT('',(279.463260431039,66.111399042275,
9.21600763311105));
#2450=VERTEX_POINT('',#2440);
#2460=EDGE_CURVE('',#2450,#2360,#2430,.T.);
#2470=ORIENTED_EDGE('',*,*,#2460,.T.);
#2480=CARTESIAN_POINT('',(-7.54879093051164E-19,66.111399042275,
9.21600763311105));
#2490=DIRECTION('',(1.,1.50975818610225E-18,-4.44628146325593E-18));
#2500=VECTOR('',#2490,1.);
#2510=LINE('',#2480,#2500);
#2520=EDGE_CURVE('',#2450,#1100,#2510,.T.);
#2530=ORIENTED_EDGE('',*,*,#2520,.F.);
#2540=EDGE_LOOP('',(#2530,#2470,#2380,#2300));
#2550=FACE_OUTER_BOUND('',#2540,.T.);
#2560=ADVANCED_FACE('',(#2550),#2290,.T.);
#2570=CARTESIAN_POINT('',(285.134285308169,59.9213990422796,
4.61600763311753));
#2580=DIRECTION('',(0.707106781186534,-2.64061404091456E-14,
0.707106781186561));
#2590=DIRECTION('',(0.707106781186561,-3.34953057852532E-14,
-0.707106781186534));
#2600=AXIS2_PLACEMENT_3D('',#2570,#2580,#2590);
#2610=PLANE('',#2600);
#2620=CARTESIAN_POINT('',(0.,345.265684350438,289.750292941287));
#2630=DIRECTION('',(0.577350269189631,-0.577350269189617,
-0.57735026918963));
#2640=VECTOR('',#2630,1.);
#2650=LINE('',#2620,#2640);
#2660=CARTESIAN_POINT('',(284.984285308169,60.2813990422749,
4.76600763311757));
#2670=VERTEX_POINT('',#2660);
#2680=EDGE_CURVE('',#2670,#130,#2650,.T.);
#2690=ORIENTED_EDGE('',*,*,#2680,.F.);
#2700=ORIENTED_EDGE('',*,*,#140,.T.);
#2710=CARTESIAN_POINT('',(0.,344.545684350452,289.750292941287));
#2720=DIRECTION('',(-0.577350269189627,0.577350269189624,
0.577350269189627));
#2730=VECTOR('',#2720,1.);
#2740=LINE('',#2710,#2730);
#2750=CARTESIAN_POINT('',(284.984285308169,59.5613990422844,
4.76600763311751));
#2760=VERTEX_POINT('',#2750);
#2770=EDGE_CURVE('',#110,#2760,#2740,.T.);
#2780=ORIENTED_EDGE('',*,*,#2770,.F.);
#2790=CARTESIAN_POINT('',(284.984285308169,59.9213990422796,
4.76600763311753));
#2800=DIRECTION('',(3.62457622377811E-14,1.,1.09815965876154E-15));
#2810=VECTOR('',#2800,1.);
#2820=LINE('',#2790,#2810);
#2830=EDGE_CURVE('',#2760,#2670,#2820,.T.);
#2840=ORIENTED_EDGE('',*,*,#2830,.F.);
#2850=EDGE_LOOP('',(#2840,#2780,#2700,#2690));
#2860=FACE_OUTER_BOUND('',#2850,.T.);
#2870=ADVANCED_FACE('',(#2860),#2610,.T.);
#2880=CARTESIAN_POINT('',(279.884285398629,58.9113990422836,
9.51600763311108));
#2890=DIRECTION('',(0.640184399666351,1.30456562314565E-14,
0.768221279595817));
#2900=DIRECTION('',(-0.768221279595817,1.08694149282036E-14,
0.640184399666351));
#2910=AXIS2_PLACEMENT_3D('',#2880,#2890,#2900);
#2920=PLANE('',#2910);
#2930=CARTESIAN_POINT('',(278.384285398629,58.9113990422837,
10.7660076331176));
#2940=DIRECTION('',(-1.50975818610225E-18,1.,-1.69803805938331E-14));
#2950=VECTOR('',#2940,1.);
#2960=LINE('',#2930,#2950);
#2970=CARTESIAN_POINT('',(278.384285398629,59.4113990422837,
10.7660076331176));
#2980=VERTEX_POINT('',#2970);
#2990=CARTESIAN_POINT('',(278.384285398629,59.611399042284,
10.7660076331176));
#3000=VERTEX_POINT('',#2990);
#3010=EDGE_CURVE('',#2980,#3000,#2960,.T.);
#3020=ORIENTED_EDGE('',*,*,#3010,.F.);
#3030=CARTESIAN_POINT('',(0.320092199833175,59.6113990422879,
242.486168633261));
#3040=DIRECTION('',(0.768221279595817,-1.08524300657109E-14,
-0.640184399666351));
#3050=VECTOR('',#3040,1.);
#3060=LINE('',#3030,#3050);
#3070=CARTESIAN_POINT('',(279.64428539863,59.6113990422839,
9.71600763311116));
#3080=VERTEX_POINT('',#3070);
#3090=EDGE_CURVE('',#3000,#3080,#3060,.T.);
#3100=ORIENTED_EDGE('',*,*,#3090,.F.);
#3110=CARTESIAN_POINT('',(279.64428539863,0.,9.71600763311214));
#3120=DIRECTION('',(6.60405553439784E-16,-1.,1.64313007644524E-14));
#3130=VECTOR('',#3120,1.);
#3140=LINE('',#3110,#3130);
#3150=CARTESIAN_POINT('',(279.64428539863,59.4113990422836,
9.71600763311116));
#3160=VERTEX_POINT('',#3150);
#3170=EDGE_CURVE('',#3080,#3160,#3140,.T.);
#3180=ORIENTED_EDGE('',*,*,#3170,.F.);
#3190=CARTESIAN_POINT('',(0.320092199833175,59.4113990422876,
242.486168633261));
#3200=DIRECTION('',(0.768221279595817,-1.08524300657109E-14,
-0.640184399666351));
#3210=VECTOR('',#3200,1.);
#3220=LINE('',#3190,#3210);
#3230=EDGE_CURVE('',#2980,#3160,#3220,.T.);
#3240=ORIENTED_EDGE('',*,*,#3230,.T.);
#3250=EDGE_LOOP('',(#3240,#3180,#3100,#3020));
#3260=FACE_OUTER_BOUND('',#3250,.T.);
#3270=ADVANCED_FACE('',(#3260),#2920,.T.);
#3280=CARTESIAN_POINT('',(-8.5265128291212E-14,65.6113990422749,
4.66600763311737));
#3290=DIRECTION('',(1.,1.50975818610233E-18,-3.67852619377962E-32));
#3300=DIRECTION('',(1.50975818610233E-18,-1.,0.));
#3310=AXIS2_PLACEMENT_3D('',#3280,#3290,#3300);
#3320=CYLINDRICAL_SURFACE('',#3310,0.5);
#3330=ORIENTED_EDGE('',*,*,#1300,.F.);
#3340=CARTESIAN_POINT('',(-8.52658831703051E-14,66.1113990422749,
4.66600763311736));
#3350=DIRECTION('',(1.,1.50975818610233E-18,-3.67852619377962E-32));
#3360=VECTOR('',#3350,1.);
#3370=LINE('',#3340,#3360);
#3380=CARTESIAN_POINT('',(276.884285398629,66.1113990422749,
4.66600763311736));
#3390=VERTEX_POINT('',#3380);
#3400=EDGE_CURVE('',#3390,#1200,#3370,.T.);
#3410=ORIENTED_EDGE('',*,*,#3400,.T.);
#3420=CARTESIAN_POINT('',(276.884285398629,65.6113990422749,
4.66600763311737));
#3430=DIRECTION('',(1.,1.50975818610233E-18,-3.67852619377962E-32));
#3440=DIRECTION('',(1.50975818610233E-18,-1.,0.));
#3450=AXIS2_PLACEMENT_3D('',#3420,#3430,#3440);
#3460=CIRCLE('',#3450,0.5);
#3470=CARTESIAN_POINT('',(276.884285398629,65.6113990422749,
4.16600763311737));
#3480=VERTEX_POINT('',#3470);
#3490=EDGE_CURVE('',#3480,#3390,#3460,.T.);
#3500=ORIENTED_EDGE('',*,*,#3490,.T.);
#3510=CARTESIAN_POINT('',(-8.5265128291212E-14,65.6113990422749,
4.16600763311737));
#3520=DIRECTION('',(1.,1.5097581861014E-18,-9.63943647553553E-17));
#3530=VECTOR('',#3520,1.);
#3540=LINE('',#3510,#3530);
#3550=EDGE_CURVE('',#3480,#1290,#3540,.T.);
#3560=ORIENTED_EDGE('',*,*,#3550,.F.);
#3570=EDGE_LOOP('',(#3560,#3500,#3410,#3330));
#3580=FACE_OUTER_BOUND('',#3570,.T.);
#3590=ADVANCED_FACE('',(#3580),#3320,.T.);
#3600=CARTESIAN_POINT('',(0.,65.611399042275,10.2660076331177));
#3610=DIRECTION('',(-1.,-1.50975818608943E-18,7.63278329475246E-16));
#3620=DIRECTION('',(7.63278329475246E-16,0.,1.));
#3630=AXIS2_PLACEMENT_3D('',#3600,#3610,#3620);
#3640=CYLINDRICAL_SURFACE('',#3630,0.5);
#3650=CARTESIAN_POINT('',(276.884285398629,65.611399042275,
10.2660076331175));
#3660=DIRECTION('',(-1.,-1.50975818608943E-18,7.63278329475246E-16));
#3670=DIRECTION('',(7.63278329475246E-16,0.,1.));
#3680=AXIS2_PLACEMENT_3D('',#3650,#3660,#3670);
#3690=CIRCLE('',#3680,0.5);
#3700=CARTESIAN_POINT('',(276.884285398629,65.611399042275,
10.7660076331175));
#3710=VERTEX_POINT('',#3700);
#3720=CARTESIAN_POINT('',(276.884285398629,66.111399042275,
10.2660076331175));
#3730=VERTEX_POINT('',#3720);
#3740=EDGE_CURVE('',#3710,#3730,#3690,.T.);
#3750=ORIENTED_EDGE('',*,*,#3740,.F.);
#3760=CARTESIAN_POINT('',(-7.54879093051164E-19,66.111399042275,
10.2660076331177));
#3770=DIRECTION('',(-1.,-1.50975818608943E-18,7.63278329475246E-16));
#3780=VECTOR('',#3770,1.);
#3790=LINE('',#3760,#3780);
#3800=CARTESIAN_POINT('',(278.203260431037,66.111399042275,
10.2660076331175));
#3810=VERTEX_POINT('',#3800);
#3820=EDGE_CURVE('',#3810,#3730,#3790,.T.);
#3830=ORIENTED_EDGE('',*,*,#3820,.T.);
#3840=CARTESIAN_POINT('',(278.203260431037,65.611399042275,
10.2660076331175));
#3850=DIRECTION('',(-0.940271577682697,5.77009906769008E-15,
0.340425263754164));
#3860=DIRECTION('',(-0.340425263754163,-1.59417366740077E-14,
-0.940271577682697));
#3870=AXIS2_PLACEMENT_3D('',#3840,#3850,#3860);
#3880=ELLIPSE('',#3870,0.531761261179724,0.5);
#3890=CARTESIAN_POINT('',(278.384285398629,65.611399042275,
10.7660076331175));
#3900=VERTEX_POINT('',#3890);
#3910=EDGE_CURVE('',#3900,#3810,#3880,.T.);
#3920=ORIENTED_EDGE('',*,*,#3910,.T.);
#3930=CARTESIAN_POINT('',(3.81639164737623E-16,65.611399042275,
10.7660076331177));
#3940=DIRECTION('',(-1.,-1.50975818608943E-18,7.63278329475246E-16));
#3950=VECTOR('',#3940,1.);
#3960=LINE('',#3930,#3950);
#3970=EDGE_CURVE('',#3900,#3710,#3960,.T.);
#3980=ORIENTED_EDGE('',*,*,#3970,.F.);
#3990=EDGE_LOOP('',(#3980,#3920,#3830,#3750));
#4000=FACE_OUTER_BOUND('',#3990,.T.);
#4010=ADVANCED_FACE('',(#4000),#3640,.T.);
#4020=CARTESIAN_POINT('',(278.93428532445,64.7413990422745,
5.70600763311759));
#4030=DIRECTION('',(-3.0195163722045E-18,1.,-3.39607611876663E-14));
#4040=DIRECTION('',(5.12725372093427E-32,-3.39607611876663E-14,-1.));
#4050=AXIS2_PLACEMENT_3D('',#4020,#4030,#4040);
#4060=PLANE('',#4050);
#4070=CARTESIAN_POINT('',(0.,64.7413990422745,4.0160076385876));
#4080=DIRECTION('',(-1.,-3.0195163722045E-18,0.));
#4090=VECTOR('',#4080,1.);
#4100=LINE('',#4070,#4090);
#4110=CARTESIAN_POINT('',(284.98428530817,64.7413990422745,
4.0160076385876));
#4120=VERTEX_POINT('',#4110);
#4130=CARTESIAN_POINT('',(279.03428531631,64.7413990422745,
4.0160076385876));
#4140=VERTEX_POINT('',#4130);
#4150=EDGE_CURVE('',#4120,#4140,#4100,.T.);
#4160=ORIENTED_EDGE('',*,*,#4150,.F.);
#4170=CARTESIAN_POINT('',(283.050292954897,64.7413990422743,0.));
#4180=DIRECTION('',(0.707106781186493,-2.4008572907519E-14,
-0.707106781186602));
#4190=VECTOR('',#4180,1.);
#4200=LINE('',#4170,#4190);
#4210=CARTESIAN_POINT('',(278.88428531631,64.7413990422745,
4.16600763858759));
#4220=VERTEX_POINT('',#4210);
#4230=EDGE_CURVE('',#4220,#4140,#4200,.T.);
#4240=ORIENTED_EDGE('',*,*,#4230,.T.);
#4250=CARTESIAN_POINT('',(278.88428531631,64.7413990422743,0.));
#4260=DIRECTION('',(0.,-3.39607611876663E-14,-1.));
#4270=VECTOR('',#4260,1.);
#4280=LINE('',#4250,#4270);
#4290=CARTESIAN_POINT('',(278.88428531631,64.7413990422745,
5.55184096645074));
#4300=VERTEX_POINT('',#4290);
#4310=EDGE_CURVE('',#4300,#4220,#4280,.T.);
#4320=ORIENTED_EDGE('',*,*,#4310,.T.);
#4330=CARTESIAN_POINT('',(0.,64.7413990422782,112.457483671038));
#4340=DIRECTION('',(-0.933746117302047,1.21569421196455E-14,
0.357936011632458));
#4350=VECTOR('',#4340,1.);
#4360=LINE('',#4330,#4350);
#4370=CARTESIAN_POINT('',(280.93428531631,64.7413990422745,
4.76600763311748));
#4380=VERTEX_POINT('',#4370);
#4390=EDGE_CURVE('',#4380,#4300,#4360,.T.);
#4400=ORIENTED_EDGE('',*,*,#4390,.T.);
#4410=CARTESIAN_POINT('',(0.,64.7413990422745,4.76600763311751));
#4420=DIRECTION('',(-1.,-3.01951637219794E-18,1.92788729511594E-16));
#4430=VECTOR('',#4420,1.);
#4440=LINE('',#4410,#4430);
#4450=CARTESIAN_POINT('',(284.98428530817,64.7413990422745,
4.7660076331174));
#4460=VERTEX_POINT('',#4450);
#4470=EDGE_CURVE('',#4460,#4380,#4440,.T.);
#4480=ORIENTED_EDGE('',*,*,#4470,.T.);
#4490=CARTESIAN_POINT('',(284.98428530817,64.7413990422743,0.));
#4500=DIRECTION('',(-1.92788729511594E-16,-3.39607611876663E-14,-1.));
#4510=VECTOR('',#4500,1.);
#4520=LINE('',#4490,#4510);
#4530=EDGE_CURVE('',#4460,#4120,#4520,.T.);
#4540=ORIENTED_EDGE('',*,*,#4530,.F.);
#4550=EDGE_LOOP('',(#4540,#4480,#4400,#4320,#4240,#4160));
#4560=FACE_OUTER_BOUND('',#4550,.T.);
#4570=ADVANCED_FACE('',(#4560),#4060,.F.);
#4580=CARTESIAN_POINT('',(281.684285324447,61.511399042275,
7.5160076331175));
#4590=DIRECTION('',(-0.242535625036333,3.53415083709438E-17,
-0.970142500145332));
#4600=DIRECTION('',(-0.970142500145332,-5.89025139515729E-17,
0.242535625036333));
#4610=AXIS2_PLACEMENT_3D('',#4580,#4590,#4600);
#4620=PLANE('',#4610);
#4630=CARTESIAN_POINT('',(279.484285324447,60.761399042275,
8.0660076331175));
#4640=DIRECTION('',(0.942809041582063,0.235702260395516,
-0.235702260395516));
#4650=VECTOR('',#4640,1.);
#4660=LINE('',#4630,#4650);
#4670=CARTESIAN_POINT('',(281.484285324447,61.261399042275,
7.5660076331175));
#4680=VERTEX_POINT('',#4670);
#4690=CARTESIAN_POINT('',(281.884285324447,61.361399042275,
7.4660076331175));
#4700=VERTEX_POINT('',#4690);
#4710=EDGE_CURVE('',#4680,#4700,#4660,.T.);
#4720=ORIENTED_EDGE('',*,*,#4710,.T.);
#4730=CARTESIAN_POINT('',(281.484285324447,61.511399042275,
7.5660076331175));
#4740=DIRECTION('',(-4.85722573273506E-17,1.,4.85722573273506E-17));
#4750=VECTOR('',#4740,1.);
#4760=LINE('',#4730,#4750);
#4770=CARTESIAN_POINT('',(281.484285324447,61.761399042275,
7.5660076331175));
#4780=VERTEX_POINT('',#4770);
#4790=EDGE_CURVE('',#4680,#4780,#4760,.T.);
#4800=ORIENTED_EDGE('',*,*,#4790,.F.);
#4810=CARTESIAN_POINT('',(279.484285324447,62.261399042275,
8.0660076331175));
#4820=DIRECTION('',(0.942809041582063,-0.235702260395516,
-0.235702260395516));
#4830=VECTOR('',#4820,1.);
#4840=LINE('',#4810,#4830);
#4850=CARTESIAN_POINT('',(281.884285324447,61.661399042275,
7.4660076331175));
#4860=VERTEX_POINT('',#4850);
#4870=EDGE_CURVE('',#4780,#4860,#4840,.T.);
#4880=ORIENTED_EDGE('',*,*,#4870,.F.);
#4890=CARTESIAN_POINT('',(281.884285324447,61.511399042275,
7.4660076331175));
#4900=DIRECTION('',(-4.85722573273506E-17,1.,4.85722573273506E-17));
#4910=VECTOR('',#4900,1.);
#4920=LINE('',#4890,#4910);
#4930=EDGE_CURVE('',#4700,#4860,#4920,.T.);
#4940=ORIENTED_EDGE('',*,*,#4930,.T.);
#4950=EDGE_LOOP('',(#4940,#4880,#4800,#4720));
#4960=FACE_OUTER_BOUND('',#4950,.T.);
#4970=ADVANCED_FACE('',(#4960),#4620,.F.);
#4980=CARTESIAN_POINT('',(0.,64.9213990422745,3.91600769367532));
#4990=DIRECTION('',(1.,3.01951637127049E-18,-2.75200102077941E-14));
#5000=DIRECTION('',(-2.75200102077941E-14,0.,-1.));
#5010=AXIS2_PLACEMENT_3D('',#4980,#4990,#5000);
#5020=CYLINDRICAL_SURFACE('',#5010,0.5);
#5030=ORIENTED_EDGE('',*,*,#1550,.F.);
#5040=CARTESIAN_POINT('',(-1.50975818610225E-18,65.4213990422745,
3.9160076936753));
#5050=DIRECTION('',(1.,3.01951637127049E-18,-2.75200102077941E-14));
#5060=VECTOR('',#5050,1.);
#5070=LINE('',#5040,#5060);
#5080=CARTESIAN_POINT('',(277.684285398632,65.4213990422745,
3.91600769366766));
#5090=VERTEX_POINT('',#5080);
#5100=EDGE_CURVE('',#5090,#1450,#5070,.T.);
#5110=ORIENTED_EDGE('',*,*,#5100,.T.);
#5120=CARTESIAN_POINT('',(277.684285398629,64.9213990422745,
3.91600769366768));
#5130=DIRECTION('',(1.,3.01951637127049E-18,-2.75200102077941E-14));
#5140=DIRECTION('',(-2.75200102077941E-14,0.,-1.));
#5150=AXIS2_PLACEMENT_3D('',#5120,#5130,#5140);
#5160=CIRCLE('',#5150,0.5);
#5170=CARTESIAN_POINT('',(277.684285398629,64.9213990422745,
3.41600769366768));
#5180=VERTEX_POINT('',#5170);
#5190=EDGE_CURVE('',#5180,#5090,#5160,.T.);
#5200=ORIENTED_EDGE('',*,*,#5190,.T.);
#5210=CARTESIAN_POINT('',(-1.37600051038971E-14,64.9213990422745,
3.41600769367532));
#5220=DIRECTION('',(1.,3.01951637127049E-18,-2.75200102077941E-14));
#5230=VECTOR('',#5220,1.);
#5240=LINE('',#5210,#5230);
#5250=EDGE_CURVE('',#5180,#1540,#5240,.T.);
#5260=ORIENTED_EDGE('',*,*,#5250,.F.);
#5270=EDGE_LOOP('',(#5260,#5200,#5110,#5030));
#5280=FACE_OUTER_BOUND('',#5270,.T.);
#5290=ADVANCED_FACE('',(#5280),#5020,.T.);
#5300=CARTESIAN_POINT('',(279.484285324447,61.761399042275,
7.06600763311757));
#5310=DIRECTION('',(-4.85722573273506E-17,1.,4.85722573273506E-17));
#5320=DIRECTION('',(-1.17963209093718E-32,4.85722573273506E-17,-1.));
#5330=AXIS2_PLACEMENT_3D('',#5300,#5310,#5320);
#5340=PLANE('',#5330);
#5350=CARTESIAN_POINT('',(279.484285324447,61.761399042275,
7.5660076331175));
#5360=DIRECTION('',(1.,4.85722573273506E-17,-9.43705672749744E-33));
#5370=VECTOR('',#5360,1.);
#5380=LINE('',#5350,#5370);
#5390=CARTESIAN_POINT('',(278.88428531631,61.761399042275,
7.5660076331175));
#5400=VERTEX_POINT('',#5390);
#5410=EDGE_CURVE('',#5400,#4780,#5380,.T.);
#5420=ORIENTED_EDGE('',*,*,#5410,.T.);
#5430=CARTESIAN_POINT('',(278.88428531631,61.761399042275,0.));
#5440=DIRECTION('',(0.,-4.85722573273506E-17,1.));
#5450=VECTOR('',#5440,1.);
#5460=LINE('',#5430,#5450);
#5470=CARTESIAN_POINT('',(278.88428531631,61.761399042275,
7.06600763311757));
#5480=VERTEX_POINT('',#5470);
#5490=EDGE_CURVE('',#5480,#5400,#5460,.T.);
#5500=ORIENTED_EDGE('',*,*,#5490,.T.);
#5510=CARTESIAN_POINT('',(279.484285324447,61.761399042275,
7.06600763311757));
#5520=DIRECTION('',(1.,4.85722573273506E-17,-9.43705672749744E-33));
#5530=VECTOR('',#5520,1.);
#5540=LINE('',#5510,#5530);
#5550=CARTESIAN_POINT('',(281.484285324447,61.761399042275,
7.06600763311757));
#5560=VERTEX_POINT('',#5550);
#5570=EDGE_CURVE('',#5480,#5560,#5540,.T.);
#5580=ORIENTED_EDGE('',*,*,#5570,.F.);
#5590=CARTESIAN_POINT('',(281.484285324447,61.761399042275,
7.31600763311753));
#5600=DIRECTION('',(1.17963209093718E-32,-4.85722573273506E-17,1.));
#5610=VECTOR('',#5600,1.);
#5620=LINE('',#5590,#5610);
#5630=EDGE_CURVE('',#5560,#4780,#5620,.T.);
#5640=ORIENTED_EDGE('',*,*,#5630,.F.);
#5650=EDGE_LOOP('',(#5640,#5580,#5500,#5420));
#5660=FACE_OUTER_BOUND('',#5650,.T.);
#5670=ADVANCED_FACE('',(#5660),#5340,.T.);
#5680=CARTESIAN_POINT('',(281.084285353399,58.9113990422836,
6.94100763311434));
#5690=DIRECTION('',(-1.50975818610225E-18,1.,-1.69803805938331E-14));
#5700=DIRECTION('',(9.31338339782428E-14,1.69803805938331E-14,1.));
#5710=AXIS2_PLACEMENT_3D('',#5680,#5690,#5700);
#5720=PLANE('',#5710);
#5730=CARTESIAN_POINT('',(284.984285308169,58.9113990422835,
4.66600763311762));
#5740=DIRECTION('',(-1.,3.62457622377811E-14,1.92788729510363E-16));
#5750=VECTOR('',#5740,1.);
#5760=LINE('',#5730,#5750);
#5770=CARTESIAN_POINT('',(276.884285398629,58.9113990422838,
4.66600763311762));
#5780=VERTEX_POINT('',#5770);
#5790=EDGE_CURVE('',#1960,#5780,#5760,.T.);
#5800=ORIENTED_EDGE('',*,*,#5790,.F.);
#5810=CARTESIAN_POINT('',(276.884285398629,58.9113990422837,
10.9660076331176));
#5820=DIRECTION('',(1.24900088776303E-16,-1.69803805938331E-14,-1.));
#5830=VECTOR('',#5820,1.);
#5840=LINE('',#5810,#5830);
#5850=CARTESIAN_POINT('',(276.884285398629,58.9113990422837,
10.2660076331176));
#5860=VERTEX_POINT('',#5850);
#5870=EDGE_CURVE('',#5860,#5780,#5840,.T.);
#5880=ORIENTED_EDGE('',*,*,#5870,.T.);
#5890=CARTESIAN_POINT('',(7.54879093051125E-19,58.9113990422837,
10.266007633118));
#5900=DIRECTION('',(1.,1.50975818607927E-18,-1.35539727589655E-15));
#5910=VECTOR('',#5900,1.);
#5920=LINE('',#5890,#5910);
#5930=CARTESIAN_POINT('',(278.203260431037,58.9113990422837,
10.2660076331176));
#5940=VERTEX_POINT('',#5930);
#5950=EDGE_CURVE('',#5860,#5940,#5920,.T.);
#5960=ORIENTED_EDGE('',*,*,#5950,.F.);
#5970=CARTESIAN_POINT('',(7.54879093051125E-19,58.9113990422876,
242.102057993463));
#5980=DIRECTION('',(0.768221279595817,-1.08524300657109E-14,
-0.640184399666351));
#5990=VECTOR('',#5980,1.);
#6000=LINE('',#5970,#5990);
#6010=CARTESIAN_POINT('',(279.463260431039,58.9113990422836,
9.21600763311119));
#6020=VERTEX_POINT('',#6010);
#6030=EDGE_CURVE('',#5940,#6020,#6000,.T.);
#6040=ORIENTED_EDGE('',*,*,#6030,.F.);
#6050=CARTESIAN_POINT('',(7.54879093051125E-19,58.9113990422836,
9.21600763311117));
#6060=DIRECTION('',(-1.,-1.50975818610217E-18,4.44628146325593E-18));
#6070=VECTOR('',#6060,1.);
#6080=LINE('',#6050,#6070);
#6090=EDGE_CURVE('',#2040,#6020,#6080,.T.);
#6100=ORIENTED_EDGE('',*,*,#6090,.T.);
#6110=ORIENTED_EDGE('',*,*,#2050,.T.);
#6120=EDGE_LOOP('',(#6110,#6100,#6040,#5960,#5880,#5800));
#6130=FACE_OUTER_BOUND('',#6120,.T.);
#6140=ADVANCED_FACE('',(#6130),#5720,.F.);
#6150=CARTESIAN_POINT('',(277.034285398629,63.9413990422744,
9.71600763311109));
#6160=DIRECTION('',(-4.44628146325591E-18,-1.64313007644524E-14,-1.));
#6170=DIRECTION('',(-1.50975818610224E-18,1.,-1.64313007644524E-14));
#6180=AXIS2_PLACEMENT_3D('',#6150,#6160,#6170);
#6190=PLANE('',#6180);
#6200=CARTESIAN_POINT('',(2.22314073162795E-18,59.4113990422836,
9.71600763311116));
#6210=DIRECTION('',(-1.,-1.50975818610217E-18,4.44628146325593E-18));
#6220=VECTOR('',#6210,1.);
#6230=LINE('',#6200,#6220);
#6240=EDGE_CURVE('',#2130,#3160,#6230,.T.);
#6250=ORIENTED_EDGE('',*,*,#6240,.F.);
#6260=ORIENTED_EDGE('',*,*,#3170,.T.);
#6270=CARTESIAN_POINT('',(278.863260431042,59.6113990422839,
9.71600763311116));
#6280=DIRECTION('',(-4.44628146325591E-18,-1.64313007644524E-14,-1.));
#6290=DIRECTION('',(1.,-4.33947430170266E-16,-4.44628146324877E-18));
#6300=AXIS2_PLACEMENT_3D('',#6270,#6280,#6290);
#6310=ELLIPSE('',#6300,0.781024967588383,0.5);
#6320=CARTESIAN_POINT('',(278.863260431042,60.1113990422839,
9.71600763311115));
#6330=VERTEX_POINT('',#6320);
#6340=EDGE_CURVE('',#6330,#3080,#6310,.T.);
#6350=ORIENTED_EDGE('',*,*,#6340,.T.);
#6360=CARTESIAN_POINT('',(0.,60.1113990422839,9.71600763311115));
#6370=DIRECTION('',(1.,1.50975818610217E-18,-4.44628146325593E-18));
#6380=VECTOR('',#6370,1.);
#6390=LINE('',#6360,#6380);
#6400=CARTESIAN_POINT('',(276.884285398629,60.1113990422839,
9.71600763311115));
#6410=VERTEX_POINT('',#6400);
#6420=EDGE_CURVE('',#6410,#6330,#6390,.T.);
#6430=ORIENTED_EDGE('',*,*,#6420,.T.);
#6440=CARTESIAN_POINT('',(276.884285398629,63.5113990422838,
9.7160076331111));
#6450=DIRECTION('',(1.50975818610215E-18,-1.,-5.14042824516365E-16));
#6460=VECTOR('',#6450,1.);
#6470=LINE('',#6440,#6460);
#6480=CARTESIAN_POINT('',(276.884285398629,64.911399042275,
9.71600763311107));
#6490=VERTEX_POINT('',#6480);
#6500=EDGE_CURVE('',#6490,#6410,#6470,.T.);
#6510=ORIENTED_EDGE('',*,*,#6500,.T.);
#6520=CARTESIAN_POINT('',(0.,64.911399042275,9.71600763311108));
#6530=DIRECTION('',(1.,1.50975818610217E-18,-4.44628146325593E-18));
#6540=VECTOR('',#6530,1.);
#6550=LINE('',#6520,#6540);
#6560=CARTESIAN_POINT('',(278.863260431042,64.911399042275,
9.71600763311107));
#6570=VERTEX_POINT('',#6560);
#6580=EDGE_CURVE('',#6490,#6570,#6550,.T.);
#6590=ORIENTED_EDGE('',*,*,#6580,.F.);
#6600=CARTESIAN_POINT('',(278.863260431042,65.411399042275,
9.71600763311107));
#6610=DIRECTION('',(-4.44628146325591E-18,-1.64313007644524E-14,-1.));
#6620=DIRECTION('',(1.,-4.33947430170266E-16,-4.44628146324877E-18));
#6630=AXIS2_PLACEMENT_3D('',#6600,#6610,#6620);
#6640=ELLIPSE('',#6630,0.781024967588383,0.5);
#6650=CARTESIAN_POINT('',(279.64428539863,65.411399042275,
9.71600763311107));
#6660=VERTEX_POINT('',#6650);
#6670=EDGE_CURVE('',#6660,#6570,#6640,.T.);
#6680=ORIENTED_EDGE('',*,*,#6670,.T.);
#6690=CARTESIAN_POINT('',(279.64428539863,0.,9.71600763311214));
#6700=DIRECTION('',(-6.60405553439784E-16,1.,-1.64313007644524E-14));
#6710=VECTOR('',#6700,1.);
#6720=LINE('',#6690,#6710);
#6730=EDGE_CURVE('',#6660,#2360,#6720,.T.);
#6740=ORIENTED_EDGE('',*,*,#6730,.F.);
#6750=ORIENTED_EDGE('',*,*,#2370,.F.);
#6760=ORIENTED_EDGE('',*,*,#2200,.F.);
#6770=EDGE_LOOP('',(#6760,#6750,#6740,#6680,#6590,#6510,#6430,#6350,
#6260,#6250));
#6780=FACE_OUTER_BOUND('',#6770,.T.);
#6790=ADVANCED_FACE('',(#6780),#6190,.F.);
#6800=CARTESIAN_POINT('',(276.884285398629,64.7413990422738,
4.1660076331176));
#6810=DIRECTION('',(0.,-5.9211894646675E-16,1.));
#6820=DIRECTION('',(-1.,0.,0.));
#6830=AXIS2_PLACEMENT_3D('',#6800,#6810,#6820);
#6840=PLANE('',#6830);
#6850=CARTESIAN_POINT('',(0.,65.4213990422745,4.16600763311737));
#6860=DIRECTION('',(1.,3.0195163722045E-18,-5.12297365207005E-32));
#6870=VECTOR('',#6860,1.);
#6880=LINE('',#6850,#6870);
#6890=CARTESIAN_POINT('',(277.684285398629,65.4213990422745,
4.1660076331176));
#6900=VERTEX_POINT('',#6890);
#6910=EDGE_CURVE('',#6900,#1370,#6880,.T.);
#6920=ORIENTED_EDGE('',*,*,#6910,.F.);
#6930=ORIENTED_EDGE('',*,*,#1380,.F.);
#6940=ORIENTED_EDGE('',*,*,#3550,.T.);
#6950=CARTESIAN_POINT('',(276.884285398629,0.,4.16600763311756));
#6960=DIRECTION('',(-3.0195163722045E-18,1.,5.9211894646675E-16));
#6970=VECTOR('',#6960,1.);
#6980=LINE('',#6950,#6970);
#6990=CARTESIAN_POINT('',(276.884285398629,63.5113990422746,
4.16600763311759));
#7000=VERTEX_POINT('',#6990);
#7010=EDGE_CURVE('',#7000,#3480,#6980,.T.);
#7020=ORIENTED_EDGE('',*,*,#7010,.T.);
#7030=CARTESIAN_POINT('',(0.,63.5113990422746,4.16600763311759));
#7040=DIRECTION('',(1.,0.,0.));
#7050=VECTOR('',#7040,1.);
#7060=LINE('',#7030,#7050);
#7070=CARTESIAN_POINT('',(277.684285398629,63.5113990422746,
4.16600763311759));
#7080=VERTEX_POINT('',#7070);
#7090=EDGE_CURVE('',#7000,#7080,#7060,.T.);
#7100=ORIENTED_EDGE('',*,*,#7090,.F.);
#7110=CARTESIAN_POINT('',(277.684285398629,0.,4.166007633118));
#7120=DIRECTION('',(3.62457622377811E-14,1.,-9.59929596160599E-15));
#7130=VECTOR('',#7120,1.);
#7140=LINE('',#7110,#7130);
#7150=EDGE_CURVE('',#7080,#6900,#7140,.T.);
#7160=ORIENTED_EDGE('',*,*,#7150,.F.);
#7170=EDGE_LOOP('',(#7160,#7100,#7020,#6940,#6930,#6920));
#7180=FACE_OUTER_BOUND('',#7170,.T.);
#7190=ADVANCED_FACE('',(#7180),#6840,.F.);
#7200=CARTESIAN_POINT('',(278.684285324447,61.821399042275,
7.06600763311757));
#7210=DIRECTION('',(-1.17963209093718E-32,4.85722573273506E-17,-1.));
#7220=DIRECTION('',(-1.,-4.85722573273506E-17,9.43705672749744E-33));
#7230=AXIS2_PLACEMENT_3D('',#7200,#7210,#7220);
#7240=PLANE('',#7230);
#7250=CARTESIAN_POINT('',(281.484285324447,61.511399042275,
7.06600763311757));
#7260=DIRECTION('',(-4.85722573273506E-17,1.,4.85722573273506E-17));
#7270=VECTOR('',#7260,1.);
#7280=LINE('',#7250,#7270);
#7290=CARTESIAN_POINT('',(281.484285324447,61.261399042275,
7.06600763311757));
#7300=VERTEX_POINT('',#7290);
#7310=EDGE_CURVE('',#7300,#5560,#7280,.T.);
#7320=ORIENTED_EDGE('',*,*,#7310,.F.);
#7330=ORIENTED_EDGE('',*,*,#5570,.T.);
#7340=CARTESIAN_POINT('',(278.88428531631,0.,7.06600763311757));
#7350=DIRECTION('',(0.,1.,4.85722573273506E-17));
#7360=VECTOR('',#7350,1.);
#7370=LINE('',#7340,#7360);
#7380=CARTESIAN_POINT('',(278.88428531631,61.261399042275,
7.06600763311757));
#7390=VERTEX_POINT('',#7380);
#7400=EDGE_CURVE('',#7390,#5480,#7370,.T.);
#7410=ORIENTED_EDGE('',*,*,#7400,.T.);
#7420=CARTESIAN_POINT('',(279.484285324447,61.261399042275,
7.06600763311757));
#7430=DIRECTION('',(1.,4.85722573273506E-17,-9.43705672749744E-33));
#7440=VECTOR('',#7430,1.);
#7450=LINE('',#7420,#7440);
#7460=EDGE_CURVE('',#7390,#7300,#7450,.T.);
#7470=ORIENTED_EDGE('',*,*,#7460,.F.);
#7480=EDGE_LOOP('',(#7470,#7410,#7330,#7320));
#7490=FACE_OUTER_BOUND('',#7480,.T.);
#7500=ADVANCED_FACE('',(#7490),#7240,.T.);
#7510=CARTESIAN_POINT('',(278.084285398629,63.5113990422746,
5.56600763308846));
#7520=DIRECTION('',(0.,5.9211894646675E-16,-1.));
#7530=DIRECTION('',(-1.,0.,0.));
#7540=AXIS2_PLACEMENT_3D('',#7510,#7520,#7530);
#7550=PLANE('',#7540);
#7560=CARTESIAN_POINT('',(276.884285398629,63.5113990422746,
5.56600763308846));
#7570=DIRECTION('',(0.,-1.,-5.9211894646675E-16));
#7580=VECTOR('',#7570,1.);
#7590=LINE('',#7560,#7580);
#7600=CARTESIAN_POINT('',(276.884285398629,63.5113990422746,
5.56600763308846));
#7610=VERTEX_POINT('',#7600);
#7620=CARTESIAN_POINT('',(276.884285398629,61.511399042285,
5.56600763308846));
#7630=VERTEX_POINT('',#7620);
#7640=EDGE_CURVE('',#7610,#7630,#7590,.T.);
#7650=ORIENTED_EDGE('',*,*,#7640,.F.);
#7660=CARTESIAN_POINT('',(0.,61.511399042285,5.56600763308846));
#7670=DIRECTION('',(-1.,0.,0.));
#7680=VECTOR('',#7670,1.);
#7690=LINE('',#7660,#7680);
#7700=CARTESIAN_POINT('',(277.684285398629,61.511399042285,
5.56600763308846));
#7710=VERTEX_POINT('',#7700);
#7720=EDGE_CURVE('',#7710,#7630,#7690,.T.);
#7730=ORIENTED_EDGE('',*,*,#7720,.T.);
#7740=CARTESIAN_POINT('',(277.684285398629,0.,5.56600763308842));
#7750=DIRECTION('',(0.,-1.,-5.9211894646675E-16));
#7760=VECTOR('',#7750,1.);
#7770=LINE('',#7740,#7760);
#7780=CARTESIAN_POINT('',(277.684285398629,63.5113990422746,
5.56600763308848));
#7790=VERTEX_POINT('',#7780);
#7800=EDGE_CURVE('',#7790,#7710,#7770,.T.);
#7810=ORIENTED_EDGE('',*,*,#7800,.T.);
#7820=CARTESIAN_POINT('',(0.,63.5113990422746,5.56600763308846));
#7830=DIRECTION('',(-1.,0.,0.));
#7840=VECTOR('',#7830,1.);
#7850=LINE('',#7820,#7840);
#7860=EDGE_CURVE('',#7790,#7610,#7850,.T.);
#7870=ORIENTED_EDGE('',*,*,#7860,.F.);
#7880=EDGE_LOOP('',(#7870,#7810,#7730,#7650));
#7890=FACE_OUTER_BOUND('',#7880,.T.);
#7900=ADVANCED_FACE('',(#7890),#7550,.T.);
#7910=CARTESIAN_POINT('',(281.684285324447,61.511399042275,
7.11600763311757));
#7920=DIRECTION('',(0.242535625036333,5.89025139515729E-17,
-0.970142500145332));
#7930=DIRECTION('',(-0.970142500145332,-3.53415083709437E-17,
-0.242535625036333));
#7940=AXIS2_PLACEMENT_3D('',#7910,#7920,#7930);
#7950=PLANE('',#7940);
#7960=CARTESIAN_POINT('',(279.484285324447,62.261399042275,
6.56600763311757));
#7970=DIRECTION('',(-0.942809041582063,0.235702260395516,
-0.235702260395516));
#7980=VECTOR('',#7970,1.);
#7990=LINE('',#7960,#7980);
#8000=CARTESIAN_POINT('',(281.884285324447,61.661399042275,
7.16600763311757));
#8010=VERTEX_POINT('',#8000);
#8020=EDGE_CURVE('',#8010,#5560,#7990,.T.);
#8030=ORIENTED_EDGE('',*,*,#8020,.F.);
#8040=ORIENTED_EDGE('',*,*,#7310,.T.);
#8050=CARTESIAN_POINT('',(279.484285324447,60.761399042275,
6.56600763311757));
#8060=DIRECTION('',(0.942809041582063,0.235702260395516,
0.235702260395516));
#8070=VECTOR('',#8060,1.);
#8080=LINE('',#8050,#8070);
#8090=CARTESIAN_POINT('',(281.884285324447,61.361399042275,
7.16600763311757));
#8100=VERTEX_POINT('',#8090);
#8110=EDGE_CURVE('',#7300,#8100,#8080,.T.);
#8120=ORIENTED_EDGE('',*,*,#8110,.F.);
#8130=CARTESIAN_POINT('',(281.884285324447,61.511399042275,
7.16600763311757));
#8140=DIRECTION('',(-4.85722573273506E-17,1.,4.85722573273506E-17));
#8150=VECTOR('',#8140,1.);
#8160=LINE('',#8130,#8150);
#8170=EDGE_CURVE('',#8100,#8010,#8160,.T.);
#8180=ORIENTED_EDGE('',*,*,#8170,.F.);
#8190=EDGE_LOOP('',(#8180,#8120,#8040,#8030));
#8200=FACE_OUTER_BOUND('',#8190,.T.);
#8210=ADVANCED_FACE('',(#8200),#7950,.T.);
#8220=CARTESIAN_POINT('',(284.984285308169,59.5613990422844,
9.71600763311159));
#8230=DIRECTION('',(-3.62457622377811E-14,-1.,1.75294604232139E-14));
#8240=DIRECTION('',(1.92788729510998E-16,1.75294604232139E-14,1.));
#8250=AXIS2_PLACEMENT_3D('',#8220,#8230,#8240);
#8260=PLANE('',#8250);
#8270=CARTESIAN_POINT('',(284.984285308169,59.5613990422844,
6.94100763311859));
#8280=DIRECTION('',(-1.92788729510996E-16,-1.75294604232139E-14,-1.));
#8290=VECTOR('',#8280,1.);
#8300=LINE('',#8270,#8290);
#8310=CARTESIAN_POINT('',(284.984285308169,59.5613990422844,
9.11600763311963));
#8320=VERTEX_POINT('',#8310);
#8330=EDGE_CURVE('',#8320,#2760,#8300,.T.);
#8340=ORIENTED_EDGE('',*,*,#8330,.T.);
#8350=CARTESIAN_POINT('',(0.,59.5613990422947,9.11600763311969));
#8360=DIRECTION('',(-1.,3.62457622377811E-14,1.92788729510359E-16));
#8370=VECTOR('',#8360,1.);
#8380=LINE('',#8350,#8370);
#8390=CARTESIAN_POINT('',(280.934285316309,59.5613990422846,
9.11600763311963));
#8400=VERTEX_POINT('',#8390);
#8410=EDGE_CURVE('',#8320,#8400,#8380,.T.);
#8420=ORIENTED_EDGE('',*,*,#8410,.F.);
#8430=CARTESIAN_POINT('',(0.,59.5613990422929,-98.5754684047989));
#8440=DIRECTION('',(0.93374611730205,-2.75612865863195E-14,
0.357936011632452));
#8450=VECTOR('',#8440,1.);
#8460=LINE('',#8430,#8450);
#8470=CARTESIAN_POINT('',(278.13428531631,59.5613990422847,
8.04267429978631));
#8480=VERTEX_POINT('',#8470);
#8490=EDGE_CURVE('',#8480,#8400,#8460,.T.);
#8500=ORIENTED_EDGE('',*,*,#8490,.T.);
#8510=CARTESIAN_POINT('',(278.134285316309,59.5613990422846,
6.94100763311858));
#8520=DIRECTION('',(1.92788729510996E-16,1.75294604232139E-14,1.));
#8530=VECTOR('',#8520,1.);
#8540=LINE('',#8510,#8530);
#8550=CARTESIAN_POINT('',(278.134285316309,59.5613990422846,
5.83934096645086));
#8560=VERTEX_POINT('',#8550);
#8570=EDGE_CURVE('',#8560,#8480,#8540,.T.);
#8580=ORIENTED_EDGE('',*,*,#8570,.T.);
#8590=CARTESIAN_POINT('',(0.,59.5613990422966,112.457483671036));
#8600=DIRECTION('',(0.933746117302049,-4.01345623401994E-14,
-0.357936011632453));
#8610=VECTOR('',#8600,1.);
#8620=LINE('',#8590,#8610);
#8630=CARTESIAN_POINT('',(280.934285316309,59.5613990422845,
4.76600763311753));
#8640=VERTEX_POINT('',#8630);
#8650=EDGE_CURVE('',#8560,#8640,#8620,.T.);
#8660=ORIENTED_EDGE('',*,*,#8650,.F.);
#8670=CARTESIAN_POINT('',(0.,59.5613990422947,4.76600763311759));
#8680=DIRECTION('',(1.,-3.62457622377811E-14,-1.92788729510362E-16));
#8690=VECTOR('',#8680,1.);
#8700=LINE('',#8670,#8690);
#8710=EDGE_CURVE('',#8640,#2760,#8700,.T.);
#8720=ORIENTED_EDGE('',*,*,#8710,.F.);
#8730=EDGE_LOOP('',(#8720,#8660,#8580,#8500,#8420,#8340));
#8740=FACE_OUTER_BOUND('',#8730,.T.);
#8750=ADVANCED_FACE('',(#8740),#8260,.F.);
#8760=CARTESIAN_POINT('',(278.88428531631,64.5313990422743,
4.76600763311747));
#8770=DIRECTION('',(-3.62457622377811E-14,-1.,1.63292112909237E-14));
#8780=DIRECTION('',(1.92788729510954E-16,1.63292112909237E-14,1.));
#8790=AXIS2_PLACEMENT_3D('',#8760,#8770,#8780);
#8800=PLANE('',#8790);
#8810=CARTESIAN_POINT('',(281.58428530817,64.5313990422743,
8.69100763311969));
#8820=DIRECTION('',(9.31338339782435E-14,1.63292112909203E-14,1.));
#8830=VECTOR('',#8820,1.);
#8840=LINE('',#8810,#8830);
#8850=CARTESIAN_POINT('',(281.58428530817,64.5313990422742,
8.26600763311973));
#8860=VERTEX_POINT('',#8850);
#8870=CARTESIAN_POINT('',(281.58428530817,64.5313990422743,
9.11600763311955));
#8880=VERTEX_POINT('',#8870);
#8890=EDGE_CURVE('',#8860,#8880,#8840,.T.);
#8900=ORIENTED_EDGE('',*,*,#8890,.F.);
#8910=CARTESIAN_POINT('',(278.88428531631,64.5313990422744,
9.11600763311955));
#8920=DIRECTION('',(-1.,3.62457622377811E-14,1.92788729510363E-16));
#8930=VECTOR('',#8920,1.);
#8940=LINE('',#8910,#8930);
#8950=CARTESIAN_POINT('',(280.93428531631,64.5313990422743,
9.11600763311955));
#8960=VERTEX_POINT('',#8950);
#8970=EDGE_CURVE('',#8880,#8960,#8940,.T.);
#8980=ORIENTED_EDGE('',*,*,#8970,.F.);
#8990=CARTESIAN_POINT('',(0.,64.5313990422827,-98.575468404801));
#9000=DIRECTION('',(-0.933746117302048,2.80053757961696E-14,
-0.357936011632458));
#9010=VECTOR('',#9000,1.);
#9020=LINE('',#8990,#9010);
#9030=CARTESIAN_POINT('',(278.13428531631,64.5313990422744,
8.04267429978623));
#9040=VERTEX_POINT('',#9030);
#9050=EDGE_CURVE('',#8960,#9040,#9020,.T.);
#9060=ORIENTED_EDGE('',*,*,#9050,.F.);
#9070=CARTESIAN_POINT('',(278.13428531631,64.5313990422743,
6.94100763311851));
#9080=DIRECTION('',(-1.92788729510954E-16,-1.63292112909237E-14,-1.));
#9090=VECTOR('',#9080,1.);
#9100=LINE('',#9070,#9090);
#9110=CARTESIAN_POINT('',(278.13428531631,64.5313990422743,
5.83934096645085));
#9120=VERTEX_POINT('',#9110);
#9130=EDGE_CURVE('',#9040,#9120,#9100,.T.);
#9140=ORIENTED_EDGE('',*,*,#9130,.F.);
#9150=CARTESIAN_POINT('',(0.,64.5313990422862,112.457483671038));
#9160=DIRECTION('',(0.933746117302047,-3.96904731303494E-14,
-0.357936011632458));
#9170=VECTOR('',#9160,1.);
#9180=LINE('',#9150,#9170);
#9190=CARTESIAN_POINT('',(278.88428531631,64.5313990422743,
5.55184096645074));
#9200=VERTEX_POINT('',#9190);
#9210=EDGE_CURVE('',#9120,#9200,#9180,.T.);
#9220=ORIENTED_EDGE('',*,*,#9210,.F.);
#9230=CARTESIAN_POINT('',(278.88428531631,64.5313990422742,0.));
#9240=DIRECTION('',(-1.92788729510954E-16,-1.63292112909237E-14,-1.));
#9250=VECTOR('',#9240,1.);
#9260=LINE('',#9230,#9250);
#9270=CARTESIAN_POINT('',(278.88428531631,64.5313990422743,
8.11600763311977));
#9280=VERTEX_POINT('',#9270);
#9290=EDGE_CURVE('',#9280,#9200,#9260,.T.);
#9300=ORIENTED_EDGE('',*,*,#9290,.T.);
#9310=CARTESIAN_POINT('',(270.768277683191,64.5313990422745,0.));
#9320=DIRECTION('',(-0.707106781186497,1.40165656858926E-14,
-0.707106781186598));
#9330=VECTOR('',#9320,1.);
#9340=LINE('',#9310,#9330);
#9350=CARTESIAN_POINT('',(279.03428531631,64.5313990422743,
8.26600763311977));
#9360=VERTEX_POINT('',#9350);
#9370=EDGE_CURVE('',#9360,#9280,#9340,.T.);
#9380=ORIENTED_EDGE('',*,*,#9370,.T.);
#9390=CARTESIAN_POINT('',(0.,64.5313990422844,8.26600763311977));
#9400=DIRECTION('',(1.,-3.62457622377811E-14,1.54616737423318E-28));
#9410=VECTOR('',#9400,1.);
#9420=LINE('',#9390,#9410);
#9430=EDGE_CURVE('',#9360,#8860,#9420,.T.);
#9440=ORIENTED_EDGE('',*,*,#9430,.F.);
#9450=EDGE_LOOP('',(#9440,#9380,#9300,#9220,#9140,#9060,#8980,#8900));
#9460=FACE_OUTER_BOUND('',#9450,.T.);
#9470=ADVANCED_FACE('',(#9460),#8800,.F.);
#9480=CARTESIAN_POINT('',(283.21178531631,63.4113990422744,
3.72100766612761));
#9490=DIRECTION('',(-3.0195163722045E-18,1.,-3.39066977599751E-14));
#9500=DIRECTION('',(1.,3.01951636904664E-18,-9.31338339782428E-14));
#9510=AXIS2_PLACEMENT_3D('',#9480,#9490,#9500);
#9520=PLANE('',#9510);
#9530=CARTESIAN_POINT('',(1.85055285301608E-16,63.4113990422744,
3.4160076936754));
#9540=DIRECTION('',(1.,3.0195163712699E-18,-2.75200102077941E-14));
#9550=VECTOR('',#9540,1.);
#9560=LINE('',#9530,#9550);
#9570=CARTESIAN_POINT('',(282.43428531631,63.4113990422744,
3.41600769366755));
#9580=VERTEX_POINT('',#9570);
#9590=CARTESIAN_POINT('',(283.88428531631,63.4113990422744,
3.4160076936675));
#9600=VERTEX_POINT('',#9590);
#9610=EDGE_CURVE('',#9580,#9600,#9560,.T.);
#9620=ORIENTED_EDGE('',*,*,#9610,.T.);
#9630=CARTESIAN_POINT('',(282.43428531631,63.4113990422744,
4.16600763858736));
#9640=DIRECTION('',(-1.9168172653266E-13,-3.39066977599751E-14,-1.));
#9650=VECTOR('',#9640,1.);
#9660=LINE('',#9630,#9650);
#9670=CARTESIAN_POINT('',(282.43428531631,63.4113990422744,
4.41600763858729));
#9680=VERTEX_POINT('',#9670);
#9690=EDGE_CURVE('',#9680,#9580,#9660,.T.);
#9700=ORIENTED_EDGE('',*,*,#9690,.T.);
#9710=CARTESIAN_POINT('',(5.70284741461096E-14,63.4113990422744,
4.41600763861366));
#9720=DIRECTION('',(-1.,-3.0195163690416E-18,9.31338339782428E-14));
#9730=VECTOR('',#9720,1.);
#9740=LINE('',#9710,#9730);
#9750=CARTESIAN_POINT('',(283.88428531631,63.4113990422744,
4.41600763858714));
#9760=VERTEX_POINT('',#9750);
#9770=EDGE_CURVE('',#9760,#9680,#9740,.T.);
#9780=ORIENTED_EDGE('',*,*,#9770,.T.);
#9790=CARTESIAN_POINT('',(283.88428531631,63.4113990422743,
-6.78133955199501E-15));
#9800=DIRECTION('',(9.31338339782428E-14,3.39066977599751E-14,1.));
#9810=VECTOR('',#9800,1.);
#9820=LINE('',#9790,#9810);
#9830=EDGE_CURVE('',#9600,#9760,#9820,.T.);
#9840=ORIENTED_EDGE('',*,*,#9830,.T.);
#9850=EDGE_LOOP('',(#9840,#9780,#9700,#9620));
#9860=FACE_OUTER_BOUND('',#9850,.T.);
#9870=ADVANCED_FACE('',(#9860),#9520,.F.);
#9880=CARTESIAN_POINT('',(283.88428531631,63.2113990422743,0.));
#9890=DIRECTION('',(9.31338339782428E-14,3.39066977599751E-14,1.));
#9900=DIRECTION('',(1.,0.,-9.31338339782428E-14));
#9910=AXIS2_PLACEMENT_3D('',#9880,#9890,#9900);
#9920=CYLINDRICAL_SURFACE('',#9910,0.2);
#9930=CARTESIAN_POINT('',(283.88428531631,63.2113990422744,
4.41600763858715));
#9940=DIRECTION('',(9.31338339782428E-14,3.39066977599751E-14,1.));
#9950=DIRECTION('',(1.,0.,-9.31338339782428E-14));
#9960=AXIS2_PLACEMENT_3D('',#9930,#9940,#9950);
#9970=CIRCLE('',#9960,0.2);
#9980=CARTESIAN_POINT('',(284.08428531631,63.2113990422744,
4.41600763858713));
#9990=VERTEX_POINT('',#9980);
#10000=EDGE_CURVE('',#9990,#9760,#9970,.T.);
#10010=ORIENTED_EDGE('',*,*,#10000,.T.);
#10020=CARTESIAN_POINT('',(284.084285316309,63.2113990422743,
-1.86267667956486E-14));
#10030=DIRECTION('',(9.31338339782428E-14,3.39066977599751E-14,1.));
#10040=VECTOR('',#10030,1.);
#10050=LINE('',#10020,#10040);
#10060=CARTESIAN_POINT('',(284.08428531631,63.2113990422744,
3.41600769366749));
#10070=VERTEX_POINT('',#10060);
#10080=EDGE_CURVE('',#10070,#9990,#10050,.T.);
#10090=ORIENTED_EDGE('',*,*,#10080,.T.);
#10100=CARTESIAN_POINT('',(283.88428531631,63.2113990422744,
3.41600769366751));
#10110=DIRECTION('',(9.31338339782428E-14,3.39066977599751E-14,1.));
#10120=DIRECTION('',(1.,0.,-9.31338339782428E-14));
#10130=AXIS2_PLACEMENT_3D('',#10100,#10110,#10120);
#10140=CIRCLE('',#10130,0.2);
#10150=EDGE_CURVE('',#10070,#9600,#10140,.T.);
#10160=ORIENTED_EDGE('',*,*,#10150,.F.);
#10170=ORIENTED_EDGE('',*,*,#9830,.F.);
#10180=EDGE_LOOP('',(#10170,#10160,#10090,#10010));
#10190=FACE_OUTER_BOUND('',#10180,.T.);
#10200=ADVANCED_FACE('',(#10190),#9920,.F.);
#10210=CARTESIAN_POINT('',(277.034285398629,65.4213990422746,
7.5460076331175));
#10220=DIRECTION('',(-3.0195163722045E-18,1.,-3.39607611876663E-14));
#10230=DIRECTION('',(-5.12725372093427E-32,3.39607611876663E-14,1.));
#10240=AXIS2_PLACEMENT_3D('',#10210,#10220,#10230);
#10250=PLANE('',#10240);
#10260=CARTESIAN_POINT('',(277.684285398632,65.4213990422744,0.));
#10270=DIRECTION('',(-1.92788729511593E-16,-3.39607611876663E-14,-1.));
#10280=VECTOR('',#10270,1.);
#10290=LINE('',#10260,#10280);
#10300=EDGE_CURVE('',#6900,#5090,#10290,.T.);
#10310=ORIENTED_EDGE('',*,*,#10300,.F.);
#10320=ORIENTED_EDGE('',*,*,#5100,.F.);
#10330=ORIENTED_EDGE('',*,*,#1460,.T.);
#10340=ORIENTED_EDGE('',*,*,#6910,.T.);
#10350=EDGE_LOOP('',(#10340,#10330,#10320,#10310));
#10360=FACE_OUTER_BOUND('',#10350,.T.);
#10370=ADVANCED_FACE('',(#10360),#10250,.T.);
#10380=CARTESIAN_POINT('',(285.134285308169,60.1313990422749,
4.24100763585221));
#10390=DIRECTION('',(0.707106781186539,0.707106781186556,
-1.36322217973115E-16));
#10400=DIRECTION('',(0.707106781186556,-0.707106781186539,0.));
#10410=AXIS2_PLACEMENT_3D('',#10380,#10390,#10400);
#10420=PLANE('',#10410);
#10430=CARTESIAN_POINT('',(289.000292946756,56.265391403688,0.));
#10440=DIRECTION('',(-0.577350269189623,0.577350269189609,
0.577350269189645));
#10450=VECTOR('',#10440,1.);
#10460=LINE('',#10430,#10450);
#10470=CARTESIAN_POINT('',(284.984285308169,60.2813990422749,
4.01600763858737));
#10480=VERTEX_POINT('',#10470);
#10490=EDGE_CURVE('',#210,#10480,#10460,.T.);
#10500=ORIENTED_EDGE('',*,*,#10490,.T.);
#10510=ORIENTED_EDGE('',*,*,#220,.T.);
#10520=ORIENTED_EDGE('',*,*,#2680,.T.);
#10530=CARTESIAN_POINT('',(284.984285308169,60.2813990422749,0.));
#10540=DIRECTION('',(-1.92788729510363E-16,0.,-1.));
#10550=VECTOR('',#10540,1.);
#10560=LINE('',#10530,#10550);
#10570=EDGE_CURVE('',#2670,#10480,#10560,.T.);
#10580=ORIENTED_EDGE('',*,*,#10570,.F.);
#10590=EDGE_LOOP('',(#10580,#10520,#10510,#10500));
#10600=FACE_OUTER_BOUND('',#10590,.T.);
#10610=ADVANCED_FACE('',(#10600),#10420,.T.);
#10620=CARTESIAN_POINT('',(0.,65.4113990422789,242.102057993463));
#10630=DIRECTION('',(-0.768221279595817,1.08524300657109E-14,
0.640184399666351));
#10640=DIRECTION('',(0.640184399666351,0.,0.768221279595817));
#10650=AXIS2_PLACEMENT_3D('',#10620,#10630,#10640);
#10660=CYLINDRICAL_SURFACE('',#10650,0.5);
#10670=CARTESIAN_POINT('',(278.203260431037,65.411399042275,
10.2660076331175));
#10680=DIRECTION('',(-0.940271577682697,5.77009906769008E-15,
0.340425263754164));
#10690=DIRECTION('',(-0.340425263754163,-1.59417366740077E-14,
-0.940271577682697));
#10700=AXIS2_PLACEMENT_3D('',#10670,#10680,#10690);
#10710=ELLIPSE('',#10700,0.531761261179724,0.5);
#10720=CARTESIAN_POINT('',(278.203260431037,64.911399042275,
10.2660076331175));
#10730=VERTEX_POINT('',#10720);
#10740=CARTESIAN_POINT('',(278.384285398629,65.411399042275,
10.7660076331175));
#10750=VERTEX_POINT('',#10740);
#10760=EDGE_CURVE('',#10730,#10750,#10710,.T.);
#10770=ORIENTED_EDGE('',*,*,#10760,.F.);
#10780=CARTESIAN_POINT('',(0.320092199833175,65.4113990422789,
242.486168633261));
#10790=DIRECTION('',(-0.768221279595817,1.08524300657109E-14,
0.640184399666351));
#10800=VECTOR('',#10790,1.);
#10810=LINE('',#10780,#10800);
#10820=EDGE_CURVE('',#6660,#10750,#10810,.T.);
#10830=ORIENTED_EDGE('',*,*,#10820,.T.);
#10840=ORIENTED_EDGE('',*,*,#6670,.F.);
#10850=CARTESIAN_POINT('',(7.54879093051125E-19,64.9113990422789,
242.102057993463));
#10860=DIRECTION('',(-0.768221279595817,1.08524300657109E-14,
0.640184399666351));
#10870=VECTOR('',#10860,1.);
#10880=LINE('',#10850,#10870);
#10890=EDGE_CURVE('',#6570,#10730,#10880,.T.);
#10900=ORIENTED_EDGE('',*,*,#10890,.F.);
#10910=EDGE_LOOP('',(#10900,#10840,#10830,#10770));
#10920=FACE_OUTER_BOUND('',#10910,.T.);
#10930=ADVANCED_FACE('',(#10920),#10660,.T.);
#10940=CARTESIAN_POINT('',(278.95928531631,62.5113990422745,
4.49100763858761));
#10950=DIRECTION('',(-0.707106781186633,-3.82286163346531E-17,
-0.707106781186462));
#10960=DIRECTION('',(0.707106781186462,0.,-0.707106781186633));
#10970=AXIS2_PLACEMENT_3D('',#10940,#10950,#10960);
#10980=PLANE('',#10970);
#10990=CARTESIAN_POINT('',(283.450292954896,64.2113990422745,0.));
#11000=DIRECTION('',(-0.707106781186462,0.,0.707106781186633));
#11010=VECTOR('',#11000,1.);
#11020=LINE('',#10990,#11010);
#11030=CARTESIAN_POINT('',(279.03428531631,64.2113990422745,
4.4160076385876));
#11040=VERTEX_POINT('',#11030);
#11050=CARTESIAN_POINT('',(278.88428531631,64.2113990422745,
4.56600763858764));
#11060=VERTEX_POINT('',#11050);
#11070=EDGE_CURVE('',#11040,#11060,#11020,.T.);
#11080=ORIENTED_EDGE('',*,*,#11070,.T.);
#11090=CARTESIAN_POINT('',(279.03428531631,62.5113990422745,
4.4160076385876));
#11100=DIRECTION('',(0.,-1.,5.40634276912306E-17));
#11110=VECTOR('',#11100,1.);
#11120=LINE('',#11090,#11110);
#11130=CARTESIAN_POINT('',(279.03428531631,60.8113990422745,
4.4160076385876));
#11140=VERTEX_POINT('',#11130);
#11150=EDGE_CURVE('',#11040,#11140,#11120,.T.);
#11160=ORIENTED_EDGE('',*,*,#11150,.F.);
#11170=CARTESIAN_POINT('',(283.450292954896,60.8113990422745,0.));
#11180=DIRECTION('',(0.707106781186462,0.,-0.707106781186633));
#11190=VECTOR('',#11180,1.);
#11200=LINE('',#11170,#11190);
#11210=CARTESIAN_POINT('',(278.88428531631,60.8113990422745,
4.56600763858764));
#11220=VERTEX_POINT('',#11210);
#11230=EDGE_CURVE('',#11220,#11140,#11200,.T.);
#11240=ORIENTED_EDGE('',*,*,#11230,.T.);
#11250=CARTESIAN_POINT('',(278.88428531631,62.5113990422745,
4.56600763858761));
#11260=DIRECTION('',(0.,-1.,5.40634276912306E-17));
#11270=VECTOR('',#11260,1.);
#11280=LINE('',#11250,#11270);
#11290=EDGE_CURVE('',#11060,#11220,#11280,.T.);
#11300=ORIENTED_EDGE('',*,*,#11290,.T.);
#11310=EDGE_LOOP('',(#11300,#11240,#11160,#11080));
#11320=FACE_OUTER_BOUND('',#11310,.T.);
#11330=ADVANCED_FACE('',(#11320),#10980,.F.);
#11340=CARTESIAN_POINT('',(278.88428531631,60.4913990422846,
4.76600763311753));
#11350=DIRECTION('',(1.92788729510323E-16,-1.09815965876155E-15,1.));
#11360=DIRECTION('',(3.62457622377811E-14,1.,1.09815965876154E-15));
#11370=AXIS2_PLACEMENT_3D('',#11340,#11350,#11360);
#11380=PLANE('',#11370);
#11390=ORIENTED_EDGE('',*,*,#8710,.T.);
#11400=CARTESIAN_POINT('',(280.934285316309,60.0263990422845,
4.76600763311753));
#11410=DIRECTION('',(3.62457622377811E-14,1.,1.09815965876154E-15));
#11420=VECTOR('',#11410,1.);
#11430=LINE('',#11400,#11420);
#11440=CARTESIAN_POINT('',(280.934285316309,60.2813990422749,
4.76600763311752));
#11450=VERTEX_POINT('',#11440);
#11460=EDGE_CURVE('',#8640,#11450,#11430,.T.);
#11470=ORIENTED_EDGE('',*,*,#11460,.F.);
#11480=CARTESIAN_POINT('',(0.,60.2813990422749,4.76600763311759));
#11490=DIRECTION('',(-1.,0.,1.92788729510323E-16));
#11500=VECTOR('',#11490,1.);
#11510=LINE('',#11480,#11500);
#11520=EDGE_CURVE('',#2670,#11450,#11510,.T.);
#11530=ORIENTED_EDGE('',*,*,#11520,.T.);
#11540=ORIENTED_EDGE('',*,*,#2830,.T.);
#11550=EDGE_LOOP('',(#11540,#11530,#11470,#11390));
#11560=FACE_OUTER_BOUND('',#11550,.T.);
#11570=ADVANCED_FACE('',(#11560),#11380,.T.);
#11580=CARTESIAN_POINT('',(285.134285308169,64.6263990422744,
3.86600763858731));
#11590=DIRECTION('',(0.707106781186616,-2.55913956512757E-14,
0.70710678118648));
#11600=DIRECTION('',(0.70710678118648,-3.34953057851923E-14,
-0.707106781186616));
#11610=AXIS2_PLACEMENT_3D('',#11580,#11590,#11600);
#11620=PLANE('',#11610);
#11630=CARTESIAN_POINT('',(289.000292946756,68.7574066808596,0.));
#11640=DIRECTION('',(-0.577350269189657,-0.577350269189473,
0.577350269189747));
#11650=VECTOR('',#11640,1.);
#11660=LINE('',#11630,#11650);
#11670=EDGE_CURVE('',#610,#4120,#11660,.T.);
#11680=ORIENTED_EDGE('',*,*,#11670,.T.);
#11690=ORIENTED_EDGE('',*,*,#620,.T.);
#11700=CARTESIAN_POINT('',(289.000292946756,60.1953914036885,0.));
#11710=DIRECTION('',(0.577350269189591,-0.577350269189564,
-0.577350269189723));
#11720=VECTOR('',#11710,1.);
#11730=LINE('',#11700,#11720);
#11740=CARTESIAN_POINT('',(284.984285308169,64.2113990422745,
4.01600763858725));
#11750=VERTEX_POINT('',#11740);
#11760=EDGE_CURVE('',#11750,#530,#11730,.T.);
#11770=ORIENTED_EDGE('',*,*,#11760,.T.);
#11780=CARTESIAN_POINT('',(284.984285308169,64.6263990422745,
4.0160076385876));
#11790=DIRECTION('',(3.62457622377811E-14,1.,-5.40634276946038E-17));
#11800=VECTOR('',#11790,1.);
#11810=LINE('',#11780,#11800);
#11820=EDGE_CURVE('',#11750,#4120,#11810,.T.);
#11830=ORIENTED_EDGE('',*,*,#11820,.F.);
#11840=EDGE_LOOP('',(#11830,#11770,#11690,#11680));
#11850=FACE_OUTER_BOUND('',#11840,.T.);
#11860=ADVANCED_FACE('',(#11850),#11620,.T.);
#11870=CARTESIAN_POINT('',(285.13428530817,65.1013990422743,
4.61600763311744));
#11880=DIRECTION('',(-0.707106781186534,1.61573973755358E-15,
-0.707106781186561));
#11890=DIRECTION('',(0.707106781186561,-6.69906115705065E-14,
-0.707106781186534));
#11900=AXIS2_PLACEMENT_3D('',#11870,#11880,#11890);
#11910=PLANE('',#11900);
#11920=ORIENTED_EDGE('',*,*,#780,.F.);
#11930=CARTESIAN_POINT('',(0.,-220.242886265805,289.750292941276));
#11940=DIRECTION('',(-0.577350269189695,-0.577350269189511,
0.577350269189671));
#11950=VECTOR('',#11940,1.);
#11960=LINE('',#11930,#11950);
#11970=EDGE_CURVE('',#690,#4460,#11960,.T.);
#11980=ORIENTED_EDGE('',*,*,#11970,.F.);
#11990=CARTESIAN_POINT('',(284.98428530817,65.1013990422743,
4.76600763311744));
#12000=DIRECTION('',(-3.62457622377811E-14,-1.,3.39607611876663E-14));
#12010=VECTOR('',#12000,1.);
#12020=LINE('',#11990,#12010);
#12030=CARTESIAN_POINT('',(284.98428530817,65.4613990422741,
4.76600763311743));
#12040=VERTEX_POINT('',#12030);
#12050=EDGE_CURVE('',#12040,#4460,#12020,.T.);
#12060=ORIENTED_EDGE('',*,*,#12050,.T.);
#12070=CARTESIAN_POINT('',(0.,-219.522886265891,289.750292941275));
#12080=DIRECTION('',(0.577350269189637,0.577350269189627,
-0.577350269189613));
#12090=VECTOR('',#12080,1.);
#12100=LINE('',#12070,#12090);
#12110=EDGE_CURVE('',#12040,#770,#12100,.T.);
#12120=ORIENTED_EDGE('',*,*,#12110,.F.);
#12130=EDGE_LOOP('',(#12120,#12060,#11980,#11920));
#12140=FACE_OUTER_BOUND('',#12130,.T.);
#12150=ADVANCED_FACE('',(#12140),#11910,.F.);
#12160=CARTESIAN_POINT('',(285.03428530817,62.5113990422745,
4.21600763858704));
#12170=DIRECTION('',(0.624695047554469,-2.26003317203603E-14,
0.780868809442994));
#12180=DIRECTION('',(0.780868809442994,-3.32904396078814E-14,
-0.624695047554469));
#12190=AXIS2_PLACEMENT_3D('',#12160,#12170,#12180);
#12200=PLANE('',#12190);
#12210=CARTESIAN_POINT('',(0.,64.2113990422745,232.24343588515));
#12220=DIRECTION('',(0.780868809442994,0.,-0.624695047554469));
#12230=VECTOR('',#12220,1.);
#12240=LINE('',#12210,#12230);
#12250=CARTESIAN_POINT('',(284.78428530817,64.2113990422745,
4.41600763858706));
#12260=VERTEX_POINT('',#12250);
#12270=CARTESIAN_POINT('',(284.984285308169,64.2113990422745,
4.25600763858702));
#12280=VERTEX_POINT('',#12270);
#12290=EDGE_CURVE('',#12260,#12280,#12240,.T.);
#12300=ORIENTED_EDGE('',*,*,#12290,.F.);
#12310=CARTESIAN_POINT('',(0.,349.195684350431,232.243435885158));
#12320=DIRECTION('',(-0.615457454896652,0.615457454896623,
0.492365963917397));
#12330=VECTOR('',#12320,1.);
#12340=LINE('',#12310,#12330);
#12350=EDGE_CURVE('',#450,#12280,#12340,.T.);
#12360=ORIENTED_EDGE('',*,*,#12350,.T.);
#12370=ORIENTED_EDGE('',*,*,#460,.T.);
#12380=CARTESIAN_POINT('',(0.,-224.172886265881,232.243435885141));
#12390=DIRECTION('',(0.615457454896662,0.615457454896633,
-0.49236596391737));
#12400=VECTOR('',#12390,1.);
#12410=LINE('',#12380,#12400);
#12420=CARTESIAN_POINT('',(284.984285308169,60.8113990422745,
4.25600763858714));
#12430=VERTEX_POINT('',#12420);
#12440=EDGE_CURVE('',#12430,#370,#12410,.T.);
#12450=ORIENTED_EDGE('',*,*,#12440,.T.);
#12460=CARTESIAN_POINT('',(0.,60.8113990422745,232.24343588515));
#12470=DIRECTION('',(-0.780868809442994,0.,0.624695047554469));
#12480=VECTOR('',#12470,1.);
#12490=LINE('',#12460,#12480);
#12500=CARTESIAN_POINT('',(284.78428530817,60.8113990422745,
4.41600763858706));
#12510=VERTEX_POINT('',#12500);
#12520=EDGE_CURVE('',#12430,#12510,#12490,.T.);
#12530=ORIENTED_EDGE('',*,*,#12520,.F.);
#12540=CARTESIAN_POINT('',(284.78428530817,62.5113990422745,
4.41600763858706));
#12550=DIRECTION('',(3.62457622377811E-14,1.,-5.40634276946038E-17));
#12560=VECTOR('',#12550,1.);
#12570=LINE('',#12540,#12560);
#12580=EDGE_CURVE('',#12510,#12260,#12570,.T.);
#12590=ORIENTED_EDGE('',*,*,#12580,.F.);
#12600=EDGE_LOOP('',(#12590,#12530,#12450,#12370,#12360,#12300));
#12610=FACE_OUTER_BOUND('',#12600,.T.);
#12620=ADVANCED_FACE('',(#12610),#12200,.T.);
#12630=CARTESIAN_POINT('',(276.884285398629,63.5113990422838,
8.39600763311203));
#12640=DIRECTION('',(-1.,-1.50975818610215E-18,9.78315327903058E-32));
#12650=DIRECTION('',(9.86076131526265E-32,-5.14042824516365E-16,1.));
#12660=AXIS2_PLACEMENT_3D('',#12630,#12640,#12650);
#12670=PLANE('',#12660);
#12680=ORIENTED_EDGE('',*,*,#7010,.F.);
#12690=ORIENTED_EDGE('',*,*,#3490,.F.);
#12700=CARTESIAN_POINT('',(276.884285398629,66.111399042275,
10.9660076331175));
#12710=DIRECTION('',(1.24900088776303E-16,-1.69803805938331E-14,-1.));
#12720=VECTOR('',#12710,1.);
#12730=LINE('',#12700,#12720);
#12740=EDGE_CURVE('',#3730,#3390,#12730,.T.);
#12750=ORIENTED_EDGE('',*,*,#12740,.T.);
#12760=ORIENTED_EDGE('',*,*,#3740,.T.);
#12770=CARTESIAN_POINT('',(276.884285398629,0.,10.7660076331186));
#12780=DIRECTION('',(1.50975818610225E-18,-1.,1.69803805938331E-14));
#12790=VECTOR('',#12780,1.);
#12800=LINE('',#12770,#12790);
#12810=CARTESIAN_POINT('',(276.884285398629,65.411399042275,
10.7660076331175));
#12820=VERTEX_POINT('',#12810);
#12830=EDGE_CURVE('',#3710,#12820,#12800,.T.);
#12840=ORIENTED_EDGE('',*,*,#12830,.F.);
#12850=CARTESIAN_POINT('',(276.884285398629,65.411399042275,
10.2660076331175));
#12860=DIRECTION('',(-1.,-1.50975818608933E-18,7.63278329475246E-16));
#12870=DIRECTION('',(7.63278329475246E-16,0.,1.));
#12880=AXIS2_PLACEMENT_3D('',#12850,#12860,#12870);
#12890=CIRCLE('',#12880,0.5);
#12900=CARTESIAN_POINT('',(276.884285398629,64.911399042275,
10.2660076331175));
#12910=VERTEX_POINT('',#12900);
#12920=EDGE_CURVE('',#12910,#12820,#12890,.T.);
#12930=ORIENTED_EDGE('',*,*,#12920,.T.);
#12940=CARTESIAN_POINT('',(276.884285398629,64.9113990422748,
1.86517468137026E-14));
#12950=DIRECTION('',(4.44628146325591E-18,1.69803805938331E-14,1.));
#12960=VECTOR('',#12950,1.);
#12970=LINE('',#12940,#12960);
#12980=EDGE_CURVE('',#6490,#12910,#12970,.T.);
#12990=ORIENTED_EDGE('',*,*,#12980,.T.);
#13000=ORIENTED_EDGE('',*,*,#6500,.F.);
#13010=CARTESIAN_POINT('',(276.884285398629,60.111399042284,
10.9660076331176));
#13020=DIRECTION('',(1.24900088776303E-16,-1.69803805938331E-14,-1.));
#13030=VECTOR('',#13020,1.);
#13040=LINE('',#13010,#13030);
#13050=CARTESIAN_POINT('',(276.884285398629,60.1113990422839,
10.2660076331176));
#13060=VERTEX_POINT('',#13050);
#13070=EDGE_CURVE('',#13060,#6410,#13040,.T.);
#13080=ORIENTED_EDGE('',*,*,#13070,.T.);
#13090=CARTESIAN_POINT('',(276.884285398629,59.6113990422839,
10.2660076331176));
#13100=DIRECTION('',(1.,1.50975818607927E-18,-1.35539727589655E-15));
#13110=DIRECTION('',(-1.35539727589655E-15,0.,-1.));
#13120=AXIS2_PLACEMENT_3D('',#13090,#13100,#13110);
#13130=CIRCLE('',#13120,0.5);
#13140=CARTESIAN_POINT('',(276.884285398629,59.611399042284,
10.7660076331176));
#13150=VERTEX_POINT('',#13140);
#13160=EDGE_CURVE('',#13060,#13150,#13130,.T.);
#13170=ORIENTED_EDGE('',*,*,#13160,.F.);
#13180=CARTESIAN_POINT('',(276.884285398629,58.9113990422837,
10.7660076331176));
#13190=DIRECTION('',(-1.50975818610225E-18,1.,-1.69803805938331E-14));
#13200=VECTOR('',#13190,1.);
#13210=LINE('',#13180,#13200);
#13220=CARTESIAN_POINT('',(276.884285398629,59.4113990422837,
10.7660076331176));
#13230=VERTEX_POINT('',#13220);
#13240=EDGE_CURVE('',#13230,#13150,#13210,.T.);
#13250=ORIENTED_EDGE('',*,*,#13240,.T.);
#13260=CARTESIAN_POINT('',(276.884285398629,59.4113990422837,
10.2660076331176));
#13270=DIRECTION('',(1.,1.50975818607927E-18,-1.35539727589655E-15));
#13280=DIRECTION('',(-1.35539727589655E-15,0.,-1.));
#13290=AXIS2_PLACEMENT_3D('',#13260,#13270,#13280);
#13300=CIRCLE('',#13290,0.5);
#13310=EDGE_CURVE('',#13230,#5860,#13300,.T.);
#13320=ORIENTED_EDGE('',*,*,#13310,.F.);
#13330=ORIENTED_EDGE('',*,*,#5870,.F.);
#13340=CARTESIAN_POINT('',(276.884285398629,59.4113990422838,
4.66600763311761));
#13350=DIRECTION('',(-1.,3.62457622377811E-14,1.92788729510363E-16));
#13360=DIRECTION('',(3.62457622377811E-14,1.,-6.31088724176809E-30));
#13370=AXIS2_PLACEMENT_3D('',#13340,#13350,#13360);
#13380=CIRCLE('',#13370,0.5);
#13390=CARTESIAN_POINT('',(276.884285398629,59.4113990422838,
4.16600763311761));
#13400=VERTEX_POINT('',#13390);
#13410=EDGE_CURVE('',#13400,#5780,#13380,.T.);
#13420=ORIENTED_EDGE('',*,*,#13410,.T.);
#13430=CARTESIAN_POINT('',(276.884285398629,60.2813990422749,
4.16600763311759));
#13440=DIRECTION('',(0.,1.,5.9211894646675E-16));
#13450=VECTOR('',#13440,1.);
#13460=LINE('',#13430,#13450);
#13470=CARTESIAN_POINT('',(276.884285398629,61.511399042285,
4.16600763311756));
#13480=VERTEX_POINT('',#13470);
#13490=EDGE_CURVE('',#13400,#13480,#13460,.T.);
#13500=ORIENTED_EDGE('',*,*,#13490,.F.);
#13510=CARTESIAN_POINT('',(276.884285398629,61.511399042285,0.));
#13520=DIRECTION('',(-9.86076131526265E-32,5.9211894646675E-16,-1.));
#13530=VECTOR('',#13520,1.);
#13540=LINE('',#13510,#13530);
#13550=EDGE_CURVE('',#7630,#13480,#13540,.T.);
#13560=ORIENTED_EDGE('',*,*,#13550,.T.);
#13570=ORIENTED_EDGE('',*,*,#7640,.T.);
#13580=CARTESIAN_POINT('',(276.884285398629,63.5113990422746,0.));
#13590=DIRECTION('',(-9.86076131526265E-32,5.9211894646675E-16,-1.));
#13600=VECTOR('',#13590,1.);
#13610=LINE('',#13580,#13600);
#13620=EDGE_CURVE('',#7610,#7000,#13610,.T.);
#13630=ORIENTED_EDGE('',*,*,#13620,.F.);
#13640=EDGE_LOOP('',(#13630,#13570,#13560,#13500,#13420,#13330,#13320,
#13250,#13170,#13080,#13000,#12990,#12930,#12840,#12760,#12750,#12690,
#12680));
#13650=FACE_OUTER_BOUND('',#13640,.T.);
#13660=CARTESIAN_POINT('',(276.884285398629,63.261399042275,0.));
#13670=DIRECTION('',(9.86076131526265E-32,-4.85722573273506E-17,1.));
#13680=VECTOR('',#13670,1.);
#13690=LINE('',#13660,#13680);
#13700=CARTESIAN_POINT('',(276.884285398629,63.261399042275,
7.06600763311757));
#13710=VERTEX_POINT('',#13700);
#13720=CARTESIAN_POINT('',(276.884285398629,63.261399042275,
7.5660076331175));
#13730=VERTEX_POINT('',#13720);
#13740=EDGE_CURVE('',#13710,#13730,#13690,.T.);
#13750=ORIENTED_EDGE('',*,*,#13740,.F.);
#13760=CARTESIAN_POINT('',(276.884285398629,0.,7.5660076331175));
#13770=DIRECTION('',(1.50975818610215E-18,-1.,-4.85722573273506E-17));
#13780=VECTOR('',#13770,1.);
#13790=LINE('',#13760,#13780);
#13800=CARTESIAN_POINT('',(276.884285398629,63.761399042275,
7.5660076331175));
#13810=VERTEX_POINT('',#13800);
#13820=EDGE_CURVE('',#13810,#13730,#13790,.T.);
#13830=ORIENTED_EDGE('',*,*,#13820,.T.);
#13840=CARTESIAN_POINT('',(276.884285398629,63.761399042275,0.));
#13850=DIRECTION('',(-9.86076131526265E-32,4.85722573273506E-17,-1.));
#13860=VECTOR('',#13850,1.);
#13870=LINE('',#13840,#13860);
#13880=CARTESIAN_POINT('',(276.884285398629,63.761399042275,
7.06600763311757));
#13890=VERTEX_POINT('',#13880);
#13900=EDGE_CURVE('',#13810,#13890,#13870,.T.);
#13910=ORIENTED_EDGE('',*,*,#13900,.F.);
#13920=CARTESIAN_POINT('',(276.884285398629,0.,7.06600763311757));
#13930=DIRECTION('',(1.50975818610215E-18,-1.,-4.85722573273506E-17));
#13940=VECTOR('',#13930,1.);
#13950=LINE('',#13920,#13940);
#13960=EDGE_CURVE('',#13890,#13710,#13950,.T.);
#13970=ORIENTED_EDGE('',*,*,#13960,.F.);
#13980=EDGE_LOOP('',(#13970,#13910,#13830,#13750));
#13990=FACE_BOUND('',#13980,.T.);
#14000=CARTESIAN_POINT('',(276.884285398629,61.261399042275,0.));
#14010=DIRECTION('',(9.86076131526265E-32,-4.85722573273506E-17,1.));
#14020=VECTOR('',#14010,1.);
#14030=LINE('',#14000,#14020);
#14040=CARTESIAN_POINT('',(276.884285398629,61.261399042275,
7.06600763311757));
#14050=VERTEX_POINT('',#14040);
#14060=CARTESIAN_POINT('',(276.884285398629,61.261399042275,
7.5660076331175));
#14070=VERTEX_POINT('',#14060);
#14080=EDGE_CURVE('',#14050,#14070,#14030,.T.);
#14090=ORIENTED_EDGE('',*,*,#14080,.F.);
#14100=CARTESIAN_POINT('',(276.884285398629,0.,7.5660076331175));
#14110=DIRECTION('',(1.50975818610215E-18,-1.,-4.85722573273506E-17));
#14120=VECTOR('',#14110,1.);
#14130=LINE('',#14100,#14120);
#14140=CARTESIAN_POINT('',(276.884285398629,61.761399042275,
7.5660076331175));
#14150=VERTEX_POINT('',#14140);
#14160=EDGE_CURVE('',#14150,#14070,#14130,.T.);
#14170=ORIENTED_EDGE('',*,*,#14160,.T.);
#14180=CARTESIAN_POINT('',(276.884285398629,61.761399042275,0.));
#14190=DIRECTION('',(-9.86076131526265E-32,4.85722573273506E-17,-1.));
#14200=VECTOR('',#14190,1.);
#14210=LINE('',#14180,#14200);
#14220=CARTESIAN_POINT('',(276.884285398629,61.761399042275,
7.06600763311757));
#14230=VERTEX_POINT('',#14220);
#14240=EDGE_CURVE('',#14150,#14230,#14210,.T.);
#14250=ORIENTED_EDGE('',*,*,#14240,.F.);
#14260=CARTESIAN_POINT('',(276.884285398629,0.,7.06600763311757));
#14270=DIRECTION('',(1.50975818610215E-18,-1.,-4.85722573273506E-17));
#14280=VECTOR('',#14270,1.);
#14290=LINE('',#14260,#14280);
#14300=EDGE_CURVE('',#14230,#14050,#14290,.T.);
#14310=ORIENTED_EDGE('',*,*,#14300,.F.);
#14320=EDGE_LOOP('',(#14310,#14250,#14170,#14090));
#14330=FACE_BOUND('',#14320,.T.);
#14340=ADVANCED_FACE('',(#13650,#13990,#14330),#12670,.T.);
#14350=CARTESIAN_POINT('',(277.93428531631,62.5113990422796,
9.29100763311509));
#14360=DIRECTION('',(1.,-3.62457622377811E-14,-1.92788729510363E-16));
#14370=DIRECTION('',(-3.62457622377811E-14,-1.,1.64313007644524E-14));
#14380=AXIS2_PLACEMENT_3D('',#14350,#14360,#14370);
#14390=PLANE('',#14380);
#14400=CARTESIAN_POINT('',(277.93428531631,65.2613990422738,
6.94100763311849));
#14410=DIRECTION('',(1.92788729510957E-16,1.64313007644524E-14,1.));
#14420=VECTOR('',#14410,1.);
#14430=LINE('',#14400,#14420);
#14440=CARTESIAN_POINT('',(277.93428531631,65.2613990422737,
5.91600763311747));
#14450=VERTEX_POINT('',#14440);
#14460=CARTESIAN_POINT('',(277.93428531631,65.2613990422738,
7.96600763311952));
#14470=VERTEX_POINT('',#14460);
#14480=EDGE_CURVE('',#14450,#14470,#14430,.T.);
#14490=ORIENTED_EDGE('',*,*,#14480,.T.);
#14500=CARTESIAN_POINT('',(277.93428531631,64.9963990422741,
5.91600763311745));
#14510=DIRECTION('',(3.62457622377811E-14,1.,-3.39607611876663E-14));
#14520=VECTOR('',#14510,1.);
#14530=LINE('',#14500,#14520);
#14540=CARTESIAN_POINT('',(277.93428531631,64.7313990422743,
5.91600763311749));
#14550=VERTEX_POINT('',#14540);
#14560=EDGE_CURVE('',#14550,#14450,#14530,.T.);
#14570=ORIENTED_EDGE('',*,*,#14560,.T.);
#14580=CARTESIAN_POINT('',(277.93428531631,64.7313990422744,
6.94100763311851));
#14590=DIRECTION('',(-1.92788729510954E-16,-1.63292112909237E-14,-1.));
#14600=VECTOR('',#14590,1.);
#14610=LINE('',#14580,#14600);
#14620=CARTESIAN_POINT('',(277.93428531631,64.7313990422743,
7.96600763311954));
#14630=VERTEX_POINT('',#14620);
#14640=EDGE_CURVE('',#14630,#14550,#14610,.T.);
#14650=ORIENTED_EDGE('',*,*,#14640,.T.);
#14660=CARTESIAN_POINT('',(277.93428531631,64.9963990422741,
7.96600763311955));
#14670=DIRECTION('',(-3.62457622377811E-14,-1.,1.64313007644524E-14));
#14680=VECTOR('',#14670,1.);
#14690=LINE('',#14660,#14680);
#14700=EDGE_CURVE('',#14470,#14630,#14690,.T.);
#14710=ORIENTED_EDGE('',*,*,#14700,.T.);
#14720=EDGE_LOOP('',(#14710,#14650,#14570,#14490));
#14730=FACE_OUTER_BOUND('',#14720,.T.);
#14740=ADVANCED_FACE('',(#14730),#14390,.T.);
#14750=CARTESIAN_POINT('',(281.684285324447,61.711399042275,
7.31600763311753));
#14760=DIRECTION('',(0.242535625036333,0.970142500145332,
4.71220111612583E-17));
#14770=DIRECTION('',(-0.970142500145332,0.242535625036333,
1.17805027903146E-17));
#14780=AXIS2_PLACEMENT_3D('',#14750,#14760,#14770);
#14790=PLANE('',#14780);
#14800=ORIENTED_EDGE('',*,*,#4870,.T.);
#14810=ORIENTED_EDGE('',*,*,#5630,.T.);
#14820=ORIENTED_EDGE('',*,*,#8020,.T.);
#14830=CARTESIAN_POINT('',(281.884285324447,61.661399042275,
7.31600763311753));
#14840=DIRECTION('',(1.17963209093718E-32,-4.85722573273506E-17,1.));
#14850=VECTOR('',#14840,1.);
#14860=LINE('',#14830,#14850);
#14870=EDGE_CURVE('',#8010,#4860,#14860,.T.);
#14880=ORIENTED_EDGE('',*,*,#14870,.F.);
#14890=EDGE_LOOP('',(#14880,#14820,#14810,#14800));
#14900=FACE_OUTER_BOUND('',#14890,.T.);
#14910=ADVANCED_FACE('',(#14900),#14790,.T.);
#14920=CARTESIAN_POINT('',(278.93428532445,60.2813990422749,
5.70600763311756));
#14930=DIRECTION('',(0.,1.,7.15458897902318E-42));
#14940=DIRECTION('',(0.,7.15458897902318E-42,-1.));
#14950=AXIS2_PLACEMENT_3D('',#14920,#14930,#14940);
#14960=PLANE('',#14950);
#14970=ORIENTED_EDGE('',*,*,#11520,.F.);
#14980=CARTESIAN_POINT('',(0.,60.2813990422749,112.457483671036));
#14990=DIRECTION('',(-0.933746117302049,0.,0.357936011632453));
#15000=VECTOR('',#14990,1.);
#15010=LINE('',#14980,#15000);
#15020=CARTESIAN_POINT('',(278.88428531631,60.2813990422749,
5.55184096645072));
#15030=VERTEX_POINT('',#15020);
#15040=EDGE_CURVE('',#11450,#15030,#15010,.T.);
#15050=ORIENTED_EDGE('',*,*,#15040,.F.);
#15060=CARTESIAN_POINT('',(278.88428531631,60.2813990422749,0.));
#15070=DIRECTION('',(0.,7.15458897902318E-42,-1.));
#15080=VECTOR('',#15070,1.);
#15090=LINE('',#15060,#15080);
#15100=CARTESIAN_POINT('',(278.88428531631,60.2813990422749,
4.16600763858759));
#15110=VERTEX_POINT('',#15100);
#15120=EDGE_CURVE('',#15030,#15110,#15090,.T.);
#15130=ORIENTED_EDGE('',*,*,#15120,.F.);
#15140=CARTESIAN_POINT('',(283.050292954897,60.2813990422749,0.));
#15150=DIRECTION('',(-0.707106781186493,0.,0.707106781186602));
#15160=VECTOR('',#15150,1.);
#15170=LINE('',#15140,#15160);
#15180=CARTESIAN_POINT('',(279.03428531631,60.2813990422749,
4.0160076385876));
#15190=VERTEX_POINT('',#15180);
#15200=EDGE_CURVE('',#15190,#15110,#15170,.T.);
#15210=ORIENTED_EDGE('',*,*,#15200,.T.);
#15220=CARTESIAN_POINT('',(0.,60.2813990422749,4.0160076385876));
#15230=DIRECTION('',(-1.,0.,0.));
#15240=VECTOR('',#15230,1.);
#15250=LINE('',#15220,#15240);
#15260=EDGE_CURVE('',#10480,#15190,#15250,.T.);
#15270=ORIENTED_EDGE('',*,*,#15260,.T.);
#15280=ORIENTED_EDGE('',*,*,#10570,.T.);
#15290=EDGE_LOOP('',(#15280,#15270,#15210,#15130,#15050,#14970));
#15300=FACE_OUTER_BOUND('',#15290,.T.);
#15310=ADVANCED_FACE('',(#15300),#14960,.T.);
#15320=CARTESIAN_POINT('',(278.88428531631,60.8113990422745,
4.0160076385876));
#15330=DIRECTION('',(-0.,-0.,-1.));
#15340=DIRECTION('',(0.,-1.,0.));
#15350=AXIS2_PLACEMENT_3D('',#15320,#15330,#15340);
#15360=PLANE('',#15350);
#15370=ORIENTED_EDGE('',*,*,#15260,.F.);
#15380=CARTESIAN_POINT('',(279.03428531631,60.5463990422747,
4.0160076385876));
#15390=DIRECTION('',(0.,1.,0.));
#15400=VECTOR('',#15390,1.);
#15410=LINE('',#15380,#15400);
#15420=CARTESIAN_POINT('',(279.03428531631,60.8113990422745,
4.0160076385876));
#15430=VERTEX_POINT('',#15420);
#15440=EDGE_CURVE('',#15190,#15430,#15410,.T.);
#15450=ORIENTED_EDGE('',*,*,#15440,.F.);
#15460=CARTESIAN_POINT('',(278.88428531631,60.8113990422745,
4.0160076385876));
#15470=DIRECTION('',(1.,0.,0.));
#15480=VECTOR('',#15470,1.);
#15490=LINE('',#15460,#15480);
#15500=CARTESIAN_POINT('',(284.984285308169,60.8113990422745,
4.0160076385876));
#15510=VERTEX_POINT('',#15500);
#15520=EDGE_CURVE('',#15430,#15510,#15490,.T.);
#15530=ORIENTED_EDGE('',*,*,#15520,.F.);
#15540=CARTESIAN_POINT('',(284.984285308169,60.3963990422747,
4.0160076385876));
#15550=DIRECTION('',(3.62457622377811E-14,1.,-5.40634276946038E-17));
#15560=VECTOR('',#15550,1.);
#15570=LINE('',#15540,#15560);
#15580=EDGE_CURVE('',#10480,#15510,#15570,.T.);
#15590=ORIENTED_EDGE('',*,*,#15580,.T.);
#15600=EDGE_LOOP('',(#15590,#15530,#15450,#15370));
#15610=FACE_OUTER_BOUND('',#15600,.T.);
#15620=ADVANCED_FACE('',(#15610),#15360,.F.);
#15630=CARTESIAN_POINT('',(278.88428531631,60.8113990422745,
4.4160076385876));
#15640=DIRECTION('',(0.,1.,0.));
#15650=DIRECTION('',(0.,0.,-1.));
#15660=AXIS2_PLACEMENT_3D('',#15630,#15640,#15650);
#15670=PLANE('',#15660);
#15680=ORIENTED_EDGE('',*,*,#15520,.T.);
#15690=CARTESIAN_POINT('',(283.050292954897,60.8113990422745,0.));
#15700=DIRECTION('',(-0.707106781186493,0.,0.707106781186602));
#15710=VECTOR('',#15700,1.);
#15720=LINE('',#15690,#15710);
#15730=CARTESIAN_POINT('',(278.88428531631,60.8113990422745,
4.16600763858759));
#15740=VERTEX_POINT('',#15730);
#15750=EDGE_CURVE('',#15430,#15740,#15720,.T.);
#15760=ORIENTED_EDGE('',*,*,#15750,.F.);
#15770=CARTESIAN_POINT('',(278.88428531631,60.8113990422745,0.));
#15780=DIRECTION('',(0.,0.,-1.));
#15790=VECTOR('',#15780,1.);
#15800=LINE('',#15770,#15790);
#15810=EDGE_CURVE('',#11220,#15740,#15800,.T.);
#15820=ORIENTED_EDGE('',*,*,#15810,.T.);
#15830=ORIENTED_EDGE('',*,*,#11230,.F.);
#15840=CARTESIAN_POINT('',(0.,60.8113990422745,4.4160076385876));
#15850=DIRECTION('',(1.,0.,0.));
#15860=VECTOR('',#15850,1.);
#15870=LINE('',#15840,#15860);
#15880=EDGE_CURVE('',#11140,#12510,#15870,.T.);
#15890=ORIENTED_EDGE('',*,*,#15880,.F.);
#15900=ORIENTED_EDGE('',*,*,#12520,.T.);
#15910=CARTESIAN_POINT('',(284.984285308169,60.8113990422745,
4.21600763858705));
#15920=DIRECTION('',(-1.92788729510363E-16,0.,-1.));
#15930=VECTOR('',#15920,1.);
#15940=LINE('',#15910,#15930);
#15950=EDGE_CURVE('',#12430,#15510,#15940,.T.);
#15960=ORIENTED_EDGE('',*,*,#15950,.F.);
#15970=EDGE_LOOP('',(#15960,#15900,#15890,#15830,#15820,#15760,#15680));
#15980=FACE_OUTER_BOUND('',#15970,.T.);
#15990=ADVANCED_FACE('',(#15980),#15670,.F.);
#16000=CARTESIAN_POINT('',(0.,59.4113990422876,242.102057993463));
#16010=DIRECTION('',(0.768221279595817,-1.08524300657109E-14,
-0.640184399666351));
#16020=DIRECTION('',(-0.640184399666351,0.,-0.768221279595817));
#16030=AXIS2_PLACEMENT_3D('',#16000,#16010,#16020);
#16040=CYLINDRICAL_SURFACE('',#16030,0.5);
#16050=CARTESIAN_POINT('',(278.203260431037,59.4113990422836,
10.2660076331176));
#16060=DIRECTION('',(0.940271577682697,-5.77009906769008E-15,
-0.340425263754164));
#16070=DIRECTION('',(-0.340425263754164,-1.59417366740077E-14,
-0.940271577682697));
#16080=AXIS2_PLACEMENT_3D('',#16050,#16060,#16070);
#16090=ELLIPSE('',#16080,0.531761261179724,0.5);
#16100=EDGE_CURVE('',#2980,#5940,#16090,.T.);
#16110=ORIENTED_EDGE('',*,*,#16100,.T.);
#16120=ORIENTED_EDGE('',*,*,#3230,.F.);
#16130=CARTESIAN_POINT('',(279.463260431039,59.4113990422836,
9.21600763311118));
#16140=DIRECTION('',(-0.940271577682697,5.77009906769007E-15,
0.340425263754163));
#16150=DIRECTION('',(-0.340425263754163,-1.59417366740077E-14,
-0.940271577682697));
#16160=AXIS2_PLACEMENT_3D('',#16130,#16140,#16150);
#16170=ELLIPSE('',#16160,0.531761261179724,0.5);
#16180=EDGE_CURVE('',#6020,#3160,#16170,.T.);
#16190=ORIENTED_EDGE('',*,*,#16180,.T.);
#16200=ORIENTED_EDGE('',*,*,#6030,.T.);
#16210=EDGE_LOOP('',(#16200,#16190,#16120,#16110));
#16220=FACE_OUTER_BOUND('',#16210,.T.);
#16230=ADVANCED_FACE('',(#16220),#16040,.T.);
#16240=CARTESIAN_POINT('',(281.73428530817,64.3813990422743,
8.69100763311968));
#16250=DIRECTION('',(0.707106781186481,0.707106781186615,
-7.74020615991506E-14));
#16260=DIRECTION('',(-0.707106781186615,0.707106781186481,
5.44298719010303E-14));
#16270=AXIS2_PLACEMENT_3D('',#16240,#16250,#16260);
#16280=PLANE('',#16270);
#16290=CARTESIAN_POINT('',(0.,346.115684350391,9.11600763311498));
#16300=DIRECTION('',(0.707106781186615,-0.707106781186481,
1.14630527292547E-14));
#16310=VECTOR('',#16300,1.);
#16320=LINE('',#16290,#16310);
#16330=CARTESIAN_POINT('',(281.884285308171,64.2313990422737,
9.11600763311956));
#16340=VERTEX_POINT('',#16330);
#16350=EDGE_CURVE('',#8880,#16340,#16320,.T.);
#16360=ORIENTED_EDGE('',*,*,#16350,.T.);
#16370=ORIENTED_EDGE('',*,*,#8890,.T.);
#16380=CARTESIAN_POINT('',(273.318277675063,72.7974066753791,0.));
#16390=DIRECTION('',(0.577350269189403,-0.577350269189231,
0.577350269190243));
#16400=VECTOR('',#16390,1.);
#16410=LINE('',#16380,#16400);
#16420=CARTESIAN_POINT('',(281.88428530817,64.2313990422743,
8.56600763311981));
#16430=VERTEX_POINT('',#16420);
#16440=EDGE_CURVE('',#8860,#16430,#16410,.T.);
#16450=ORIENTED_EDGE('',*,*,#16440,.F.);
#16460=CARTESIAN_POINT('',(281.88428530817,64.2313990422742,
8.69100763311967));
#16470=DIRECTION('',(9.31338339782435E-14,1.63292112909203E-14,1.));
#16480=VECTOR('',#16470,1.);
#16490=LINE('',#16460,#16480);
#16500=EDGE_CURVE('',#16430,#16340,#16490,.T.);
#16510=ORIENTED_EDGE('',*,*,#16500,.F.);
#16520=EDGE_LOOP('',(#16510,#16450,#16370,#16360));
#16530=FACE_OUTER_BOUND('',#16520,.T.);
#16540=ADVANCED_FACE('',(#16530),#16280,.T.);
#16550=CARTESIAN_POINT('',(274.929885407675,38.8363990422756,
8.26600763311988));
#16560=DIRECTION('',(0.,4.3264500331414E-15,1.));
#16570=DIRECTION('',(0.,1.,-4.3264500331414E-15));
#16580=AXIS2_PLACEMENT_3D('',#16550,#16560,#16570);
#16590=PLANE('',#16580);
#16600=ORIENTED_EDGE('',*,*,#9430,.T.);
#16610=CARTESIAN_POINT('',(279.03428531631,62.5113990422795,
8.26600763311978));
#16620=DIRECTION('',(0.,1.,-4.3264500331414E-15));
#16630=VECTOR('',#16620,1.);
#16640=LINE('',#16610,#16630);
#16650=CARTESIAN_POINT('',(279.03428531631,60.4913990422847,
8.26600763311977));
#16660=VERTEX_POINT('',#16650);
#16670=EDGE_CURVE('',#16660,#9360,#16640,.T.);
#16680=ORIENTED_EDGE('',*,*,#16670,.T.);
#16690=CARTESIAN_POINT('',(0.,60.4913990422948,8.26600763311979));
#16700=DIRECTION('',(-1.,3.62457622377811E-14,-1.54616737423318E-28));
#16710=VECTOR('',#16700,1.);
#16720=LINE('',#16690,#16710);
#16730=CARTESIAN_POINT('',(281.58428530817,60.4913990422846,
8.2660076331198));
#16740=VERTEX_POINT('',#16730);
#16750=EDGE_CURVE('',#16740,#16660,#16720,.T.);
#16760=ORIENTED_EDGE('',*,*,#16750,.T.);
#16770=CARTESIAN_POINT('',(281.58428530817,62.5113990422794,
8.26600763311978));
#16780=DIRECTION('',(-3.59187343629949E-14,1.,-4.3264500331414E-15));
#16790=VECTOR('',#16780,1.);
#16800=LINE('',#16770,#16790);
#16810=EDGE_CURVE('',#16740,#8860,#16800,.T.);
#16820=ORIENTED_EDGE('',*,*,#16810,.F.);
#16830=EDGE_LOOP('',(#16820,#16760,#16680,#16600));
#16840=FACE_OUTER_BOUND('',#16830,.T.);
#16850=ADVANCED_FACE('',(#16840),#16590,.F.);
#16860=CARTESIAN_POINT('',(0.,59.6113990422879,242.102057993463));
#16870=DIRECTION('',(0.768221279595817,-1.08524300657109E-14,
-0.640184399666351));
#16880=DIRECTION('',(-0.640184399666351,0.,-0.768221279595817));
#16890=AXIS2_PLACEMENT_3D('',#16860,#16870,#16880);
#16900=CYLINDRICAL_SURFACE('',#16890,0.5);
#16910=ORIENTED_EDGE('',*,*,#6340,.F.);
#16920=ORIENTED_EDGE('',*,*,#3090,.T.);
#16930=CARTESIAN_POINT('',(278.203260431037,59.6113990422839,
10.2660076331176));
#16940=DIRECTION('',(0.940271577682697,-5.77009906769008E-15,
-0.340425263754164));
#16950=DIRECTION('',(0.340425263754164,1.59417366740077E-14,
0.940271577682697));
#16960=AXIS2_PLACEMENT_3D('',#16930,#16940,#16950);
#16970=ELLIPSE('',#16960,0.531761261179724,0.5);
#16980=CARTESIAN_POINT('',(278.203260431037,60.1113990422839,
10.2660076331176));
#16990=VERTEX_POINT('',#16980);
#17000=EDGE_CURVE('',#16990,#3000,#16970,.T.);
#17010=ORIENTED_EDGE('',*,*,#17000,.T.);
#17020=CARTESIAN_POINT('',(-7.54879093051125E-19,60.1113990422879,
242.102057993463));
#17030=DIRECTION('',(0.768221279595817,-1.08524300657109E-14,
-0.640184399666351));
#17040=VECTOR('',#17030,1.);
#17050=LINE('',#17020,#17040);
#17060=EDGE_CURVE('',#16990,#6330,#17050,.T.);
#17070=ORIENTED_EDGE('',*,*,#17060,.F.);
#17080=EDGE_LOOP('',(#17070,#17010,#16920,#16910));
#17090=FACE_OUTER_BOUND('',#17080,.T.);
#17100=ADVANCED_FACE('',(#17090),#16900,.T.);
#17110=CARTESIAN_POINT('',(284.984285308169,59.4113990422835,
4.66600763311761));
#17120=DIRECTION('',(-1.,3.62457622377811E-14,1.92788729510363E-16));
#17130=DIRECTION('',(3.62457622377811E-14,1.,-6.31088724176809E-30));
#17140=AXIS2_PLACEMENT_3D('',#17110,#17120,#17130);
#17150=CYLINDRICAL_SURFACE('',#17140,0.5);
#17160=ORIENTED_EDGE('',*,*,#13410,.F.);
#17170=ORIENTED_EDGE('',*,*,#5790,.T.);
#17180=ORIENTED_EDGE('',*,*,#1970,.T.);
#17190=CARTESIAN_POINT('',(285.320285308169,59.4113990422835,
4.16600763311761));
#17200=DIRECTION('',(-1.,3.69025976242514E-14,2.09673850137792E-16));
#17210=VECTOR('',#17200,1.);
#17220=LINE('',#17190,#17210);
#17230=EDGE_CURVE('',#1870,#13400,#17220,.T.);
#17240=ORIENTED_EDGE('',*,*,#17230,.F.);
#17250=EDGE_LOOP('',(#17240,#17180,#17170,#17160));
#17260=FACE_OUTER_BOUND('',#17250,.T.);
#17270=ADVANCED_FACE('',(#17260),#17150,.T.);
#17280=CARTESIAN_POINT('',(282.43428531631,70.936399042275,
3.41600769366755));
#17290=DIRECTION('',(-2.75200102077941E-14,-5.40634276912306E-17,-1.));
#17300=DIRECTION('',(1.,-1.48782608193101E-30,-2.75200102077941E-14));
#17310=AXIS2_PLACEMENT_3D('',#17280,#17290,#17300);
#17320=PLANE('',#17310);
#17330=CARTESIAN_POINT('',(283.88428531631,61.811399042275,
3.41600769366751));
#17340=DIRECTION('',(9.31338339782428E-14,5.40634276912306E-17,1.));
#17350=DIRECTION('',(1.,0.,-9.31338339782428E-14));
#17360=AXIS2_PLACEMENT_3D('',#17330,#17340,#17350);
#17370=CIRCLE('',#17360,0.2);
#17380=CARTESIAN_POINT('',(283.88428531631,61.611399042275,
3.41600769366751));
#17390=VERTEX_POINT('',#17380);
#17400=CARTESIAN_POINT('',(284.08428531631,61.811399042275,
3.41600769366749));
#17410=VERTEX_POINT('',#17400);
#17420=EDGE_CURVE('',#17390,#17410,#17370,.T.);
#17430=ORIENTED_EDGE('',*,*,#17420,.T.);
#17440=CARTESIAN_POINT('',(0.,61.611399042275,3.41600769367532));
#17450=DIRECTION('',(1.,0.,-2.75200102077941E-14));
#17460=VECTOR('',#17450,1.);
#17470=LINE('',#17440,#17460);
#17480=CARTESIAN_POINT('',(282.43428531631,61.611399042275,
3.41600769366755));
#17490=VERTEX_POINT('',#17480);
#17500=EDGE_CURVE('',#17490,#17390,#17470,.T.);
#17510=ORIENTED_EDGE('',*,*,#17500,.T.);
#17520=CARTESIAN_POINT('',(282.43428531631,-1.9999999999994,
3.41600769366755));
#17530=DIRECTION('',(-3.08148791101958E-33,1.,-5.40634276912306E-17));
#17540=VECTOR('',#17530,1.);
#17550=LINE('',#17520,#17540);
#17560=EDGE_CURVE('',#17490,#9580,#17550,.T.);
#17570=ORIENTED_EDGE('',*,*,#17560,.F.);
#17580=ORIENTED_EDGE('',*,*,#9610,.F.);
#17590=ORIENTED_EDGE('',*,*,#10150,.T.);
#17600=CARTESIAN_POINT('',(284.08428531631,127.022798084549,
3.41600769366534));
#17610=DIRECTION('',(-3.0195163722045E-18,1.,-3.39066977599751E-14));
#17620=VECTOR('',#17610,1.);
#17630=LINE('',#17600,#17620);
#17640=EDGE_CURVE('',#17410,#10070,#17630,.T.);
#17650=ORIENTED_EDGE('',*,*,#17640,.T.);
#17660=EDGE_LOOP('',(#17650,#17590,#17580,#17570,#17510,#17430));
#17670=FACE_BOUND('',#17660,.T.);
#17680=ORIENTED_EDGE('',*,*,#1630,.F.);
#17690=ORIENTED_EDGE('',*,*,#5250,.T.);
#17700=CARTESIAN_POINT('',(277.684285398629,0.,3.41600769366768));
#17710=DIRECTION('',(-3.62457622377811E-14,-1.,5.40634276922278E-17));
#17720=VECTOR('',#17710,1.);
#17730=LINE('',#17700,#17720);
#17740=CARTESIAN_POINT('',(277.684285398631,60.1013990422749,
3.41600769366768));
#17750=VERTEX_POINT('',#17740);
#17760=EDGE_CURVE('',#5180,#17750,#17730,.T.);
#17770=ORIENTED_EDGE('',*,*,#17760,.F.);
#17780=CARTESIAN_POINT('',(-1.37600051038971E-14,60.1013990422749,
3.41600769367532));
#17790=DIRECTION('',(-1.,0.,2.75200102077941E-14));
#17800=VECTOR('',#17790,1.);
#17810=LINE('',#17780,#17800);
#17820=EDGE_CURVE('',#1620,#17750,#17810,.T.);
#17830=ORIENTED_EDGE('',*,*,#17820,.T.);
#17840=EDGE_LOOP('',(#17830,#17770,#17690,#17680));
#17850=FACE_OUTER_BOUND('',#17840,.T.);
#17860=ADVANCED_FACE('',(#17670,#17850),#17320,.T.);
#17870=CARTESIAN_POINT('',(285.13428530817,62.6613990422793,
9.26600763311958));
#17880=DIRECTION('',(-0.707106781186533,3.724830846187E-14,
0.707106781186562));
#17890=DIRECTION('',(0.707106781186562,-1.67476528926266E-14,
0.707106781186533));
#17900=AXIS2_PLACEMENT_3D('',#17870,#17880,#17890);
#17910=PLANE('',#17900);
#17920=CARTESIAN_POINT('',(275.86827767505,68.6774066754036,0.));
#17930=DIRECTION('',(-0.577350269189632,0.577350269189608,
-0.577350269189638));
#17940=VECTOR('',#17930,1.);
#17950=LINE('',#17920,#17940);
#17960=EDGE_CURVE('',#930,#8320,#17950,.T.);
#17970=ORIENTED_EDGE('',*,*,#17960,.T.);
#17980=ORIENTED_EDGE('',*,*,#940,.F.);
#17990=CARTESIAN_POINT('',(219.522886265897,0.,-56.3453914091473));
#18000=DIRECTION('',(0.577350269189641,0.57735026918965,
0.577350269189587));
#18010=VECTOR('',#18000,1.);
#18020=LINE('',#17990,#18010);
#18030=CARTESIAN_POINT('',(284.98428530817,65.4613990422741,
9.11600763311954));
#18040=VERTEX_POINT('',#18030);
#18050=EDGE_CURVE('',#18040,#850,#18020,.T.);
#18060=ORIENTED_EDGE('',*,*,#18050,.T.);
#18070=CARTESIAN_POINT('',(284.984285308169,62.6613990422793,
9.11600763311958));
#18080=DIRECTION('',(3.62457622377811E-14,1.,-1.64313007644524E-14));
#18090=VECTOR('',#18080,1.);
#18100=LINE('',#18070,#18090);
#18110=EDGE_CURVE('',#8320,#18040,#18100,.T.);
#18120=ORIENTED_EDGE('',*,*,#18110,.T.);
#18130=EDGE_LOOP('',(#18120,#18060,#17980,#17970));
#18140=FACE_OUTER_BOUND('',#18130,.T.);
#18150=ADVANCED_FACE('',(#18140),#17910,.F.);
#18160=CARTESIAN_POINT('',(281.88428530817,62.7613990422754,
9.11600763311958));
#18170=DIRECTION('',(1.,-4.8849511131741E-13,-9.31338339782354E-14));
#18180=DIRECTION('',(9.31338339782435E-14,1.6431300764407E-14,1.));
#18190=AXIS2_PLACEMENT_3D('',#18160,#18170,#18180);
#18200=PLANE('',#18190);
#18210=ORIENTED_EDGE('',*,*,#16500,.T.);
#18220=CARTESIAN_POINT('',(281.88428530817,62.5113990422794,
8.56600763311978));
#18230=DIRECTION('',(-3.59187343629949E-14,1.,-4.3264500331414E-15));
#18240=VECTOR('',#18230,1.);
#18250=LINE('',#18220,#18240);
#18260=CARTESIAN_POINT('',(281.88428530817,60.7913990422846,
8.56600763311981));
#18270=VERTEX_POINT('',#18260);
#18280=EDGE_CURVE('',#18270,#16430,#18250,.T.);
#18290=ORIENTED_EDGE('',*,*,#18280,.T.);
#18300=CARTESIAN_POINT('',(281.88428530817,60.7913990422846,
8.6910076331197));
#18310=DIRECTION('',(-9.31338339782435E-14,-1.65333902379777E-14,-1.));
#18320=VECTOR('',#18310,1.);
#18330=LINE('',#18300,#18320);
#18340=CARTESIAN_POINT('',(281.884285308169,60.7913990422841,
9.11600763311961));
#18350=VERTEX_POINT('',#18340);
#18360=EDGE_CURVE('',#18350,#18270,#18330,.T.);
#18370=ORIENTED_EDGE('',*,*,#18360,.T.);
#18380=CARTESIAN_POINT('',(281.884285308173,-13.9999999999994,
9.11600763312091));
#18390=DIRECTION('',(3.5918734362996E-14,-1.,1.64313007644524E-14));
#18400=VECTOR('',#18390,1.);
#18410=LINE('',#18380,#18400);
#18420=EDGE_CURVE('',#16340,#18350,#18410,.T.);
#18430=ORIENTED_EDGE('',*,*,#18420,.T.);
#18440=EDGE_LOOP('',(#18430,#18370,#18290,#18210));
#18450=FACE_OUTER_BOUND('',#18440,.T.);
#18460=ADVANCED_FACE('',(#18450),#18200,.T.);
#18470=CARTESIAN_POINT('',(0.,59.6113990422839,10.2660076331179));
#18480=DIRECTION('',(1.,1.50975818607927E-18,-1.35539727589655E-15));
#18490=DIRECTION('',(-1.35539727589655E-15,0.,-1.));
#18500=AXIS2_PLACEMENT_3D('',#18470,#18480,#18490);
#18510=CYLINDRICAL_SURFACE('',#18500,0.5);
#18520=ORIENTED_EDGE('',*,*,#17000,.F.);
#18530=CARTESIAN_POINT('',(6.77698637948275E-16,59.611399042284,
10.7660076331179));
#18540=DIRECTION('',(1.,1.50975818607927E-18,-1.35539727589655E-15));
#18550=VECTOR('',#18540,1.);
#18560=LINE('',#18530,#18550);
#18570=EDGE_CURVE('',#13150,#3000,#18560,.T.);
#18580=ORIENTED_EDGE('',*,*,#18570,.T.);
#18590=ORIENTED_EDGE('',*,*,#13160,.T.);
#18600=CARTESIAN_POINT('',(-7.54879093051125E-19,60.1113990422839,
10.2660076331179));
#18610=DIRECTION('',(1.,1.50975818607927E-18,-1.35539727589655E-15));
#18620=VECTOR('',#18610,1.);
#18630=LINE('',#18600,#18620);
#18640=EDGE_CURVE('',#13060,#16990,#18630,.T.);
#18650=ORIENTED_EDGE('',*,*,#18640,.F.);
#18660=EDGE_LOOP('',(#18650,#18590,#18580,#18520));
#18670=FACE_OUTER_BOUND('',#18660,.T.);
#18680=ADVANCED_FACE('',(#18670),#18510,.T.);
#18690=CARTESIAN_POINT('',(281.73428530817,60.6413990422846,
8.69100763311971));
#18700=DIRECTION('',(0.707106781187125,-0.70710678118597,
-5.41646932107039E-14));
#18710=DIRECTION('',(-0.70710678118597,-0.707106781187125,
7.95513512400456E-14));
#18720=AXIS2_PLACEMENT_3D('',#18690,#18700,#18710);
#18730=PLANE('',#18720);
#18740=CARTESIAN_POINT('',(221.09288626598,0.,-52.2253914091624));
#18750=DIRECTION('',(-0.577350269189034,-0.577350269189933,
-0.57735026918991));
#18760=VECTOR('',#18750,1.);
#18770=LINE('',#18740,#18760);
#18780=EDGE_CURVE('',#18270,#16740,#18770,.T.);
#18790=ORIENTED_EDGE('',*,*,#18780,.F.);
#18800=CARTESIAN_POINT('',(281.584285308171,60.4913990422846,
8.69100763311973));
#18810=DIRECTION('',(-9.31338339782435E-14,-1.65333902379777E-14,-1.));
#18820=VECTOR('',#18810,1.);
#18830=LINE('',#18800,#18820);
#18840=CARTESIAN_POINT('',(281.584285308171,60.4913990422846,
9.11600763311962));
#18850=VERTEX_POINT('',#18840);
#18860=EDGE_CURVE('',#18850,#16740,#18830,.T.);
#18870=ORIENTED_EDGE('',*,*,#18860,.T.);
#18880=CARTESIAN_POINT('',(221.092886265985,0.,9.11600763312062));
#18890=DIRECTION('',(-0.70710678118597,-0.707106781187125,
1.17961196366423E-14));
#18900=VECTOR('',#18890,1.);
#18910=LINE('',#18880,#18900);
#18920=EDGE_CURVE('',#18350,#18850,#18910,.T.);
#18930=ORIENTED_EDGE('',*,*,#18920,.T.);
#18940=ORIENTED_EDGE('',*,*,#18360,.F.);
#18950=EDGE_LOOP('',(#18940,#18930,#18870,#18790));
#18960=FACE_OUTER_BOUND('',#18950,.T.);
#18970=ADVANCED_FACE('',(#18960),#18730,.T.);
#18980=CARTESIAN_POINT('',(285.13428530817,64.0613990422745,
4.21600763858731));
#18990=DIRECTION('',(0.707106781186531,0.707106781186564,
-1.36322217973113E-16));
#19000=DIRECTION('',(0.707106781186564,-0.707106781186531,0.));
#19010=AXIS2_PLACEMENT_3D('',#18980,#18990,#19000);
#19020=PLANE('',#19010);
#19030=ORIENTED_EDGE('',*,*,#11760,.F.);
#19040=ORIENTED_EDGE('',*,*,#540,.T.);
#19050=ORIENTED_EDGE('',*,*,#12350,.F.);
#19060=CARTESIAN_POINT('',(284.98428530817,64.2113990422745,
4.21600763858731));
#19070=DIRECTION('',(-1.92788729510363E-16,0.,-1.));
#19080=VECTOR('',#19070,1.);
#19090=LINE('',#19060,#19080);
#19100=EDGE_CURVE('',#12280,#11750,#19090,.T.);
#19110=ORIENTED_EDGE('',*,*,#19100,.F.);
#19120=EDGE_LOOP('',(#19110,#19050,#19040,#19030));
#19130=FACE_OUTER_BOUND('',#19120,.T.);
#19140=ADVANCED_FACE('',(#19130),#19020,.T.);
#19150=CARTESIAN_POINT('',(278.384285398629,58.9113990422837,
10.7660076331176));
#19160=DIRECTION('',(1.35539727589655E-15,1.69803805938331E-14,1.));
#19170=DIRECTION('',(-1.,-1.50975818607923E-18,1.35539727589655E-15));
#19180=AXIS2_PLACEMENT_3D('',#19150,#19160,#19170);
#19190=PLANE('',#19180);
#19200=ORIENTED_EDGE('',*,*,#13240,.F.);
#19210=ORIENTED_EDGE('',*,*,#18570,.F.);
#19220=ORIENTED_EDGE('',*,*,#3010,.T.);
#19230=CARTESIAN_POINT('',(6.77698637948275E-16,59.4113990422837,
10.766007633118));
#19240=DIRECTION('',(1.,1.50975818607927E-18,-1.35539727589655E-15));
#19250=VECTOR('',#19240,1.);
#19260=LINE('',#19230,#19250);
#19270=EDGE_CURVE('',#13230,#2980,#19260,.T.);
#19280=ORIENTED_EDGE('',*,*,#19270,.T.);
#19290=EDGE_LOOP('',(#19280,#19220,#19210,#19200));
#19300=FACE_OUTER_BOUND('',#19290,.T.);
#19310=ADVANCED_FACE('',(#19300),#19190,.T.);
#19320=CARTESIAN_POINT('',(282.43428531631,63.2863990422756,
4.16600763858728));
#19330=DIRECTION('',(-1.,1.03629711621287E-29,1.9168172653266E-13));
#19340=DIRECTION('',(-1.9168172653266E-13,-5.40634276912306E-17,-1.));
#19350=AXIS2_PLACEMENT_3D('',#19320,#19330,#19340);
#19360=PLANE('',#19350);
#19370=ORIENTED_EDGE('',*,*,#9690,.F.);
#19380=ORIENTED_EDGE('',*,*,#17560,.T.);
#19390=CARTESIAN_POINT('',(282.43428531631,61.611399042275,
4.16600763858728));
#19400=DIRECTION('',(-1.9168172653266E-13,-5.40634276912306E-17,-1.));
#19410=VECTOR('',#19400,1.);
#19420=LINE('',#19390,#19410);
#19430=CARTESIAN_POINT('',(282.43428531631,61.611399042275,
4.41600763858728));
#19440=VERTEX_POINT('',#19430);
#19450=EDGE_CURVE('',#19440,#17490,#19420,.T.);
#19460=ORIENTED_EDGE('',*,*,#19450,.T.);
#19470=CARTESIAN_POINT('',(282.43428531631,-1.9999999999994,
4.41600763858729));
#19480=DIRECTION('',(-3.08148791101958E-33,1.,-5.40634276912306E-17));
#19490=VECTOR('',#19480,1.);
#19500=LINE('',#19470,#19490);
#19510=EDGE_CURVE('',#19440,#9680,#19500,.T.);
#19520=ORIENTED_EDGE('',*,*,#19510,.F.);
#19530=EDGE_LOOP('',(#19520,#19460,#19380,#19370));
#19540=FACE_OUTER_BOUND('',#19530,.T.);
#19550=ADVANCED_FACE('',(#19540),#19360,.F.);
#19560=CARTESIAN_POINT('',(281.084285353399,64.9113990422749,
6.94100763311424));
#19570=DIRECTION('',(-1.50975818610225E-18,1.,-1.69803805938331E-14));
#19580=DIRECTION('',(9.31338339782428E-14,1.69803805938331E-14,1.));
#19590=AXIS2_PLACEMENT_3D('',#19560,#19570,#19580);
#19600=PLANE('',#19590);
#19610=ORIENTED_EDGE('',*,*,#6580,.T.);
#19620=ORIENTED_EDGE('',*,*,#12980,.F.);
#19630=CARTESIAN_POINT('',(7.54879093051125E-19,64.911399042275,
10.2660076331177));
#19640=DIRECTION('',(-1.,-1.50975818608933E-18,7.63278329475246E-16));
#19650=VECTOR('',#19640,1.);
#19660=LINE('',#19630,#19650);
#19670=EDGE_CURVE('',#10730,#12910,#19660,.T.);
#19680=ORIENTED_EDGE('',*,*,#19670,.T.);
#19690=ORIENTED_EDGE('',*,*,#10890,.T.);
#19700=EDGE_LOOP('',(#19690,#19680,#19620,#19610));
#19710=FACE_OUTER_BOUND('',#19700,.T.);
#19720=ADVANCED_FACE('',(#19710),#19600,.F.);
#19730=CARTESIAN_POINT('',(278.95928531631,60.5463990422747,
4.0910076385876));
#19740=DIRECTION('',(0.707106781186602,-0.,0.707106781186493));
#19750=DIRECTION('',(0.707106781186493,0.,-0.707106781186602));
#19760=AXIS2_PLACEMENT_3D('',#19730,#19740,#19750);
#19770=PLANE('',#19760);
#19780=ORIENTED_EDGE('',*,*,#15750,.T.);
#19790=ORIENTED_EDGE('',*,*,#15440,.T.);
#19800=ORIENTED_EDGE('',*,*,#15200,.F.);
#19810=CARTESIAN_POINT('',(278.88428531631,60.5463990422747,
4.1660076385876));
#19820=DIRECTION('',(0.,1.,0.));
#19830=VECTOR('',#19820,1.);
#19840=LINE('',#19810,#19830);
#19850=EDGE_CURVE('',#15110,#15740,#19840,.T.);
#19860=ORIENTED_EDGE('',*,*,#19850,.F.);
#19870=EDGE_LOOP('',(#19860,#19800,#19790,#19780));
#19880=FACE_OUTER_BOUND('',#19870,.T.);
#19890=ADVANCED_FACE('',(#19880),#19770,.T.);
#19900=CARTESIAN_POINT('',(0.,59.4113990422836,9.21600763311116));
#19910=DIRECTION('',(-1.,-1.50975818610217E-18,4.44628146325593E-18));
#19920=DIRECTION('',(4.44628146325593E-18,0.,1.));
#19930=AXIS2_PLACEMENT_3D('',#19900,#19910,#19920);
#19940=CYLINDRICAL_SURFACE('',#19930,0.5);
#19950=ORIENTED_EDGE('',*,*,#16180,.F.);
#19960=ORIENTED_EDGE('',*,*,#6240,.T.);
#19970=ORIENTED_EDGE('',*,*,#2140,.T.);
#19980=ORIENTED_EDGE('',*,*,#6090,.F.);
#19990=EDGE_LOOP('',(#19980,#19970,#19960,#19950));
#20000=FACE_OUTER_BOUND('',#19990,.T.);
#20010=ADVANCED_FACE('',(#20000),#19940,.T.);
#20020=CARTESIAN_POINT('',(285.134285308169,59.4113990422844,
6.9410076331186));
#20030=DIRECTION('',(-0.707106781186539,-0.707106781186556,
1.25315225537695E-14));
#20040=DIRECTION('',(-0.707106781186556,0.707106781186539,
-1.25607396694699E-14));
#20050=AXIS2_PLACEMENT_3D('',#20020,#20030,#20040);
#20060=PLANE('',#20050);
#20070=ORIENTED_EDGE('',*,*,#17960,.F.);
#20080=ORIENTED_EDGE('',*,*,#8330,.F.);
#20090=ORIENTED_EDGE('',*,*,#2770,.T.);
#20100=ORIENTED_EDGE('',*,*,#1000,.T.);
#20110=EDGE_LOOP('',(#20100,#20090,#20080,#20070));
#20120=FACE_OUTER_BOUND('',#20110,.T.);
#20130=ADVANCED_FACE('',(#20120),#20060,.F.);
#20140=CARTESIAN_POINT('',(277.484285398629,63.5113990422746,
5.41600763311757));
#20150=DIRECTION('',(-0.,1.,5.9211894646675E-16));
#20160=DIRECTION('',(1.,0.,0.));
#20170=AXIS2_PLACEMENT_3D('',#20140,#20150,#20160);
#20180=PLANE('',#20170);
#20190=ORIENTED_EDGE('',*,*,#7860,.T.);
#20200=CARTESIAN_POINT('',(277.684285398629,63.5113990422746,0.));
#20210=DIRECTION('',(0.,5.9211894646675E-16,-1.));
#20220=VECTOR('',#20210,1.);
#20230=LINE('',#20200,#20220);
#20240=EDGE_CURVE('',#7790,#7080,#20230,.T.);
#20250=ORIENTED_EDGE('',*,*,#20240,.F.);
#20260=ORIENTED_EDGE('',*,*,#7090,.T.);
#20270=ORIENTED_EDGE('',*,*,#13620,.T.);
#20280=EDGE_LOOP('',(#20270,#20260,#20250,#20190));
#20290=FACE_OUTER_BOUND('',#20280,.T.);
#20300=ADVANCED_FACE('',(#20290),#20180,.F.);
#20310=CARTESIAN_POINT('',(283.88428531631,61.811399042275,0.));
#20320=DIRECTION('',(9.31338339782428E-14,5.40634276912306E-17,1.));
#20330=DIRECTION('',(1.,0.,-9.31338339782428E-14));
#20340=AXIS2_PLACEMENT_3D('',#20310,#20320,#20330);
#20350=CYLINDRICAL_SURFACE('',#20340,0.2);
#20360=ORIENTED_EDGE('',*,*,#17420,.F.);
#20370=CARTESIAN_POINT('',(284.084285316309,61.811399042275,
-1.86267667956486E-14));
#20380=DIRECTION('',(9.31338339782428E-14,5.40634276912306E-17,1.));
#20390=VECTOR('',#20380,1.);
#20400=LINE('',#20370,#20390);
#20410=CARTESIAN_POINT('',(284.08428531631,61.811399042275,
4.41600763858713));
#20420=VERTEX_POINT('',#20410);
#20430=EDGE_CURVE('',#17410,#20420,#20400,.T.);
#20440=ORIENTED_EDGE('',*,*,#20430,.F.);
#20450=CARTESIAN_POINT('',(283.88428531631,61.811399042275,
4.41600763858715));
#20460=DIRECTION('',(9.31338339782428E-14,5.40634276912306E-17,1.));
#20470=DIRECTION('',(1.,0.,-9.31338339782428E-14));
#20480=AXIS2_PLACEMENT_3D('',#20450,#20460,#20470);
#20490=CIRCLE('',#20480,0.2);
#20500=CARTESIAN_POINT('',(283.88428531631,61.611399042275,
4.41600763858715));
#20510=VERTEX_POINT('',#20500);
#20520=EDGE_CURVE('',#20510,#20420,#20490,.T.);
#20530=ORIENTED_EDGE('',*,*,#20520,.T.);
#20540=CARTESIAN_POINT('',(283.88428531631,61.611399042275,
1.08126855382461E-17));
#20550=DIRECTION('',(9.31338339782428E-14,5.40634276912306E-17,1.));
#20560=VECTOR('',#20550,1.);
#20570=LINE('',#20540,#20560);
#20580=EDGE_CURVE('',#17390,#20510,#20570,.T.);
#20590=ORIENTED_EDGE('',*,*,#20580,.T.);
#20600=EDGE_LOOP('',(#20590,#20530,#20440,#20360));
#20610=FACE_OUTER_BOUND('',#20600,.T.);
#20620=ADVANCED_FACE('',(#20610),#20350,.F.);
#20630=CARTESIAN_POINT('',(278.88428531631,64.2113990422745,
4.0160076385876));
#20640=DIRECTION('',(0.,-1.,0.));
#20650=DIRECTION('',(0.,0.,1.));
#20660=AXIS2_PLACEMENT_3D('',#20630,#20640,#20650);
#20670=PLANE('',#20660);
#20680=ORIENTED_EDGE('',*,*,#12290,.T.);
#20690=CARTESIAN_POINT('',(0.,64.2113990422745,4.4160076385876));
#20700=DIRECTION('',(-1.,0.,0.));
#20710=VECTOR('',#20700,1.);
#20720=LINE('',#20690,#20710);
#20730=EDGE_CURVE('',#12260,#11040,#20720,.T.);
#20740=ORIENTED_EDGE('',*,*,#20730,.F.);
#20750=ORIENTED_EDGE('',*,*,#11070,.F.);
#20760=CARTESIAN_POINT('',(278.88428531631,64.2113990422745,0.));
#20770=DIRECTION('',(0.,0.,1.));
#20780=VECTOR('',#20770,1.);
#20790=LINE('',#20760,#20780);
#20800=CARTESIAN_POINT('',(278.88428531631,64.2113990422745,
4.16600763858759));
#20810=VERTEX_POINT('',#20800);
#20820=EDGE_CURVE('',#20810,#11060,#20790,.T.);
#20830=ORIENTED_EDGE('',*,*,#20820,.T.);
#20840=CARTESIAN_POINT('',(283.050292954897,64.2113990422745,0.));
#20850=DIRECTION('',(-0.707106781186493,0.,0.707106781186602));
#20860=VECTOR('',#20850,1.);
#20870=LINE('',#20840,#20860);
#20880=CARTESIAN_POINT('',(279.03428531631,64.2113990422745,
4.0160076385876));
#20890=VERTEX_POINT('',#20880);
#20900=EDGE_CURVE('',#20890,#20810,#20870,.T.);
#20910=ORIENTED_EDGE('',*,*,#20900,.T.);
#20920=CARTESIAN_POINT('',(278.88428531631,64.2113990422745,
4.0160076385876));
#20930=DIRECTION('',(1.,0.,0.));
#20940=VECTOR('',#20930,1.);
#20950=LINE('',#20920,#20940);
#20960=EDGE_CURVE('',#20890,#11750,#20950,.T.);
#20970=ORIENTED_EDGE('',*,*,#20960,.F.);
#20980=ORIENTED_EDGE('',*,*,#19100,.T.);
#20990=EDGE_LOOP('',(#20980,#20970,#20910,#20830,#20750,#20740,#20680));
#21000=FACE_OUTER_BOUND('',#20990,.T.);
#21010=ADVANCED_FACE('',(#21000),#20670,.F.);
#21020=CARTESIAN_POINT('',(278.95928531631,64.4763990422743,
4.0910076385876));
#21030=DIRECTION('',(-0.707106781186602,-0.,-0.707106781186493));
#21040=DIRECTION('',(0.707106781186493,0.,-0.707106781186602));
#21050=AXIS2_PLACEMENT_3D('',#21020,#21030,#21040);
#21060=PLANE('',#21050);
#21070=ORIENTED_EDGE('',*,*,#4230,.F.);
#21080=CARTESIAN_POINT('',(279.03428531631,64.4763990422743,
4.0160076385876));
#21090=DIRECTION('',(0.,-1.,0.));
#21100=VECTOR('',#21090,1.);
#21110=LINE('',#21080,#21100);
#21120=EDGE_CURVE('',#4140,#20890,#21110,.T.);
#21130=ORIENTED_EDGE('',*,*,#21120,.F.);
#21140=ORIENTED_EDGE('',*,*,#20900,.F.);
#21150=CARTESIAN_POINT('',(278.88428531631,64.4763990422743,
4.1660076385876));
#21160=DIRECTION('',(0.,-1.,0.));
#21170=VECTOR('',#21160,1.);
#21180=LINE('',#21150,#21170);
#21190=EDGE_CURVE('',#4220,#20810,#21180,.T.);
#21200=ORIENTED_EDGE('',*,*,#21190,.T.);
#21210=EDGE_LOOP('',(#21200,#21140,#21130,#21070));
#21220=FACE_OUTER_BOUND('',#21210,.T.);
#21230=ADVANCED_FACE('',(#21220),#21060,.F.);
#21240=CARTESIAN_POINT('',(278.88428531631,64.5313990422744,
9.11600763311955));
#21250=DIRECTION('',(1.92788729510958E-16,1.64313007644524E-14,1.));
#21260=DIRECTION('',(3.62457622377811E-14,1.,-1.64313007644524E-14));
#21270=AXIS2_PLACEMENT_3D('',#21240,#21250,#21260);
#21280=PLANE('',#21270);
#21290=CARTESIAN_POINT('',(0.,65.4613990422639,9.11600763311959));
#21300=DIRECTION('',(-1.,-3.5918734362996E-14,1.92788729511545E-16));
#21310=VECTOR('',#21300,1.);
#21320=LINE('',#21290,#21310);
#21330=CARTESIAN_POINT('',(280.93428531631,65.461399042274,
9.11600763311954));
#21340=VERTEX_POINT('',#21330);
#21350=EDGE_CURVE('',#18040,#21340,#21320,.T.);
#21360=ORIENTED_EDGE('',*,*,#21350,.F.);
#21370=CARTESIAN_POINT('',(280.93428531631,64.996399042274,
9.11600763311954));
#21380=DIRECTION('',(-3.62457622377811E-14,-1.,1.64313007644524E-14));
#21390=VECTOR('',#21380,1.);
#21400=LINE('',#21370,#21390);
#21410=EDGE_CURVE('',#21340,#8960,#21400,.T.);
#21420=ORIENTED_EDGE('',*,*,#21410,.F.);
#21430=ORIENTED_EDGE('',*,*,#8970,.T.);
#21440=ORIENTED_EDGE('',*,*,#16350,.F.);
#21450=ORIENTED_EDGE('',*,*,#18420,.F.);
#21460=ORIENTED_EDGE('',*,*,#18920,.F.);
#21470=CARTESIAN_POINT('',(0.,60.4913990422948,9.11600763311967));
#21480=DIRECTION('',(-1.,3.62457622377811E-14,1.92788729510359E-16));
#21490=VECTOR('',#21480,1.);
#21500=LINE('',#21470,#21490);
#21510=CARTESIAN_POINT('',(280.934285316309,60.4913990422846,
9.11600763311962));
#21520=VERTEX_POINT('',#21510);
#21530=EDGE_CURVE('',#18850,#21520,#21500,.T.);
#21540=ORIENTED_EDGE('',*,*,#21530,.F.);
#21550=CARTESIAN_POINT('',(280.934285316309,60.0263990422846,
9.11600763311963));
#21560=DIRECTION('',(3.62457622377811E-14,1.,-1.64313007644524E-14));
#21570=VECTOR('',#21560,1.);
#21580=LINE('',#21550,#21570);
#21590=EDGE_CURVE('',#8400,#21520,#21580,.T.);
#21600=ORIENTED_EDGE('',*,*,#21590,.T.);
#21610=ORIENTED_EDGE('',*,*,#8410,.T.);
#21620=ORIENTED_EDGE('',*,*,#18110,.F.);
#21630=EDGE_LOOP('',(#21620,#21610,#21600,#21540,#21460,#21450,#21440,
#21430,#21420,#21360));
#21640=FACE_OUTER_BOUND('',#21630,.T.);
#21650=ADVANCED_FACE('',(#21640),#21280,.F.);
#21660=CARTESIAN_POINT('',(0.,59.4113990422837,10.266007633118));
#21670=DIRECTION('',(1.,1.50975818607927E-18,-1.35539727589655E-15));
#21680=DIRECTION('',(-1.35539727589655E-15,0.,-1.));
#21690=AXIS2_PLACEMENT_3D('',#21660,#21670,#21680);
#21700=CYLINDRICAL_SURFACE('',#21690,0.5);
#21710=ORIENTED_EDGE('',*,*,#13310,.T.);
#21720=ORIENTED_EDGE('',*,*,#19270,.F.);
#21730=ORIENTED_EDGE('',*,*,#16100,.F.);
#21740=ORIENTED_EDGE('',*,*,#5950,.T.);
#21750=EDGE_LOOP('',(#21740,#21730,#21720,#21710));
#21760=FACE_OUTER_BOUND('',#21750,.T.);
#21770=ADVANCED_FACE('',(#21760),#21700,.T.);
#21780=CARTESIAN_POINT('',(277.684285398629,59.6013990422749,
6.23600763311756));
#21790=DIRECTION('',(0.,-1.,0.));
#21800=DIRECTION('',(0.,0.,-1.));
#21810=AXIS2_PLACEMENT_3D('',#21780,#21790,#21800);
#21820=PLANE('',#21810);
#21830=CARTESIAN_POINT('',(277.684285398631,59.6013990422749,0.));
#21840=DIRECTION('',(1.92788729510363E-16,0.,1.));
#21850=VECTOR('',#21840,1.);
#21860=LINE('',#21830,#21850);
#21870=CARTESIAN_POINT('',(277.684285398629,59.6013990422749,
3.91600769366768));
#21880=VERTEX_POINT('',#21870);
#21890=CARTESIAN_POINT('',(277.684285398629,59.6013990422749,
4.16600763311761));
#21900=VERTEX_POINT('',#21890);
#21910=EDGE_CURVE('',#21880,#21900,#21860,.T.);
#21920=ORIENTED_EDGE('',*,*,#21910,.F.);
#21930=CARTESIAN_POINT('',(0.,59.6013990422749,4.16600763311761));
#21940=DIRECTION('',(1.,0.,0.));
#21950=VECTOR('',#21940,1.);
#21960=LINE('',#21930,#21950);
#21970=EDGE_CURVE('',#21900,#1790,#21960,.T.);
#21980=ORIENTED_EDGE('',*,*,#21970,.F.);
#21990=ORIENTED_EDGE('',*,*,#1800,.T.);
#22000=CARTESIAN_POINT('',(0.,59.6013990422749,3.91600769367532));
#22010=DIRECTION('',(-1.,0.,2.75200102077941E-14));
#22020=VECTOR('',#22010,1.);
#22030=LINE('',#22000,#22020);
#22040=EDGE_CURVE('',#1710,#21880,#22030,.T.);
#22050=ORIENTED_EDGE('',*,*,#22040,.F.);
#22060=EDGE_LOOP('',(#22050,#21990,#21980,#21920));
#22070=FACE_OUTER_BOUND('',#22060,.T.);
#22080=ADVANCED_FACE('',(#22070),#21820,.T.);
#22090=CARTESIAN_POINT('',(285.134285308169,60.9613990422745,
4.21600763858705));
#22100=DIRECTION('',(0.707106781186531,-0.707106781186564,
-1.36322217973113E-16));
#22110=DIRECTION('',(-0.707106781186564,-0.707106781186531,0.));
#22120=AXIS2_PLACEMENT_3D('',#22090,#22100,#22110);
#22130=PLANE('',#22120);
#22140=CARTESIAN_POINT('',(0.,-224.172886265881,289.000292946747));
#22150=DIRECTION('',(0.577350269189641,0.577350269189614,
-0.577350269189622));
#22160=VECTOR('',#22150,1.);
#22170=LINE('',#22140,#22160);
#22180=EDGE_CURVE('',#15510,#290,#22170,.T.);
#22190=ORIENTED_EDGE('',*,*,#22180,.T.);
#22200=ORIENTED_EDGE('',*,*,#15950,.T.);
#22210=ORIENTED_EDGE('',*,*,#12440,.F.);
#22220=ORIENTED_EDGE('',*,*,#380,.F.);
#22230=EDGE_LOOP('',(#22220,#22210,#22200,#22190));
#22240=FACE_OUTER_BOUND('',#22230,.T.);
#22250=ADVANCED_FACE('',(#22240),#22130,.T.);
#22260=CARTESIAN_POINT('',(277.554285398629,66.111399042275,
8.73600758353275));
#22270=DIRECTION('',(1.50975818610233E-18,-1.,1.69803805938331E-14));
#22280=DIRECTION('',(-9.31338339782428E-14,-1.69803805938331E-14,-1.));
#22290=AXIS2_PLACEMENT_3D('',#22260,#22270,#22280);
#22300=PLANE('',#22290);
#22310=ORIENTED_EDGE('',*,*,#2520,.T.);
#22320=CARTESIAN_POINT('',(-7.54879093051164E-19,66.1113990422789,
242.102057993463));
#22330=DIRECTION('',(0.768221279595817,-1.08524300657109E-14,
-0.640184399666351));
#22340=VECTOR('',#22330,1.);
#22350=LINE('',#22320,#22340);
#22360=EDGE_CURVE('',#3810,#2450,#22350,.T.);
#22370=ORIENTED_EDGE('',*,*,#22360,.T.);
#22380=ORIENTED_EDGE('',*,*,#3820,.F.);
#22390=ORIENTED_EDGE('',*,*,#12740,.F.);
#22400=ORIENTED_EDGE('',*,*,#3400,.F.);
#22410=ORIENTED_EDGE('',*,*,#1210,.F.);
#22420=EDGE_LOOP('',(#22410,#22400,#22390,#22380,#22370,#22310));
#22430=FACE_OUTER_BOUND('',#22420,.T.);
#22440=ADVANCED_FACE('',(#22430),#22300,.F.);
#22450=CARTESIAN_POINT('',(0.,60.1013990422749,3.91600769367532));
#22460=DIRECTION('',(-1.,0.,2.75200102077941E-14));
#22470=DIRECTION('',(2.75200102077941E-14,0.,1.));
#22480=AXIS2_PLACEMENT_3D('',#22450,#22460,#22470);
#22490=CYLINDRICAL_SURFACE('',#22480,0.5);
#22500=CARTESIAN_POINT('',(277.684285398629,60.1013990422749,
3.91600769366768));
#22510=DIRECTION('',(-1.,0.,2.75200102077941E-14));
#22520=DIRECTION('',(2.75200102077941E-14,0.,1.));
#22530=AXIS2_PLACEMENT_3D('',#22500,#22510,#22520);
#22540=CIRCLE('',#22530,0.5);
#22550=EDGE_CURVE('',#17750,#21880,#22540,.T.);
#22560=ORIENTED_EDGE('',*,*,#22550,.F.);
#22570=ORIENTED_EDGE('',*,*,#22040,.T.);
#22580=ORIENTED_EDGE('',*,*,#1720,.T.);
#22590=ORIENTED_EDGE('',*,*,#17820,.F.);
#22600=EDGE_LOOP('',(#22590,#22580,#22570,#22560));
#22610=FACE_OUTER_BOUND('',#22600,.T.);
#22620=ADVANCED_FACE('',(#22610),#22490,.T.);
#22630=CARTESIAN_POINT('',(284.15428531631,61.4613990422845,
4.16600763311756));
#22640=DIRECTION('',(-0.,-2.43614652260603E-14,-1.));
#22650=DIRECTION('',(0.,-1.,2.43614652260603E-14));
#22660=AXIS2_PLACEMENT_3D('',#22630,#22640,#22650);
#22670=PLANE('',#22660);
#22680=CARTESIAN_POINT('',(277.684285398629,0.,4.16600763311906));
#22690=DIRECTION('',(-3.62457622377811E-14,-1.,2.43614652260603E-14));
#22700=VECTOR('',#22690,1.);
#22710=LINE('',#22680,#22700);
#22720=CARTESIAN_POINT('',(277.684285398629,61.511399042285,
4.16600763311756));
#22730=VERTEX_POINT('',#22720);
#22740=EDGE_CURVE('',#22730,#21900,#22710,.T.);
#22750=ORIENTED_EDGE('',*,*,#22740,.T.);
#22760=CARTESIAN_POINT('',(0.,61.511399042285,4.16600763311756));
#22770=DIRECTION('',(1.,0.,0.));
#22780=VECTOR('',#22770,1.);
#22790=LINE('',#22760,#22780);
#22800=EDGE_CURVE('',#13480,#22730,#22790,.T.);
#22810=ORIENTED_EDGE('',*,*,#22800,.T.);
#22820=ORIENTED_EDGE('',*,*,#13490,.T.);
#22830=ORIENTED_EDGE('',*,*,#17230,.T.);
#22840=ORIENTED_EDGE('',*,*,#1880,.F.);
#22850=ORIENTED_EDGE('',*,*,#21970,.T.);
#22860=EDGE_LOOP('',(#22850,#22840,#22830,#22820,#22810,#22750));
#22870=FACE_OUTER_BOUND('',#22860,.T.);
#22880=ADVANCED_FACE('',(#22870),#22670,.T.);
#22890=CARTESIAN_POINT('',(285.134285308169,60.3963990422747,
3.86600763858731));
#22900=DIRECTION('',(0.707106781186549,-2.55913956512733E-14,
0.707106781186546));
#22910=DIRECTION('',(0.707106781186546,-3.34953057851891E-14,
-0.707106781186549));
#22920=AXIS2_PLACEMENT_3D('',#22890,#22900,#22910);
#22930=PLANE('',#22920);
#22940=ORIENTED_EDGE('',*,*,#22180,.F.);
#22950=ORIENTED_EDGE('',*,*,#300,.T.);
#22960=ORIENTED_EDGE('',*,*,#10490,.F.);
#22970=ORIENTED_EDGE('',*,*,#15580,.F.);
#22980=EDGE_LOOP('',(#22970,#22960,#22950,#22940));
#22990=FACE_OUTER_BOUND('',#22980,.T.);
#23000=ADVANCED_FACE('',(#22990),#22930,.T.);
#23010=CARTESIAN_POINT('',(277.484285398629,61.511399042285,
5.41600763311757));
#23020=DIRECTION('',(-0.,1.,5.9211894646675E-16));
#23030=DIRECTION('',(1.,0.,0.));
#23040=AXIS2_PLACEMENT_3D('',#23010,#23020,#23030);
#23050=PLANE('',#23040);
#23060=ORIENTED_EDGE('',*,*,#13550,.F.);
#23070=ORIENTED_EDGE('',*,*,#22800,.F.);
#23080=CARTESIAN_POINT('',(277.684285398629,61.511399042285,0.));
#23090=DIRECTION('',(0.,5.9211894646675E-16,-1.));
#23100=VECTOR('',#23090,1.);
#23110=LINE('',#23080,#23100);
#23120=EDGE_CURVE('',#7710,#22730,#23110,.T.);
#23130=ORIENTED_EDGE('',*,*,#23120,.T.);
#23140=ORIENTED_EDGE('',*,*,#7720,.F.);
#23150=EDGE_LOOP('',(#23140,#23130,#23070,#23060));
#23160=FACE_OUTER_BOUND('',#23150,.T.);
#23170=ADVANCED_FACE('',(#23160),#23050,.T.);
#23180=CARTESIAN_POINT('',(281.73428530817,62.5113990422794,
8.41600763311978));
#23190=DIRECTION('',(0.707106781187073,2.23391184828341E-14,
-0.707106781186022));
#23200=DIRECTION('',(-0.707106781186022,-3.34953057852785E-14,
-0.707106781187073));
#23210=AXIS2_PLACEMENT_3D('',#23180,#23190,#23200);
#23220=PLANE('',#23210);
#23230=ORIENTED_EDGE('',*,*,#16440,.T.);
#23240=ORIENTED_EDGE('',*,*,#16810,.T.);
#23250=ORIENTED_EDGE('',*,*,#18780,.T.);
#23260=ORIENTED_EDGE('',*,*,#18280,.F.);
#23270=EDGE_LOOP('',(#23260,#23250,#23240,#23230));
#23280=FACE_OUTER_BOUND('',#23270,.T.);
#23290=ADVANCED_FACE('',(#23280),#23220,.T.);
#23300=CARTESIAN_POINT('',(281.084285353399,60.1113990422839,
7.19100763311431));
#23310=DIRECTION('',(-1.50975818610225E-18,1.,-1.69803805938331E-14));
#23320=DIRECTION('',(9.31338339782428E-14,1.69803805938331E-14,1.));
#23330=AXIS2_PLACEMENT_3D('',#23300,#23310,#23320);
#23340=PLANE('',#23330);
#23350=ORIENTED_EDGE('',*,*,#18640,.T.);
#23360=ORIENTED_EDGE('',*,*,#13070,.F.);
#23370=ORIENTED_EDGE('',*,*,#6420,.F.);
#23380=ORIENTED_EDGE('',*,*,#17060,.T.);
#23390=EDGE_LOOP('',(#23380,#23370,#23360,#23350));
#23400=FACE_OUTER_BOUND('',#23390,.T.);
#23410=ADVANCED_FACE('',(#23400),#23340,.T.);
#23420=CARTESIAN_POINT('',(0.,65.6113990422789,242.102057993463));
#23430=DIRECTION('',(0.768221279595817,-1.08524300657109E-14,
-0.640184399666351));
#23440=DIRECTION('',(-0.640184399666351,0.,-0.768221279595817));
#23450=AXIS2_PLACEMENT_3D('',#23420,#23430,#23440);
#23460=CYLINDRICAL_SURFACE('',#23450,0.5);
#23470=ORIENTED_EDGE('',*,*,#2460,.F.);
#23480=CARTESIAN_POINT('',(0.320092199833175,65.6113990422789,
242.486168633261));
#23490=DIRECTION('',(0.768221279595817,-1.08524300657109E-14,
-0.640184399666351));
#23500=VECTOR('',#23490,1.);
#23510=LINE('',#23480,#23500);
#23520=EDGE_CURVE('',#3900,#2360,#23510,.T.);
#23530=ORIENTED_EDGE('',*,*,#23520,.T.);
#23540=ORIENTED_EDGE('',*,*,#3910,.F.);
#23550=ORIENTED_EDGE('',*,*,#22360,.F.);
#23560=EDGE_LOOP('',(#23550,#23540,#23530,#23470));
#23570=FACE_OUTER_BOUND('',#23560,.T.);
#23580=ADVANCED_FACE('',(#23570),#23460,.T.);
#23590=CARTESIAN_POINT('',(278.88428531631,62.5113990422795,
6.3410076358537));
#23600=DIRECTION('',(1.,0.,0.));
#23610=DIRECTION('',(0.,-1.,0.));
#23620=AXIS2_PLACEMENT_3D('',#23590,#23600,#23610);
#23630=PLANE('',#23620);
#23640=CARTESIAN_POINT('',(278.88428531631,61.261399042275,0.));
#23650=DIRECTION('',(0.,4.85722573273506E-17,-1.));
#23660=VECTOR('',#23650,1.);
#23670=LINE('',#23640,#23660);
#23680=CARTESIAN_POINT('',(278.88428531631,61.261399042275,
7.5660076331175));
#23690=VERTEX_POINT('',#23680);
#23700=EDGE_CURVE('',#23690,#7390,#23670,.T.);
#23710=ORIENTED_EDGE('',*,*,#23700,.F.);
#23720=ORIENTED_EDGE('',*,*,#7400,.F.);
#23730=ORIENTED_EDGE('',*,*,#5490,.F.);
#23740=CARTESIAN_POINT('',(278.88428531631,0.,7.5660076331175));
#23750=DIRECTION('',(0.,1.,4.85722573273506E-17));
#23760=VECTOR('',#23750,1.);
#23770=LINE('',#23740,#23760);
#23780=EDGE_CURVE('',#23690,#5400,#23770,.T.);
#23790=ORIENTED_EDGE('',*,*,#23780,.T.);
#23800=EDGE_LOOP('',(#23790,#23730,#23720,#23710));
#23810=FACE_BOUND('',#23800,.T.);
#23820=CARTESIAN_POINT('',(278.88428531631,63.261399042275,0.));
#23830=DIRECTION('',(0.,4.85722573273506E-17,-1.));
#23840=VECTOR('',#23830,1.);
#23850=LINE('',#23820,#23840);
#23860=CARTESIAN_POINT('',(278.88428531631,63.261399042275,
7.5660076331175));
#23870=VERTEX_POINT('',#23860);
#23880=CARTESIAN_POINT('',(278.88428531631,63.261399042275,
7.06600763311757));
#23890=VERTEX_POINT('',#23880);
#23900=EDGE_CURVE('',#23870,#23890,#23850,.T.);
#23910=ORIENTED_EDGE('',*,*,#23900,.F.);
#23920=CARTESIAN_POINT('',(278.88428531631,0.,7.06600763311757));
#23930=DIRECTION('',(0.,1.,4.85722573273506E-17));
#23940=VECTOR('',#23930,1.);
#23950=LINE('',#23920,#23940);
#23960=CARTESIAN_POINT('',(278.88428531631,63.761399042275,
7.06600763311757));
#23970=VERTEX_POINT('',#23960);
#23980=EDGE_CURVE('',#23890,#23970,#23950,.T.);
#23990=ORIENTED_EDGE('',*,*,#23980,.F.);
#24000=CARTESIAN_POINT('',(278.88428531631,63.761399042275,0.));
#24010=DIRECTION('',(0.,-4.85722573273506E-17,1.));
#24020=VECTOR('',#24010,1.);
#24030=LINE('',#24000,#24020);
#24040=CARTESIAN_POINT('',(278.88428531631,63.761399042275,
7.5660076331175));
#24050=VERTEX_POINT('',#24040);
#24060=EDGE_CURVE('',#23970,#24050,#24030,.T.);
#24070=ORIENTED_EDGE('',*,*,#24060,.F.);
#24080=CARTESIAN_POINT('',(278.88428531631,0.,7.5660076331175));
#24090=DIRECTION('',(0.,1.,4.85722573273506E-17));
#24100=VECTOR('',#24090,1.);
#24110=LINE('',#24080,#24100);
#24120=EDGE_CURVE('',#23870,#24050,#24110,.T.);
#24130=ORIENTED_EDGE('',*,*,#24120,.T.);
#24140=EDGE_LOOP('',(#24130,#24070,#23990,#23910));
#24150=FACE_BOUND('',#24140,.T.);
#24160=ORIENTED_EDGE('',*,*,#15120,.T.);
#24170=CARTESIAN_POINT('',(278.88428531631,0.,5.55184096644982));
#24180=DIRECTION('',(0.,1.,1.49923685165776E-14));
#24190=VECTOR('',#24180,1.);
#24200=LINE('',#24170,#24190);
#24210=CARTESIAN_POINT('',(278.88428531631,60.4913990422847,
5.55184096645072));
#24220=VERTEX_POINT('',#24210);
#24230=EDGE_CURVE('',#15030,#24220,#24200,.T.);
#24240=ORIENTED_EDGE('',*,*,#24230,.F.);
#24250=CARTESIAN_POINT('',(278.88428531631,60.4913990422846,0.));
#24260=DIRECTION('',(1.9278872951096E-16,1.65333902379811E-14,1.));
#24270=VECTOR('',#24260,1.);
#24280=LINE('',#24250,#24270);
#24290=CARTESIAN_POINT('',(278.88428531631,60.4913990422847,
8.11600763311978));
#24300=VERTEX_POINT('',#24290);
#24310=EDGE_CURVE('',#24220,#24300,#24280,.T.);
#24320=ORIENTED_EDGE('',*,*,#24310,.F.);
#24330=CARTESIAN_POINT('',(278.88428531631,62.5113990422795,
8.11600763311978));
#24340=DIRECTION('',(0.,1.,-4.3264500331414E-15));
#24350=VECTOR('',#24340,1.);
#24360=LINE('',#24330,#24350);
#24370=EDGE_CURVE('',#24300,#9280,#24360,.T.);
#24380=ORIENTED_EDGE('',*,*,#24370,.F.);
#24390=ORIENTED_EDGE('',*,*,#9290,.F.);
#24400=CARTESIAN_POINT('',(278.88428531631,0.,5.55184096645204));
#24410=DIRECTION('',(0.,1.,-2.00665523298499E-14));
#24420=VECTOR('',#24410,1.);
#24430=LINE('',#24400,#24420);
#24440=EDGE_CURVE('',#9200,#4300,#24430,.T.);
#24450=ORIENTED_EDGE('',*,*,#24440,.F.);
#24460=ORIENTED_EDGE('',*,*,#4310,.F.);
#24470=ORIENTED_EDGE('',*,*,#21190,.F.);
#24480=ORIENTED_EDGE('',*,*,#20820,.F.);
#24490=ORIENTED_EDGE('',*,*,#11290,.F.);
#24500=ORIENTED_EDGE('',*,*,#15810,.F.);
#24510=ORIENTED_EDGE('',*,*,#19850,.T.);
#24520=EDGE_LOOP('',(#24510,#24500,#24490,#24480,#24470,#24460,#24450,
#24390,#24380,#24320,#24240,#24160));
#24530=FACE_OUTER_BOUND('',#24520,.T.);
#24540=ADVANCED_FACE('',(#23810,#24150,#24530),#23630,.T.);
#24550=CARTESIAN_POINT('',(277.884285398629,66.111399042275,
10.7660076331175));
#24560=DIRECTION('',(-7.63278329475246E-16,-1.69803805938331E-14,-1.));
#24570=DIRECTION('',(1.,1.50975818608929E-18,-7.63278329475246E-16));
#24580=AXIS2_PLACEMENT_3D('',#24550,#24560,#24570);
#24590=PLANE('',#24580);
#24600=CARTESIAN_POINT('',(278.384285398629,66.111399042275,
10.7660076331175));
#24610=DIRECTION('',(1.50975818610225E-18,-1.,1.69803805938331E-14));
#24620=VECTOR('',#24610,1.);
#24630=LINE('',#24600,#24620);
#24640=EDGE_CURVE('',#3900,#10750,#24630,.T.);
#24650=ORIENTED_EDGE('',*,*,#24640,.F.);
#24660=CARTESIAN_POINT('',(3.81639164737623E-16,65.411399042275,
10.7660076331177));
#24670=DIRECTION('',(-1.,-1.50975818608933E-18,7.63278329475246E-16));
#24680=VECTOR('',#24670,1.);
#24690=LINE('',#24660,#24680);
#24700=EDGE_CURVE('',#10750,#12820,#24690,.T.);
#24710=ORIENTED_EDGE('',*,*,#24700,.F.);
#24720=ORIENTED_EDGE('',*,*,#12830,.T.);
#24730=ORIENTED_EDGE('',*,*,#3970,.T.);
#24740=EDGE_LOOP('',(#24730,#24720,#24710,#24650));
#24750=FACE_OUTER_BOUND('',#24740,.T.);
#24760=ADVANCED_FACE('',(#24750),#24590,.F.);
#24770=CARTESIAN_POINT('',(283.21178531631,61.611399042275,
3.72100766612753));
#24780=DIRECTION('',(0.,1.,-5.40634276912306E-17));
#24790=DIRECTION('',(1.,-5.03513429888981E-30,-9.31338339782428E-14));
#24800=AXIS2_PLACEMENT_3D('',#24770,#24780,#24790);
#24810=PLANE('',#24800);
#24820=CARTESIAN_POINT('',(5.6843418860808E-14,61.611399042275,
4.41600763861359));
#24830=DIRECTION('',(-1.,0.,9.31338339782428E-14));
#24840=VECTOR('',#24830,1.);
#24850=LINE('',#24820,#24840);
#24860=EDGE_CURVE('',#20510,#19440,#24850,.T.);
#24870=ORIENTED_EDGE('',*,*,#24860,.F.);
#24880=ORIENTED_EDGE('',*,*,#19450,.F.);
#24890=ORIENTED_EDGE('',*,*,#17500,.F.);
#24900=ORIENTED_EDGE('',*,*,#20580,.F.);
#24910=EDGE_LOOP('',(#24900,#24890,#24880,#24870));
#24920=FACE_OUTER_BOUND('',#24910,.T.);
#24930=ADVANCED_FACE('',(#24920),#24810,.T.);
#24940=CARTESIAN_POINT('',(278.88428531631,64.741399042274,
4.0160076385876));
#24950=DIRECTION('',(-0.,-0.,-1.));
#24960=DIRECTION('',(0.,-1.,0.));
#24970=AXIS2_PLACEMENT_3D('',#24940,#24950,#24960);
#24980=PLANE('',#24970);
#24990=ORIENTED_EDGE('',*,*,#20960,.T.);
#25000=ORIENTED_EDGE('',*,*,#21120,.T.);
#25010=ORIENTED_EDGE('',*,*,#4150,.T.);
#25020=ORIENTED_EDGE('',*,*,#11820,.T.);
#25030=EDGE_LOOP('',(#25020,#25010,#25000,#24990));
#25040=FACE_OUTER_BOUND('',#25030,.T.);
#25050=ADVANCED_FACE('',(#25040),#24980,.F.);
#25060=CARTESIAN_POINT('',(282.904840868261,63.2813990422756,
4.41600763858724));
#25070=DIRECTION('',(9.31338339782428E-14,5.40634276912306E-17,1.));
#25080=DIRECTION('',(-1.,5.03513429888981E-30,9.31338339782428E-14));
#25090=AXIS2_PLACEMENT_3D('',#25060,#25070,#25080);
#25100=PLANE('',#25090);
#25110=ORIENTED_EDGE('',*,*,#24860,.T.);
#25120=ORIENTED_EDGE('',*,*,#20520,.F.);
#25130=CARTESIAN_POINT('',(284.08428531631,2.0000000000006,
4.41600763858713));
#25140=DIRECTION('',(3.08148791101958E-33,1.,-5.40634276912306E-17));
#25150=VECTOR('',#25140,1.);
#25160=LINE('',#25130,#25150);
#25170=EDGE_CURVE('',#20420,#9990,#25160,.T.);
#25180=ORIENTED_EDGE('',*,*,#25170,.F.);
#25190=ORIENTED_EDGE('',*,*,#10000,.F.);
#25200=ORIENTED_EDGE('',*,*,#9770,.F.);
#25210=ORIENTED_EDGE('',*,*,#19510,.T.);
#25220=EDGE_LOOP('',(#25210,#25200,#25190,#25180,#25120,#25110));
#25230=FACE_BOUND('',#25220,.T.);
#25240=ORIENTED_EDGE('',*,*,#20730,.T.);
#25250=ORIENTED_EDGE('',*,*,#12580,.T.);
#25260=ORIENTED_EDGE('',*,*,#15880,.T.);
#25270=ORIENTED_EDGE('',*,*,#11150,.T.);
#25280=EDGE_LOOP('',(#25270,#25260,#25250,#25240));
#25290=FACE_OUTER_BOUND('',#25280,.T.);
#25300=ADVANCED_FACE('',(#25230,#25290),#25100,.T.);
#25310=CARTESIAN_POINT('',(277.684285398629,57.511399042275,
5.79600763310312));
#25320=DIRECTION('',(-1.,0.,0.));
#25330=DIRECTION('',(0.,1.,0.));
#25340=AXIS2_PLACEMENT_3D('',#25310,#25320,#25330);
#25350=PLANE('',#25340);
#25360=ORIENTED_EDGE('',*,*,#20240,.T.);
#25370=ORIENTED_EDGE('',*,*,#7800,.F.);
#25380=ORIENTED_EDGE('',*,*,#23120,.F.);
#25390=ORIENTED_EDGE('',*,*,#22740,.F.);
#25400=ORIENTED_EDGE('',*,*,#21910,.T.);
#25410=ORIENTED_EDGE('',*,*,#22550,.T.);
#25420=ORIENTED_EDGE('',*,*,#17760,.T.);
#25430=ORIENTED_EDGE('',*,*,#5190,.F.);
#25440=ORIENTED_EDGE('',*,*,#10300,.T.);
#25450=ORIENTED_EDGE('',*,*,#7150,.T.);
#25460=EDGE_LOOP('',(#25450,#25440,#25430,#25420,#25410,#25400,#25390,
#25380,#25370,#25360));
#25470=FACE_OUTER_BOUND('',#25460,.T.);
#25480=ADVANCED_FACE('',(#25470),#25350,.T.);
#25490=CARTESIAN_POINT('',(278.88428531631,60.4913990422847,
9.11600763311962));
#25500=DIRECTION('',(3.62457622377811E-14,1.,-1.65333902379811E-14));
#25510=DIRECTION('',(-1.92788729510962E-16,-1.65333902379811E-14,-1.));
#25520=AXIS2_PLACEMENT_3D('',#25490,#25500,#25510);
#25530=PLANE('',#25520);
#25540=ORIENTED_EDGE('',*,*,#16750,.F.);
#25550=CARTESIAN_POINT('',(270.768277683191,60.4913990422849,0.));
#25560=DIRECTION('',(0.707106781186497,-1.38777878078145E-14,
0.707106781186598));
#25570=VECTOR('',#25560,1.);
#25580=LINE('',#25550,#25570);
#25590=EDGE_CURVE('',#24300,#16660,#25580,.T.);
#25600=ORIENTED_EDGE('',*,*,#25590,.T.);
#25610=ORIENTED_EDGE('',*,*,#24310,.T.);
#25620=CARTESIAN_POINT('',(0.,60.4913990422965,112.457483671036));
#25630=DIRECTION('',(-0.933746117302049,3.97737398571962E-14,
0.357936011632453));
#25640=VECTOR('',#25630,1.);
#25650=LINE('',#25620,#25640);
#25660=CARTESIAN_POINT('',(278.13428531631,60.4913990422847,
5.83934096645085));
#25670=VERTEX_POINT('',#25660);
#25680=EDGE_CURVE('',#24220,#25670,#25650,.T.);
#25690=ORIENTED_EDGE('',*,*,#25680,.F.);
#25700=CARTESIAN_POINT('',(278.13428531631,60.4913990422847,
6.94100763311858));
#25710=DIRECTION('',(-1.9278872951096E-16,-1.65333902379811E-14,-1.));
#25720=VECTOR('',#25710,1.);
#25730=LINE('',#25700,#25720);
#25740=CARTESIAN_POINT('',(278.13428531631,60.4913990422847,
8.0426742997863));
#25750=VERTEX_POINT('',#25740);
#25760=EDGE_CURVE('',#25750,#25670,#25730,.T.);
#25770=ORIENTED_EDGE('',*,*,#25760,.T.);
#25780=CARTESIAN_POINT('',(0.,60.491399042293,-98.5754684047989));
#25790=DIRECTION('',(-0.93374611730205,2.79221090693227E-14,
-0.357936011632452));
#25800=VECTOR('',#25790,1.);
#25810=LINE('',#25780,#25800);
#25820=EDGE_CURVE('',#21520,#25750,#25810,.T.);
#25830=ORIENTED_EDGE('',*,*,#25820,.T.);
#25840=ORIENTED_EDGE('',*,*,#21530,.T.);
#25850=ORIENTED_EDGE('',*,*,#18860,.F.);
#25860=EDGE_LOOP('',(#25850,#25840,#25830,#25770,#25690,#25610,#25600,
#25540));
#25870=FACE_OUTER_BOUND('',#25860,.T.);
#25880=ADVANCED_FACE('',(#25870),#25530,.F.);
#25890=CARTESIAN_POINT('',(278.93428532445,68.8613990422745,
4.76600763311732));
#25900=DIRECTION('',(5.12725372093427E-32,-3.39607611876663E-14,-1.));
#25910=DIRECTION('',(3.0195163722045E-18,-1.,3.39607611876663E-14));
#25920=AXIS2_PLACEMENT_3D('',#25890,#25900,#25910);
#25930=PLANE('',#25920);
#25940=ORIENTED_EDGE('',*,*,#4470,.F.);
#25950=CARTESIAN_POINT('',(280.93428531631,64.9963990422739,
4.76600763311745));
#25960=DIRECTION('',(3.62457622377811E-14,1.,-3.39607611876663E-14));
#25970=VECTOR('',#25960,1.);
#25980=LINE('',#25950,#25970);
#25990=CARTESIAN_POINT('',(280.93428531631,65.4613990422739,
4.76600763311747));
#26000=VERTEX_POINT('',#25990);
#26010=EDGE_CURVE('',#4380,#26000,#25980,.T.);
#26020=ORIENTED_EDGE('',*,*,#26010,.F.);
#26030=CARTESIAN_POINT('',(0.,65.4613990422844,4.76600763311743));
#26040=DIRECTION('',(1.,-3.62457622377811E-14,1.23062301214478E-27));
#26050=VECTOR('',#26040,1.);
#26060=LINE('',#26030,#26050);
#26070=EDGE_CURVE('',#26000,#12040,#26060,.T.);
#26080=ORIENTED_EDGE('',*,*,#26070,.F.);
#26090=ORIENTED_EDGE('',*,*,#12050,.F.);
#26100=EDGE_LOOP('',(#26090,#26080,#26020,#25940));
#26110=FACE_OUTER_BOUND('',#26100,.T.);
#26120=ADVANCED_FACE('',(#26110),#25930,.F.);
#26130=CARTESIAN_POINT('',(285.13428530817,65.6113990422741,
6.79100763311852));
#26140=DIRECTION('',(0.707106781186548,-0.707106781186548,
1.14823619762864E-14));
#26150=DIRECTION('',(-0.707106781186547,-0.707106781186547,
1.25607396694697E-14));
#26160=AXIS2_PLACEMENT_3D('',#26130,#26140,#26150);
#26170=PLANE('',#26160);
#26180=ORIENTED_EDGE('',*,*,#12110,.T.);
#26190=CARTESIAN_POINT('',(284.98428530817,65.4613990422741,
6.79100763311853));
#26200=DIRECTION('',(-1.92788729510957E-16,-1.64313007644524E-14,-1.));
#26210=VECTOR('',#26200,1.);
#26220=LINE('',#26190,#26210);
#26230=EDGE_CURVE('',#18040,#12040,#26220,.T.);
#26240=ORIENTED_EDGE('',*,*,#26230,.T.);
#26250=ORIENTED_EDGE('',*,*,#18050,.F.);
#26260=ORIENTED_EDGE('',*,*,#860,.F.);
#26270=EDGE_LOOP('',(#26260,#26250,#26240,#26180));
#26280=FACE_OUTER_BOUND('',#26270,.T.);
#26290=ADVANCED_FACE('',(#26280),#26170,.T.);
#26300=CARTESIAN_POINT('',(278.95928531631,62.5113990422795,
8.19100763311978));
#26310=DIRECTION('',(0.707106781186598,-3.05926215689883E-15,
-0.707106781186497));
#26320=DIRECTION('',(-0.707106781186497,0.,-0.707106781186598));
#26330=AXIS2_PLACEMENT_3D('',#26300,#26310,#26320);
#26340=PLANE('',#26330);
#26350=ORIENTED_EDGE('',*,*,#9370,.F.);
#26360=ORIENTED_EDGE('',*,*,#24370,.T.);
#26370=ORIENTED_EDGE('',*,*,#25590,.F.);
#26380=ORIENTED_EDGE('',*,*,#16670,.F.);
#26390=EDGE_LOOP('',(#26380,#26370,#26360,#26350));
#26400=FACE_OUTER_BOUND('',#26390,.T.);
#26410=ADVANCED_FACE('',(#26400),#26340,.T.);
#26420=CARTESIAN_POINT('',(285.13428530817,64.8913990422745,
4.39100763585227));
#26430=DIRECTION('',(-0.707106781186447,0.707106781186648,
-2.38775623120852E-14));
#26440=DIRECTION('',(-0.707106781186648,-0.707106781186447,
2.30280227273601E-14));
#26450=AXIS2_PLACEMENT_3D('',#26420,#26430,#26440);
#26460=PLANE('',#26450);
#26470=ORIENTED_EDGE('',*,*,#11670,.F.);
#26480=ORIENTED_EDGE('',*,*,#4530,.T.);
#26490=ORIENTED_EDGE('',*,*,#11970,.T.);
#26500=ORIENTED_EDGE('',*,*,#700,.T.);
#26510=EDGE_LOOP('',(#26500,#26490,#26480,#26470));
#26520=FACE_OUTER_BOUND('',#26510,.T.);
#26530=ADVANCED_FACE('',(#26520),#26460,.F.);
#26540=CARTESIAN_POINT('',(0.,65.411399042275,10.2660076331177));
#26550=DIRECTION('',(-1.,-1.50975818608933E-18,7.63278329475246E-16));
#26560=DIRECTION('',(7.63278329475246E-16,0.,1.));
#26570=AXIS2_PLACEMENT_3D('',#26540,#26550,#26560);
#26580=CYLINDRICAL_SURFACE('',#26570,0.5);
#26590=ORIENTED_EDGE('',*,*,#12920,.F.);
#26600=ORIENTED_EDGE('',*,*,#24700,.T.);
#26610=ORIENTED_EDGE('',*,*,#10760,.T.);
#26620=ORIENTED_EDGE('',*,*,#19670,.F.);
#26630=EDGE_LOOP('',(#26620,#26610,#26600,#26590));
#26640=FACE_OUTER_BOUND('',#26630,.T.);
#26650=ADVANCED_FACE('',(#26640),#26580,.T.);
#26660=CARTESIAN_POINT('',(283.934285308169,65.4613990422741,
8.86600763311106));
#26670=DIRECTION('',(-3.5918734362996E-14,1.,-1.64313007644524E-14));
#26680=DIRECTION('',(-5.27355936695103E-16,1.64313007644523E-14,1.));
#26690=AXIS2_PLACEMENT_3D('',#26660,#26670,#26680);
#26700=PLANE('',#26690);
#26710=ORIENTED_EDGE('',*,*,#26070,.T.);
#26720=CARTESIAN_POINT('',(0.,65.4613990422656,112.457483671038));
#26730=DIRECTION('',(-0.933746117302047,-2.7672308888782E-14,
0.357936011632458));
#26740=VECTOR('',#26730,1.);
#26750=LINE('',#26720,#26740);
#26760=CARTESIAN_POINT('',(278.13428531631,65.4613990422738,
5.83934096645078));
#26770=VERTEX_POINT('',#26760);
#26780=EDGE_CURVE('',#26000,#26770,#26750,.T.);
#26790=ORIENTED_EDGE('',*,*,#26780,.F.);
#26800=CARTESIAN_POINT('',(278.13428531631,65.4613990422738,
6.94100763311848));
#26810=DIRECTION('',(1.92788729510957E-16,1.64313007644524E-14,1.));
#26820=VECTOR('',#26810,1.);
#26830=LINE('',#26800,#26820);
#26840=CARTESIAN_POINT('',(278.13428531631,65.4613990422738,
8.04267429978621));
#26850=VERTEX_POINT('',#26840);
#26860=EDGE_CURVE('',#26770,#26850,#26830,.T.);
#26870=ORIENTED_EDGE('',*,*,#26860,.F.);
#26880=CARTESIAN_POINT('',(0.,65.4613990422621,-98.5754684048011));
#26890=DIRECTION('',(0.933746117302048,3.94129173741931E-14,
0.357936011632458));
#26900=VECTOR('',#26890,1.);
#26910=LINE('',#26880,#26900);
#26920=EDGE_CURVE('',#26850,#21340,#26910,.T.);
#26930=ORIENTED_EDGE('',*,*,#26920,.F.);
#26940=ORIENTED_EDGE('',*,*,#21350,.T.);
#26950=ORIENTED_EDGE('',*,*,#26230,.F.);
#26960=EDGE_LOOP('',(#26950,#26940,#26930,#26870,#26790,#26710));
#26970=FACE_OUTER_BOUND('',#26960,.T.);
#26980=ADVANCED_FACE('',(#26970),#26700,.F.);
#26990=CARTESIAN_POINT('',(277.93428531631,60.2913990422847,
6.94100763311858));
#27000=DIRECTION('',(-1.9278872951096E-16,-1.65333902379811E-14,-1.));
#27010=VECTOR('',#27000,1.);
#27020=LINE('',#26990,#27010);
#27030=CARTESIAN_POINT('',(277.93428531631,60.2913990422847,
7.96600763311962));
#27040=VERTEX_POINT('',#27030);
#27050=CARTESIAN_POINT('',(277.93428531631,60.2913990422847,
5.91600763311752));
#27060=VERTEX_POINT('',#27050);
#27070=EDGE_CURVE('',#27040,#27060,#27020,.T.);
#27080=ORIENTED_EDGE('',*,*,#27070,.F.);
#27090=CARTESIAN_POINT('',(277.934285316309,60.0263990422846,
5.91600763311753));
#27100=DIRECTION('',(3.62457622377811E-14,1.,1.09815965876154E-15));
#27110=VECTOR('',#27100,1.);
#27120=LINE('',#27090,#27110);
#27130=CARTESIAN_POINT('',(277.934285316309,59.7613990422846,
5.91600763311753));
#27140=VERTEX_POINT('',#27130);
#27150=EDGE_CURVE('',#27140,#27060,#27120,.T.);
#27160=ORIENTED_EDGE('',*,*,#27150,.T.);
#27170=CARTESIAN_POINT('',(277.934285316309,59.7613990422846,
6.94100763311858));
#27180=DIRECTION('',(1.92788729510996E-16,1.75294604232139E-14,1.));
#27190=VECTOR('',#27180,1.);
#27200=LINE('',#27170,#27190);
#27210=CARTESIAN_POINT('',(277.934285316309,59.7613990422847,
7.96600763311963));
#27220=VERTEX_POINT('',#27210);
#27230=EDGE_CURVE('',#27140,#27220,#27200,.T.);
#27240=ORIENTED_EDGE('',*,*,#27230,.F.);
#27250=CARTESIAN_POINT('',(277.934285316309,60.0263990422847,
7.96600763311963));
#27260=DIRECTION('',(3.62457622377811E-14,1.,-1.64313007644524E-14));
#27270=VECTOR('',#27260,1.);
#27280=LINE('',#27250,#27270);
#27290=EDGE_CURVE('',#27220,#27040,#27280,.T.);
#27300=ORIENTED_EDGE('',*,*,#27290,.F.);
#27310=EDGE_LOOP('',(#27300,#27240,#27160,#27080));
#27320=FACE_OUTER_BOUND('',#27310,.T.);
#27330=ADVANCED_FACE('',(#27320),#14390,.T.);
#27340=CARTESIAN_POINT('',(284.08428531631,63.7363990422744,
3.27600769366742));
#27350=DIRECTION('',(-1.,-3.01951636904664E-18,9.31338339782428E-14));
#27360=DIRECTION('',(9.31338339782428E-14,3.39066977599751E-14,1.));
#27370=AXIS2_PLACEMENT_3D('',#27340,#27350,#27360);
#27380=PLANE('',#27370);
#27390=ORIENTED_EDGE('',*,*,#10080,.F.);
#27400=ORIENTED_EDGE('',*,*,#25170,.T.);
#27410=ORIENTED_EDGE('',*,*,#20430,.T.);
#27420=ORIENTED_EDGE('',*,*,#17640,.F.);
#27430=EDGE_LOOP('',(#27420,#27410,#27400,#27390));
#27440=FACE_OUTER_BOUND('',#27430,.T.);
#27450=ADVANCED_FACE('',(#27440),#27380,.T.);
#27460=CARTESIAN_POINT('',(279.884285398629,66.111399042275,
9.51600763311096));
#27470=DIRECTION('',(-0.640184399666351,-1.30456562314565E-14,
-0.768221279595817));
#27480=DIRECTION('',(0.768221279595817,-1.08694149282036E-14,
-0.640184399666351));
#27490=AXIS2_PLACEMENT_3D('',#27460,#27470,#27480);
#27500=PLANE('',#27490);
#27510=ORIENTED_EDGE('',*,*,#6730,.T.);
#27520=ORIENTED_EDGE('',*,*,#10820,.F.);
#27530=ORIENTED_EDGE('',*,*,#24640,.T.);
#27540=ORIENTED_EDGE('',*,*,#23520,.F.);
#27550=EDGE_LOOP('',(#27540,#27530,#27520,#27510));
#27560=FACE_OUTER_BOUND('',#27550,.T.);
#27570=ADVANCED_FACE('',(#27560),#27500,.F.);
#27580=CARTESIAN_POINT('',(273.884285324447,63.2905594575616,
6.17892796762808));
#27590=DIRECTION('',(1.,4.85722573273506E-17,-9.43705672749744E-33));
#27600=DIRECTION('',(1.17963209093718E-32,-4.85722573273506E-17,1.));
#27610=AXIS2_PLACEMENT_3D('',#27580,#27590,#27600);
#27620=PLANE('',#27610);
#27630=CARTESIAN_POINT('',(273.884285324447,63.661399042275,
7.31600763311753));
#27640=DIRECTION('',(1.17963209093718E-32,-4.85722573273506E-17,1.));
#27650=VECTOR('',#27640,1.);
#27660=LINE('',#27630,#27650);
#27670=CARTESIAN_POINT('',(273.884285324447,63.661399042275,
7.16600763311757));
#27680=VERTEX_POINT('',#27670);
#27690=CARTESIAN_POINT('',(273.884285324447,63.661399042275,
7.4660076331175));
#27700=VERTEX_POINT('',#27690);
#27710=EDGE_CURVE('',#27680,#27700,#27660,.T.);
#27720=ORIENTED_EDGE('',*,*,#27710,.F.);
#27730=CARTESIAN_POINT('',(273.884285324447,63.511399042275,
7.4660076331175));
#27740=DIRECTION('',(-4.85722573273506E-17,1.,4.85722573273506E-17));
#27750=VECTOR('',#27740,1.);
#27760=LINE('',#27730,#27750);
#27770=CARTESIAN_POINT('',(273.884285324447,63.361399042275,
7.4660076331175));
#27780=VERTEX_POINT('',#27770);
#27790=EDGE_CURVE('',#27780,#27700,#27760,.T.);
#27800=ORIENTED_EDGE('',*,*,#27790,.T.);
#27810=CARTESIAN_POINT('',(273.884285324447,63.361399042275,
7.31600763311753));
#27820=DIRECTION('',(-1.17963209093718E-32,4.85722573273506E-17,-1.));
#27830=VECTOR('',#27820,1.);
#27840=LINE('',#27810,#27830);
#27850=CARTESIAN_POINT('',(273.884285324447,63.361399042275,
7.16600763311757));
#27860=VERTEX_POINT('',#27850);
#27870=EDGE_CURVE('',#27780,#27860,#27840,.T.);
#27880=ORIENTED_EDGE('',*,*,#27870,.F.);
#27890=CARTESIAN_POINT('',(273.884285324447,63.511399042275,
7.16600763311757));
#27900=DIRECTION('',(-4.85722573273506E-17,1.,4.85722573273506E-17));
#27910=VECTOR('',#27900,1.);
#27920=LINE('',#27890,#27910);
#27930=EDGE_CURVE('',#27860,#27680,#27920,.T.);
#27940=ORIENTED_EDGE('',*,*,#27930,.F.);
#27950=EDGE_LOOP('',(#27940,#27880,#27800,#27720));
#27960=FACE_OUTER_BOUND('',#27950,.T.);
#27970=ADVANCED_FACE('',(#27960),#27620,.F.);
#27980=CARTESIAN_POINT('',(274.084285324447,63.511399042275,
7.5160076331175));
#27990=DIRECTION('',(-0.242535625036333,-5.89025139515729E-17,
0.970142500145332));
#28000=DIRECTION('',(0.970142500145332,3.53415083709437E-17,
0.242535625036333));
#28010=AXIS2_PLACEMENT_3D('',#27980,#27990,#28000);
#28020=PLANE('',#28010);
#28030=CARTESIAN_POINT('',(279.484285324447,65.061399042275,
8.8660076331175));
#28040=DIRECTION('',(-0.942809041582063,-0.235702260395516,
-0.235702260395516));
#28050=VECTOR('',#28040,1.);
#28060=LINE('',#28030,#28050);
#28070=CARTESIAN_POINT('',(274.284285324447,63.761399042275,
7.5660076331175));
#28080=VERTEX_POINT('',#28070);
#28090=EDGE_CURVE('',#28080,#27700,#28060,.T.);
#28100=ORIENTED_EDGE('',*,*,#28090,.T.);
#28110=CARTESIAN_POINT('',(274.284285324447,63.511399042275,
7.5660076331175));
#28120=DIRECTION('',(-4.85722573273506E-17,1.,4.85722573273506E-17));
#28130=VECTOR('',#28120,1.);
#28140=LINE('',#28110,#28130);
#28150=CARTESIAN_POINT('',(274.284285324447,63.261399042275,
7.5660076331175));
#28160=VERTEX_POINT('',#28150);
#28170=EDGE_CURVE('',#28160,#28080,#28140,.T.);
#28180=ORIENTED_EDGE('',*,*,#28170,.T.);
#28190=CARTESIAN_POINT('',(279.484285324447,61.961399042275,
8.8660076331175));
#28200=DIRECTION('',(-0.942809041582063,0.235702260395516,
-0.235702260395516));
#28210=VECTOR('',#28200,1.);
#28220=LINE('',#28190,#28210);
#28230=EDGE_CURVE('',#28160,#27780,#28220,.T.);
#28240=ORIENTED_EDGE('',*,*,#28230,.F.);
#28250=ORIENTED_EDGE('',*,*,#27790,.F.);
#28260=EDGE_LOOP('',(#28250,#28240,#28180,#28100));
#28270=FACE_OUTER_BOUND('',#28260,.T.);
#28280=ADVANCED_FACE('',(#28270),#28020,.T.);
#28290=CARTESIAN_POINT('',(274.084285324447,63.711399042275,
7.31600763311753));
#28300=DIRECTION('',(0.242535625036333,-0.970142500145332,
-4.71220111612583E-17));
#28310=DIRECTION('',(0.970142500145332,0.242535625036333,
1.17805027903146E-17));
#28320=AXIS2_PLACEMENT_3D('',#28290,#28300,#28310);
#28330=PLANE('',#28320);
#28340=CARTESIAN_POINT('',(279.484285324447,65.061399042275,
5.76600763311758));
#28350=DIRECTION('',(-0.942809041582063,-0.235702260395516,
0.235702260395516));
#28360=VECTOR('',#28350,1.);
#28370=LINE('',#28340,#28360);
#28380=CARTESIAN_POINT('',(274.284285324447,63.761399042275,
7.06600763311757));
#28390=VERTEX_POINT('',#28380);
#28400=EDGE_CURVE('',#28390,#27680,#28370,.T.);
#28410=ORIENTED_EDGE('',*,*,#28400,.T.);
#28420=CARTESIAN_POINT('',(274.284285324447,63.761399042275,
7.31600763311753));
#28430=DIRECTION('',(1.17963209093718E-32,-4.85722573273506E-17,1.));
#28440=VECTOR('',#28430,1.);
#28450=LINE('',#28420,#28440);
#28460=EDGE_CURVE('',#28390,#28080,#28450,.T.);
#28470=ORIENTED_EDGE('',*,*,#28460,.F.);
#28480=ORIENTED_EDGE('',*,*,#28090,.F.);
#28490=ORIENTED_EDGE('',*,*,#27710,.T.);
#28500=EDGE_LOOP('',(#28490,#28480,#28470,#28410));
#28510=FACE_OUTER_BOUND('',#28500,.T.);
#28520=ADVANCED_FACE('',(#28510),#28330,.F.);
#28530=CARTESIAN_POINT('',(274.084285324447,63.511399042275,
7.11600763311757));
#28540=DIRECTION('',(0.242535625036333,-3.53415083709437E-17,
0.970142500145332));
#28550=DIRECTION('',(0.970142500145332,5.89025139515729E-17,
-0.242535625036333));
#28560=AXIS2_PLACEMENT_3D('',#28530,#28540,#28550);
#28570=PLANE('',#28560);
#28580=CARTESIAN_POINT('',(279.484285324447,61.961399042275,
5.76600763311758));
#28590=DIRECTION('',(0.942809041582063,-0.235702260395516,
-0.235702260395516));
#28600=VECTOR('',#28590,1.);
#28610=LINE('',#28580,#28600);
#28620=CARTESIAN_POINT('',(274.284285324447,63.261399042275,
7.06600763311757));
#28630=VERTEX_POINT('',#28620);
#28640=EDGE_CURVE('',#27860,#28630,#28610,.T.);
#28650=ORIENTED_EDGE('',*,*,#28640,.F.);
#28660=CARTESIAN_POINT('',(274.284285324447,63.511399042275,
7.06600763311757));
#28670=DIRECTION('',(-4.85722573273506E-17,1.,4.85722573273506E-17));
#28680=VECTOR('',#28670,1.);
#28690=LINE('',#28660,#28680);
#28700=EDGE_CURVE('',#28630,#28390,#28690,.T.);
#28710=ORIENTED_EDGE('',*,*,#28700,.F.);
#28720=ORIENTED_EDGE('',*,*,#28400,.F.);
#28730=ORIENTED_EDGE('',*,*,#27930,.T.);
#28740=EDGE_LOOP('',(#28730,#28720,#28710,#28650));
#28750=FACE_OUTER_BOUND('',#28740,.T.);
#28760=ADVANCED_FACE('',(#28750),#28570,.F.);
#28770=CARTESIAN_POINT('',(278.684285324447,63.821399042275,
7.06600763311757));
#28780=DIRECTION('',(-1.17963209093718E-32,4.85722573273506E-17,-1.));
#28790=DIRECTION('',(-1.,-4.85722573273506E-17,9.43705672749744E-33));
#28800=AXIS2_PLACEMENT_3D('',#28770,#28780,#28790);
#28810=PLANE('',#28800);
#28820=CARTESIAN_POINT('',(279.484285324447,63.761399042275,
7.06600763311757));
#28830=DIRECTION('',(1.,4.85722573273506E-17,-9.43705672749744E-33));
#28840=VECTOR('',#28830,1.);
#28850=LINE('',#28820,#28840);
#28860=EDGE_CURVE('',#28390,#13890,#28850,.T.);
#28870=ORIENTED_EDGE('',*,*,#28860,.T.);
#28880=ORIENTED_EDGE('',*,*,#28700,.T.);
#28890=CARTESIAN_POINT('',(279.484285324447,63.261399042275,
7.06600763311757));
#28900=DIRECTION('',(1.,4.85722573273506E-17,-9.43705672749744E-33));
#28910=VECTOR('',#28900,1.);
#28920=LINE('',#28890,#28910);
#28930=EDGE_CURVE('',#28630,#13710,#28920,.T.);
#28940=ORIENTED_EDGE('',*,*,#28930,.F.);
#28950=ORIENTED_EDGE('',*,*,#13960,.T.);
#28960=EDGE_LOOP('',(#28950,#28940,#28880,#28870));
#28970=FACE_OUTER_BOUND('',#28960,.T.);
#28980=ADVANCED_FACE('',(#28970),#28810,.T.);
#28990=CARTESIAN_POINT('',(279.484285324447,63.761399042275,
7.06600763311757));
#29000=DIRECTION('',(-4.85722573273506E-17,1.,4.85722573273506E-17));
#29010=DIRECTION('',(-1.17963209093718E-32,4.85722573273506E-17,-1.));
#29020=AXIS2_PLACEMENT_3D('',#28990,#29000,#29010);
#29030=PLANE('',#29020);
#29040=CARTESIAN_POINT('',(279.484285324447,63.761399042275,
7.5660076331175));
#29050=DIRECTION('',(1.,4.85722573273506E-17,-9.43705672749744E-33));
#29060=VECTOR('',#29050,1.);
#29070=LINE('',#29040,#29060);
#29080=EDGE_CURVE('',#28080,#13810,#29070,.T.);
#29090=ORIENTED_EDGE('',*,*,#29080,.T.);
#29100=ORIENTED_EDGE('',*,*,#28460,.T.);
#29110=ORIENTED_EDGE('',*,*,#28860,.F.);
#29120=ORIENTED_EDGE('',*,*,#13900,.T.);
#29130=EDGE_LOOP('',(#29120,#29110,#29100,#29090));
#29140=FACE_OUTER_BOUND('',#29130,.T.);
#29150=ADVANCED_FACE('',(#29140),#29030,.T.);
#29160=CARTESIAN_POINT('',(278.684285324447,63.821399042275,
7.5660076331175));
#29170=DIRECTION('',(-1.17963209093718E-32,4.85722573273506E-17,-1.));
#29180=DIRECTION('',(-1.,-4.85722573273506E-17,9.43705672749744E-33));
#29190=AXIS2_PLACEMENT_3D('',#29160,#29170,#29180);
#29200=PLANE('',#29190);
#29210=CARTESIAN_POINT('',(279.484285324447,63.261399042275,
7.5660076331175));
#29220=DIRECTION('',(-1.,-4.85722573273506E-17,9.43705672749744E-33));
#29230=VECTOR('',#29220,1.);
#29240=LINE('',#29210,#29230);
#29250=EDGE_CURVE('',#13730,#28160,#29240,.T.);
#29260=ORIENTED_EDGE('',*,*,#29250,.F.);
#29270=ORIENTED_EDGE('',*,*,#28170,.F.);
#29280=ORIENTED_EDGE('',*,*,#29080,.F.);
#29290=ORIENTED_EDGE('',*,*,#13820,.F.);
#29300=EDGE_LOOP('',(#29290,#29280,#29270,#29260));
#29310=FACE_OUTER_BOUND('',#29300,.T.);
#29320=ADVANCED_FACE('',(#29310),#29200,.F.);
#29330=CARTESIAN_POINT('',(279.484285324447,63.261399042275,
7.56600763311757));
#29340=DIRECTION('',(4.85722573273506E-17,-1.,-4.85722573273506E-17));
#29350=DIRECTION('',(1.17963209093718E-32,-4.85722573273506E-17,1.));
#29360=AXIS2_PLACEMENT_3D('',#29330,#29340,#29350);
#29370=PLANE('',#29360);
#29380=ORIENTED_EDGE('',*,*,#28930,.T.);
#29390=CARTESIAN_POINT('',(274.284285324447,63.261399042275,
7.31600763311753));
#29400=DIRECTION('',(-1.17963209093718E-32,4.85722573273506E-17,-1.));
#29410=VECTOR('',#29400,1.);
#29420=LINE('',#29390,#29410);
#29430=EDGE_CURVE('',#28160,#28630,#29420,.T.);
#29440=ORIENTED_EDGE('',*,*,#29430,.T.);
#29450=ORIENTED_EDGE('',*,*,#29250,.T.);
#29460=ORIENTED_EDGE('',*,*,#13740,.T.);
#29470=EDGE_LOOP('',(#29460,#29450,#29440,#29380));
#29480=FACE_OUTER_BOUND('',#29470,.T.);
#29490=ADVANCED_FACE('',(#29480),#29370,.T.);
#29500=CARTESIAN_POINT('',(274.084285324447,63.311399042275,
7.31600763311753));
#29510=DIRECTION('',(0.242535625036333,0.970142500145332,
4.71220111612583E-17));
#29520=DIRECTION('',(0.970142500145332,-0.242535625036333,
-1.17805027903146E-17));
#29530=AXIS2_PLACEMENT_3D('',#29500,#29510,#29520);
#29540=PLANE('',#29530);
#29550=ORIENTED_EDGE('',*,*,#28230,.T.);
#29560=ORIENTED_EDGE('',*,*,#29430,.F.);
#29570=ORIENTED_EDGE('',*,*,#28640,.T.);
#29580=ORIENTED_EDGE('',*,*,#27870,.T.);
#29590=EDGE_LOOP('',(#29580,#29570,#29560,#29550));
#29600=FACE_OUTER_BOUND('',#29590,.T.);
#29610=ADVANCED_FACE('',(#29600),#29540,.F.);
#29620=CARTESIAN_POINT('',(281.884285324447,63.2905594575616,
6.17892796762808));
#29630=DIRECTION('',(1.,4.85722573273506E-17,-9.43705672749744E-33));
#29640=DIRECTION('',(1.17963209093718E-32,-4.85722573273506E-17,1.));
#29650=AXIS2_PLACEMENT_3D('',#29620,#29630,#29640);
#29660=PLANE('',#29650);
#29670=CARTESIAN_POINT('',(281.884285324447,63.361399042275,
7.31600763311753));
#29680=DIRECTION('',(-1.17963209093718E-32,4.85722573273506E-17,-1.));
#29690=VECTOR('',#29680,1.);
#29700=LINE('',#29670,#29690);
#29710=CARTESIAN_POINT('',(281.884285324447,63.361399042275,
7.4660076331175));
#29720=VERTEX_POINT('',#29710);
#29730=CARTESIAN_POINT('',(281.884285324447,63.361399042275,
7.16600763311757));
#29740=VERTEX_POINT('',#29730);
#29750=EDGE_CURVE('',#29720,#29740,#29700,.T.);
#29760=ORIENTED_EDGE('',*,*,#29750,.T.);
#29770=CARTESIAN_POINT('',(281.884285324447,63.511399042275,
7.4660076331175));
#29780=DIRECTION('',(-4.85722573273506E-17,1.,4.85722573273506E-17));
#29790=VECTOR('',#29780,1.);
#29800=LINE('',#29770,#29790);
#29810=CARTESIAN_POINT('',(281.884285324447,63.661399042275,
7.4660076331175));
#29820=VERTEX_POINT('',#29810);
#29830=EDGE_CURVE('',#29720,#29820,#29800,.T.);
#29840=ORIENTED_EDGE('',*,*,#29830,.F.);
#29850=CARTESIAN_POINT('',(281.884285324447,63.661399042275,
7.31600763311753));
#29860=DIRECTION('',(1.17963209093718E-32,-4.85722573273506E-17,1.));
#29870=VECTOR('',#29860,1.);
#29880=LINE('',#29850,#29870);
#29890=CARTESIAN_POINT('',(281.884285324447,63.661399042275,
7.16600763311757));
#29900=VERTEX_POINT('',#29890);
#29910=EDGE_CURVE('',#29900,#29820,#29880,.T.);
#29920=ORIENTED_EDGE('',*,*,#29910,.T.);
#29930=CARTESIAN_POINT('',(281.884285324447,63.511399042275,
7.16600763311757));
#29940=DIRECTION('',(-4.85722573273506E-17,1.,4.85722573273506E-17));
#29950=VECTOR('',#29940,1.);
#29960=LINE('',#29930,#29950);
#29970=EDGE_CURVE('',#29740,#29900,#29960,.T.);
#29980=ORIENTED_EDGE('',*,*,#29970,.T.);
#29990=EDGE_LOOP('',(#29980,#29920,#29840,#29760));
#30000=FACE_OUTER_BOUND('',#29990,.T.);
#30010=ADVANCED_FACE('',(#30000),#29660,.T.);
#30020=CARTESIAN_POINT('',(281.684285324447,63.311399042275,
7.31600763311753));
#30030=DIRECTION('',(0.242535625036333,-0.970142500145332,
-4.71220111612583E-17));
#30040=DIRECTION('',(-0.970142500145332,-0.242535625036333,
-1.17805027903146E-17));
#30050=AXIS2_PLACEMENT_3D('',#30020,#30030,#30040);
#30060=PLANE('',#30050);
#30070=CARTESIAN_POINT('',(279.484285324447,62.761399042275,
6.56600763311757));
#30080=DIRECTION('',(0.942809041582063,0.235702260395516,
0.235702260395516));
#30090=VECTOR('',#30080,1.);
#30100=LINE('',#30070,#30090);
#30110=CARTESIAN_POINT('',(281.484285324447,63.261399042275,
7.06600763311757));
#30120=VERTEX_POINT('',#30110);
#30130=EDGE_CURVE('',#30120,#29740,#30100,.T.);
#30140=ORIENTED_EDGE('',*,*,#30130,.T.);
#30150=CARTESIAN_POINT('',(281.484285324447,63.261399042275,
7.31600763311753));
#30160=DIRECTION('',(-1.17963209093718E-32,4.85722573273506E-17,-1.));
#30170=VECTOR('',#30160,1.);
#30180=LINE('',#30150,#30170);
#30190=CARTESIAN_POINT('',(281.484285324447,63.261399042275,
7.5660076331175));
#30200=VERTEX_POINT('',#30190);
#30210=EDGE_CURVE('',#30200,#30120,#30180,.T.);
#30220=ORIENTED_EDGE('',*,*,#30210,.T.);
#30230=CARTESIAN_POINT('',(279.484285324447,62.761399042275,
8.0660076331175));
#30240=DIRECTION('',(0.942809041582063,0.235702260395516,
-0.235702260395516));
#30250=VECTOR('',#30240,1.);
#30260=LINE('',#30230,#30250);
#30270=EDGE_CURVE('',#30200,#29720,#30260,.T.);
#30280=ORIENTED_EDGE('',*,*,#30270,.F.);
#30290=ORIENTED_EDGE('',*,*,#29750,.F.);
#30300=EDGE_LOOP('',(#30290,#30280,#30220,#30140));
#30310=FACE_OUTER_BOUND('',#30300,.T.);
#30320=ADVANCED_FACE('',(#30310),#30060,.T.);
#30330=EDGE_CURVE('',#23890,#30120,#28920,.T.);
#30340=ORIENTED_EDGE('',*,*,#30330,.T.);
#30350=ORIENTED_EDGE('',*,*,#23900,.T.);
#30360=EDGE_CURVE('',#30200,#23870,#29240,.T.);
#30370=ORIENTED_EDGE('',*,*,#30360,.T.);
#30380=ORIENTED_EDGE('',*,*,#30210,.F.);
#30390=EDGE_LOOP('',(#30380,#30370,#30350,#30340));
#30400=FACE_OUTER_BOUND('',#30390,.T.);
#30410=ADVANCED_FACE('',(#30400),#29370,.T.);
#30420=CARTESIAN_POINT('',(281.484285324447,63.511399042275,
7.5660076331175));
#30430=DIRECTION('',(-4.85722573273506E-17,1.,4.85722573273506E-17));
#30440=VECTOR('',#30430,1.);
#30450=LINE('',#30420,#30440);
#30460=CARTESIAN_POINT('',(281.484285324447,63.761399042275,
7.5660076331175));
#30470=VERTEX_POINT('',#30460);
#30480=EDGE_CURVE('',#30200,#30470,#30450,.T.);
#30490=ORIENTED_EDGE('',*,*,#30480,.T.);
#30500=ORIENTED_EDGE('',*,*,#30360,.F.);
#30510=ORIENTED_EDGE('',*,*,#24120,.F.);
#30520=EDGE_CURVE('',#24050,#30470,#29070,.T.);
#30530=ORIENTED_EDGE('',*,*,#30520,.F.);
#30540=EDGE_LOOP('',(#30530,#30510,#30500,#30490));
#30550=FACE_OUTER_BOUND('',#30540,.T.);
#30560=ADVANCED_FACE('',(#30550),#29200,.F.);
#30570=CARTESIAN_POINT('',(281.684285324447,63.511399042275,
7.5160076331175));
#30580=DIRECTION('',(-0.242535625036333,3.53415083709438E-17,
-0.970142500145332));
#30590=DIRECTION('',(-0.970142500145332,-5.89025139515729E-17,
0.242535625036333));
#30600=AXIS2_PLACEMENT_3D('',#30570,#30580,#30590);
#30610=PLANE('',#30600);
#30620=ORIENTED_EDGE('',*,*,#30270,.T.);
#30630=ORIENTED_EDGE('',*,*,#30480,.F.);
#30640=CARTESIAN_POINT('',(279.484285324447,64.261399042275,
8.0660076331175));
#30650=DIRECTION('',(0.942809041582063,-0.235702260395516,
-0.235702260395516));
#30660=VECTOR('',#30650,1.);
#30670=LINE('',#30640,#30660);
#30680=EDGE_CURVE('',#30470,#29820,#30670,.T.);
#30690=ORIENTED_EDGE('',*,*,#30680,.F.);
#30700=ORIENTED_EDGE('',*,*,#29830,.T.);
#30710=EDGE_LOOP('',(#30700,#30690,#30630,#30620));
#30720=FACE_OUTER_BOUND('',#30710,.T.);
#30730=ADVANCED_FACE('',(#30720),#30610,.F.);
#30740=CARTESIAN_POINT('',(281.684285324447,63.711399042275,
7.31600763311753));
#30750=DIRECTION('',(0.242535625036333,0.970142500145332,
4.71220111612583E-17));
#30760=DIRECTION('',(-0.970142500145332,0.242535625036333,
1.17805027903146E-17));
#30770=AXIS2_PLACEMENT_3D('',#30740,#30750,#30760);
#30780=PLANE('',#30770);
#30790=ORIENTED_EDGE('',*,*,#30680,.T.);
#30800=CARTESIAN_POINT('',(281.484285324447,63.761399042275,
7.31600763311753));
#30810=DIRECTION('',(1.17963209093718E-32,-4.85722573273506E-17,1.));
#30820=VECTOR('',#30810,1.);
#30830=LINE('',#30800,#30820);
#30840=CARTESIAN_POINT('',(281.484285324447,63.761399042275,
7.06600763311757));
#30850=VERTEX_POINT('',#30840);
#30860=EDGE_CURVE('',#30850,#30470,#30830,.T.);
#30870=ORIENTED_EDGE('',*,*,#30860,.T.);
#30880=CARTESIAN_POINT('',(279.484285324447,64.261399042275,
6.56600763311757));
#30890=DIRECTION('',(-0.942809041582063,0.235702260395516,
-0.235702260395516));
#30900=VECTOR('',#30890,1.);
#30910=LINE('',#30880,#30900);
#30920=EDGE_CURVE('',#29900,#30850,#30910,.T.);
#30930=ORIENTED_EDGE('',*,*,#30920,.T.);
#30940=ORIENTED_EDGE('',*,*,#29910,.F.);
#30950=EDGE_LOOP('',(#30940,#30930,#30870,#30790));
#30960=FACE_OUTER_BOUND('',#30950,.T.);
#30970=ADVANCED_FACE('',(#30960),#30780,.T.);
#30980=CARTESIAN_POINT('',(281.684285324447,63.511399042275,
7.11600763311757));
#30990=DIRECTION('',(0.242535625036333,5.89025139515729E-17,
-0.970142500145332));
#31000=DIRECTION('',(-0.970142500145332,-3.53415083709437E-17,
-0.242535625036333));
#31010=AXIS2_PLACEMENT_3D('',#30980,#30990,#31000);
#31020=PLANE('',#31010);
#31030=ORIENTED_EDGE('',*,*,#30920,.F.);
#31040=CARTESIAN_POINT('',(281.484285324447,63.511399042275,
7.06600763311757));
#31050=DIRECTION('',(-4.85722573273506E-17,1.,4.85722573273506E-17));
#31060=VECTOR('',#31050,1.);
#31070=LINE('',#31040,#31060);
#31080=EDGE_CURVE('',#30120,#30850,#31070,.T.);
#31090=ORIENTED_EDGE('',*,*,#31080,.T.);
#31100=ORIENTED_EDGE('',*,*,#30130,.F.);
#31110=ORIENTED_EDGE('',*,*,#29970,.F.);
#31120=EDGE_LOOP('',(#31110,#31100,#31090,#31030));
#31130=FACE_OUTER_BOUND('',#31120,.T.);
#31140=ADVANCED_FACE('',(#31130),#31020,.T.);
#31150=ORIENTED_EDGE('',*,*,#31080,.F.);
#31160=EDGE_CURVE('',#23970,#30850,#28850,.T.);
#31170=ORIENTED_EDGE('',*,*,#31160,.T.);
#31180=ORIENTED_EDGE('',*,*,#23980,.T.);
#31190=ORIENTED_EDGE('',*,*,#30330,.F.);
#31200=EDGE_LOOP('',(#31190,#31180,#31170,#31150));
#31210=FACE_OUTER_BOUND('',#31200,.T.);
#31220=ADVANCED_FACE('',(#31210),#28810,.T.);
#31230=ORIENTED_EDGE('',*,*,#30520,.T.);
#31240=ORIENTED_EDGE('',*,*,#24060,.T.);
#31250=ORIENTED_EDGE('',*,*,#31160,.F.);
#31260=ORIENTED_EDGE('',*,*,#30860,.F.);
#31270=EDGE_LOOP('',(#31260,#31250,#31240,#31230));
#31280=FACE_OUTER_BOUND('',#31270,.T.);
#31290=ADVANCED_FACE('',(#31280),#29030,.T.);
#31300=CARTESIAN_POINT('',(273.884285324447,61.2905594575616,
6.17892796762808));
#31310=DIRECTION('',(1.,4.85722573273506E-17,-9.43705672749744E-33));
#31320=DIRECTION('',(1.17963209093718E-32,-4.85722573273506E-17,1.));
#31330=AXIS2_PLACEMENT_3D('',#31300,#31310,#31320);
#31340=PLANE('',#31330);
#31350=CARTESIAN_POINT('',(273.884285324447,61.661399042275,
7.31600763311753));
#31360=DIRECTION('',(1.17963209093718E-32,-4.85722573273506E-17,1.));
#31370=VECTOR('',#31360,1.);
#31380=LINE('',#31350,#31370);
#31390=CARTESIAN_POINT('',(273.884285324447,61.661399042275,
7.16600763311757));
#31400=VERTEX_POINT('',#31390);
#31410=CARTESIAN_POINT('',(273.884285324447,61.661399042275,
7.4660076331175));
#31420=VERTEX_POINT('',#31410);
#31430=EDGE_CURVE('',#31400,#31420,#31380,.T.);
#31440=ORIENTED_EDGE('',*,*,#31430,.F.);
#31450=CARTESIAN_POINT('',(273.884285324447,61.511399042275,
7.4660076331175));
#31460=DIRECTION('',(-4.85722573273506E-17,1.,4.85722573273506E-17));
#31470=VECTOR('',#31460,1.);
#31480=LINE('',#31450,#31470);
#31490=CARTESIAN_POINT('',(273.884285324447,61.361399042275,
7.4660076331175));
#31500=VERTEX_POINT('',#31490);
#31510=EDGE_CURVE('',#31500,#31420,#31480,.T.);
#31520=ORIENTED_EDGE('',*,*,#31510,.T.);
#31530=CARTESIAN_POINT('',(273.884285324447,61.361399042275,
7.31600763311753));
#31540=DIRECTION('',(-1.17963209093718E-32,4.85722573273506E-17,-1.));
#31550=VECTOR('',#31540,1.);
#31560=LINE('',#31530,#31550);
#31570=CARTESIAN_POINT('',(273.884285324447,61.361399042275,
7.16600763311757));
#31580=VERTEX_POINT('',#31570);
#31590=EDGE_CURVE('',#31500,#31580,#31560,.T.);
#31600=ORIENTED_EDGE('',*,*,#31590,.F.);
#31610=CARTESIAN_POINT('',(273.884285324447,61.511399042275,
7.16600763311757));
#31620=DIRECTION('',(-4.85722573273506E-17,1.,4.85722573273506E-17));
#31630=VECTOR('',#31620,1.);
#31640=LINE('',#31610,#31630);
#31650=EDGE_CURVE('',#31580,#31400,#31640,.T.);
#31660=ORIENTED_EDGE('',*,*,#31650,.F.);
#31670=EDGE_LOOP('',(#31660,#31600,#31520,#31440));
#31680=FACE_OUTER_BOUND('',#31670,.T.);
#31690=ADVANCED_FACE('',(#31680),#31340,.F.);
#31700=CARTESIAN_POINT('',(274.084285324447,61.511399042275,
7.5160076331175));
#31710=DIRECTION('',(-0.242535625036333,-5.89025139515729E-17,
0.970142500145332));
#31720=DIRECTION('',(0.970142500145332,3.53415083709437E-17,
0.242535625036333));
#31730=AXIS2_PLACEMENT_3D('',#31700,#31710,#31720);
#31740=PLANE('',#31730);
#31750=CARTESIAN_POINT('',(279.484285324447,63.061399042275,
8.8660076331175));
#31760=DIRECTION('',(-0.942809041582063,-0.235702260395516,
-0.235702260395516));
#31770=VECTOR('',#31760,1.);
#31780=LINE('',#31750,#31770);
#31790=CARTESIAN_POINT('',(274.284285324447,61.761399042275,
7.5660076331175));
#31800=VERTEX_POINT('',#31790);
#31810=EDGE_CURVE('',#31800,#31420,#31780,.T.);
#31820=ORIENTED_EDGE('',*,*,#31810,.T.);
#31830=CARTESIAN_POINT('',(274.284285324447,61.511399042275,
7.5660076331175));
#31840=DIRECTION('',(-4.85722573273506E-17,1.,4.85722573273506E-17));
#31850=VECTOR('',#31840,1.);
#31860=LINE('',#31830,#31850);
#31870=CARTESIAN_POINT('',(274.284285324447,61.261399042275,
7.5660076331175));
#31880=VERTEX_POINT('',#31870);
#31890=EDGE_CURVE('',#31880,#31800,#31860,.T.);
#31900=ORIENTED_EDGE('',*,*,#31890,.T.);
#31910=CARTESIAN_POINT('',(279.484285324447,59.961399042275,
8.8660076331175));
#31920=DIRECTION('',(-0.942809041582063,0.235702260395516,
-0.235702260395516));
#31930=VECTOR('',#31920,1.);
#31940=LINE('',#31910,#31930);
#31950=EDGE_CURVE('',#31880,#31500,#31940,.T.);
#31960=ORIENTED_EDGE('',*,*,#31950,.F.);
#31970=ORIENTED_EDGE('',*,*,#31510,.F.);
#31980=EDGE_LOOP('',(#31970,#31960,#31900,#31820));
#31990=FACE_OUTER_BOUND('',#31980,.T.);
#32000=ADVANCED_FACE('',(#31990),#31740,.T.);
#32010=CARTESIAN_POINT('',(274.084285324447,61.711399042275,
7.31600763311753));
#32020=DIRECTION('',(0.242535625036333,-0.970142500145332,
-4.71220111612583E-17));
#32030=DIRECTION('',(0.970142500145332,0.242535625036333,
1.17805027903146E-17));
#32040=AXIS2_PLACEMENT_3D('',#32010,#32020,#32030);
#32050=PLANE('',#32040);
#32060=CARTESIAN_POINT('',(279.484285324447,63.061399042275,
5.76600763311758));
#32070=DIRECTION('',(-0.942809041582063,-0.235702260395516,
0.235702260395516));
#32080=VECTOR('',#32070,1.);
#32090=LINE('',#32060,#32080);
#32100=CARTESIAN_POINT('',(274.284285324447,61.761399042275,
7.06600763311757));
#32110=VERTEX_POINT('',#32100);
#32120=EDGE_CURVE('',#32110,#31400,#32090,.T.);
#32130=ORIENTED_EDGE('',*,*,#32120,.T.);
#32140=CARTESIAN_POINT('',(274.284285324447,61.761399042275,
7.31600763311753));
#32150=DIRECTION('',(1.17963209093718E-32,-4.85722573273506E-17,1.));
#32160=VECTOR('',#32150,1.);
#32170=LINE('',#32140,#32160);
#32180=EDGE_CURVE('',#32110,#31800,#32170,.T.);
#32190=ORIENTED_EDGE('',*,*,#32180,.F.);
#32200=ORIENTED_EDGE('',*,*,#31810,.F.);
#32210=ORIENTED_EDGE('',*,*,#31430,.T.);
#32220=EDGE_LOOP('',(#32210,#32200,#32190,#32130));
#32230=FACE_OUTER_BOUND('',#32220,.T.);
#32240=ADVANCED_FACE('',(#32230),#32050,.F.);
#32250=CARTESIAN_POINT('',(274.084285324447,61.511399042275,
7.11600763311757));
#32260=DIRECTION('',(0.242535625036333,-3.53415083709437E-17,
0.970142500145332));
#32270=DIRECTION('',(0.970142500145332,5.89025139515729E-17,
-0.242535625036333));
#32280=AXIS2_PLACEMENT_3D('',#32250,#32260,#32270);
#32290=PLANE('',#32280);
#32300=CARTESIAN_POINT('',(279.484285324447,59.961399042275,
5.76600763311758));
#32310=DIRECTION('',(0.942809041582063,-0.235702260395516,
-0.235702260395516));
#32320=VECTOR('',#32310,1.);
#32330=LINE('',#32300,#32320);
#32340=CARTESIAN_POINT('',(274.284285324447,61.261399042275,
7.06600763311757));
#32350=VERTEX_POINT('',#32340);
#32360=EDGE_CURVE('',#31580,#32350,#32330,.T.);
#32370=ORIENTED_EDGE('',*,*,#32360,.F.);
#32380=CARTESIAN_POINT('',(274.284285324447,61.511399042275,
7.06600763311757));
#32390=DIRECTION('',(-4.85722573273506E-17,1.,4.85722573273506E-17));
#32400=VECTOR('',#32390,1.);
#32410=LINE('',#32380,#32400);
#32420=EDGE_CURVE('',#32350,#32110,#32410,.T.);
#32430=ORIENTED_EDGE('',*,*,#32420,.F.);
#32440=ORIENTED_EDGE('',*,*,#32120,.F.);
#32450=ORIENTED_EDGE('',*,*,#31650,.T.);
#32460=EDGE_LOOP('',(#32450,#32440,#32430,#32370));
#32470=FACE_OUTER_BOUND('',#32460,.T.);
#32480=ADVANCED_FACE('',(#32470),#32290,.F.);
#32490=EDGE_CURVE('',#32110,#14230,#5540,.T.);
#32500=ORIENTED_EDGE('',*,*,#32490,.T.);
#32510=ORIENTED_EDGE('',*,*,#32420,.T.);
#32520=EDGE_CURVE('',#32350,#14050,#7450,.T.);
#32530=ORIENTED_EDGE('',*,*,#32520,.F.);
#32540=ORIENTED_EDGE('',*,*,#14300,.T.);
#32550=EDGE_LOOP('',(#32540,#32530,#32510,#32500));
#32560=FACE_OUTER_BOUND('',#32550,.T.);
#32570=ADVANCED_FACE('',(#32560),#7240,.T.);
#32580=EDGE_CURVE('',#31800,#14150,#5380,.T.);
#32590=ORIENTED_EDGE('',*,*,#32580,.T.);
#32600=ORIENTED_EDGE('',*,*,#32180,.T.);
#32610=ORIENTED_EDGE('',*,*,#32490,.F.);
#32620=ORIENTED_EDGE('',*,*,#14240,.T.);
#32630=EDGE_LOOP('',(#32620,#32610,#32600,#32590));
#32640=FACE_OUTER_BOUND('',#32630,.T.);
#32650=ADVANCED_FACE('',(#32640),#5340,.T.);
#32660=CARTESIAN_POINT('',(278.684285324447,61.821399042275,
7.5660076331175));
#32670=DIRECTION('',(-1.17963209093718E-32,4.85722573273506E-17,-1.));
#32680=DIRECTION('',(-1.,-4.85722573273506E-17,9.43705672749744E-33));
#32690=AXIS2_PLACEMENT_3D('',#32660,#32670,#32680);
#32700=PLANE('',#32690);
#32710=CARTESIAN_POINT('',(279.484285324447,61.261399042275,
7.5660076331175));
#32720=DIRECTION('',(-1.,-4.85722573273506E-17,9.43705672749744E-33));
#32730=VECTOR('',#32720,1.);
#32740=LINE('',#32710,#32730);
#32750=EDGE_CURVE('',#14070,#31880,#32740,.T.);
#32760=ORIENTED_EDGE('',*,*,#32750,.F.);
#32770=ORIENTED_EDGE('',*,*,#31890,.F.);
#32780=ORIENTED_EDGE('',*,*,#32580,.F.);
#32790=ORIENTED_EDGE('',*,*,#14160,.F.);
#32800=EDGE_LOOP('',(#32790,#32780,#32770,#32760));
#32810=FACE_OUTER_BOUND('',#32800,.T.);
#32820=ADVANCED_FACE('',(#32810),#32700,.F.);
#32830=CARTESIAN_POINT('',(279.484285324447,61.261399042275,
7.56600763311757));
#32840=DIRECTION('',(4.85722573273506E-17,-1.,-4.85722573273506E-17));
#32850=DIRECTION('',(1.17963209093718E-32,-4.85722573273506E-17,1.));
#32860=AXIS2_PLACEMENT_3D('',#32830,#32840,#32850);
#32870=PLANE('',#32860);
#32880=ORIENTED_EDGE('',*,*,#32520,.T.);
#32890=CARTESIAN_POINT('',(274.284285324447,61.261399042275,
7.31600763311753));
#32900=DIRECTION('',(-1.17963209093718E-32,4.85722573273506E-17,-1.));
#32910=VECTOR('',#32900,1.);
#32920=LINE('',#32890,#32910);
#32930=EDGE_CURVE('',#31880,#32350,#32920,.T.);
#32940=ORIENTED_EDGE('',*,*,#32930,.T.);
#32950=ORIENTED_EDGE('',*,*,#32750,.T.);
#32960=ORIENTED_EDGE('',*,*,#14080,.T.);
#32970=EDGE_LOOP('',(#32960,#32950,#32940,#32880));
#32980=FACE_OUTER_BOUND('',#32970,.T.);
#32990=ADVANCED_FACE('',(#32980),#32870,.T.);
#33000=CARTESIAN_POINT('',(274.084285324447,61.311399042275,
7.31600763311753));
#33010=DIRECTION('',(0.242535625036333,0.970142500145332,
4.71220111612583E-17));
#33020=DIRECTION('',(0.970142500145332,-0.242535625036333,
-1.17805027903146E-17));
#33030=AXIS2_PLACEMENT_3D('',#33000,#33010,#33020);
#33040=PLANE('',#33030);
#33050=ORIENTED_EDGE('',*,*,#31950,.T.);
#33060=ORIENTED_EDGE('',*,*,#32930,.F.);
#33070=ORIENTED_EDGE('',*,*,#32360,.T.);
#33080=ORIENTED_EDGE('',*,*,#31590,.T.);
#33090=EDGE_LOOP('',(#33080,#33070,#33060,#33050));
#33100=FACE_OUTER_BOUND('',#33090,.T.);
#33110=ADVANCED_FACE('',(#33100),#33040,.F.);
#33120=CARTESIAN_POINT('',(281.884285324447,61.2905594575616,
6.17892796762808));
#33130=DIRECTION('',(1.,4.85722573273506E-17,-9.43705672749744E-33));
#33140=DIRECTION('',(1.17963209093718E-32,-4.85722573273506E-17,1.));
#33150=AXIS2_PLACEMENT_3D('',#33120,#33130,#33140);
#33160=PLANE('',#33150);
#33170=CARTESIAN_POINT('',(281.884285324447,61.361399042275,
7.31600763311753));
#33180=DIRECTION('',(-1.17963209093718E-32,4.85722573273506E-17,-1.));
#33190=VECTOR('',#33180,1.);
#33200=LINE('',#33170,#33190);
#33210=EDGE_CURVE('',#4700,#8100,#33200,.T.);
#33220=ORIENTED_EDGE('',*,*,#33210,.T.);
#33230=ORIENTED_EDGE('',*,*,#4930,.F.);
#33240=ORIENTED_EDGE('',*,*,#14870,.T.);
#33250=ORIENTED_EDGE('',*,*,#8170,.T.);
#33260=EDGE_LOOP('',(#33250,#33240,#33230,#33220));
#33270=FACE_OUTER_BOUND('',#33260,.T.);
#33280=ADVANCED_FACE('',(#33270),#33160,.T.);
#33290=CARTESIAN_POINT('',(281.684285324447,61.311399042275,
7.31600763311753));
#33300=DIRECTION('',(0.242535625036333,-0.970142500145332,
-4.71220111612583E-17));
#33310=DIRECTION('',(-0.970142500145332,-0.242535625036333,
-1.17805027903146E-17));
#33320=AXIS2_PLACEMENT_3D('',#33290,#33300,#33310);
#33330=PLANE('',#33320);
#33340=ORIENTED_EDGE('',*,*,#8110,.T.);
#33350=CARTESIAN_POINT('',(281.484285324447,61.261399042275,
7.31600763311753));
#33360=DIRECTION('',(-1.17963209093718E-32,4.85722573273506E-17,-1.));
#33370=VECTOR('',#33360,1.);
#33380=LINE('',#33350,#33370);
#33390=EDGE_CURVE('',#4680,#7300,#33380,.T.);
#33400=ORIENTED_EDGE('',*,*,#33390,.T.);
#33410=ORIENTED_EDGE('',*,*,#4710,.F.);
#33420=ORIENTED_EDGE('',*,*,#33210,.F.);
#33430=EDGE_LOOP('',(#33420,#33410,#33400,#33340));
#33440=FACE_OUTER_BOUND('',#33430,.T.);
#33450=ADVANCED_FACE('',(#33440),#33330,.T.);
#33460=ORIENTED_EDGE('',*,*,#7460,.T.);
#33470=ORIENTED_EDGE('',*,*,#23700,.T.);
#33480=EDGE_CURVE('',#4680,#23690,#32740,.T.);
#33490=ORIENTED_EDGE('',*,*,#33480,.T.);
#33500=ORIENTED_EDGE('',*,*,#33390,.F.);
#33510=EDGE_LOOP('',(#33500,#33490,#33470,#33460));
#33520=FACE_OUTER_BOUND('',#33510,.T.);
#33530=ADVANCED_FACE('',(#33520),#32870,.T.);
#33540=ORIENTED_EDGE('',*,*,#4790,.T.);
#33550=ORIENTED_EDGE('',*,*,#33480,.F.);
#33560=ORIENTED_EDGE('',*,*,#23780,.F.);
#33570=ORIENTED_EDGE('',*,*,#5410,.F.);
#33580=EDGE_LOOP('',(#33570,#33560,#33550,#33540));
#33590=FACE_OUTER_BOUND('',#33580,.T.);
#33600=ADVANCED_FACE('',(#33590),#32700,.F.);
#33610=CARTESIAN_POINT('',(278.03428531631,65.3613990422738,
6.94100763311849));
#33620=DIRECTION('',(0.707106781186673,-0.707106781186422,
1.14823619762843E-14));
#33630=DIRECTION('',(0.707106781186422,0.707106781186673,
-1.25607396694687E-14));
#33640=AXIS2_PLACEMENT_3D('',#33610,#33620,#33630);
#33650=PLANE('',#33640);
#33660=CARTESIAN_POINT('',(212.672886274059,0.,-17.0508619997415));
#33670=DIRECTION('',(-0.682479477937259,-0.682479477937506,
-0.261617133209267));
#33680=VECTOR('',#33670,1.);
#33690=LINE('',#33660,#33680);
#33700=EDGE_CURVE('',#26850,#14470,#33690,.T.);
#33710=ORIENTED_EDGE('',*,*,#33700,.T.);
#33720=ORIENTED_EDGE('',*,*,#26860,.T.);
#33730=CARTESIAN_POINT('',(212.672886274059,0.,30.9328772659821));
#33740=DIRECTION('',(0.682479477937257,0.682479477937495,
-0.261617133209301));
#33750=VECTOR('',#33740,1.);
#33760=LINE('',#33730,#33750);
#33770=EDGE_CURVE('',#14450,#26770,#33760,.T.);
#33780=ORIENTED_EDGE('',*,*,#33770,.T.);
#33790=ORIENTED_EDGE('',*,*,#14480,.F.);
#33800=EDGE_LOOP('',(#33790,#33780,#33720,#33710));
#33810=FACE_OUTER_BOUND('',#33800,.T.);
#33820=ADVANCED_FACE('',(#33810),#33650,.T.);
#33830=CARTESIAN_POINT('',(278.03428531631,64.6313990422744,
6.94100763311851));
#33840=DIRECTION('',(0.707106781186598,0.707106781186497,
-1.16828182532128E-14));
#33850=DIRECTION('',(0.707106781186497,-0.707106781186598,
1.256073966947E-14));
#33860=AXIS2_PLACEMENT_3D('',#33830,#33840,#33850);
#33870=PLANE('',#33860);
#33880=CARTESIAN_POINT('',(342.665684358574,0.,-18.8976953330832));
#33890=DIRECTION('',(-0.682479477937326,0.682479477937427,
0.2616171332093));
#33900=VECTOR('',#33890,1.);
#33910=LINE('',#33880,#33900);
#33920=EDGE_CURVE('',#9120,#14550,#33910,.T.);
#33930=ORIENTED_EDGE('',*,*,#33920,.T.);
#33940=ORIENTED_EDGE('',*,*,#9130,.T.);
#33950=CARTESIAN_POINT('',(342.665684358575,0.,32.7797105993237));
#33960=DIRECTION('',(0.682479477937324,-0.682479477937416,
0.261617133209333));
#33970=VECTOR('',#33960,1.);
#33980=LINE('',#33950,#33970);
#33990=EDGE_CURVE('',#14630,#9040,#33980,.T.);
#34000=ORIENTED_EDGE('',*,*,#33990,.T.);
#34010=ORIENTED_EDGE('',*,*,#14640,.F.);
#34020=EDGE_LOOP('',(#34010,#34000,#33940,#33930));
#34030=FACE_OUTER_BOUND('',#34020,.T.);
#34040=ADVANCED_FACE('',(#34030),#33870,.T.);
#34050=CARTESIAN_POINT('',(278.034285316309,59.6613990422846,
6.94100763311858));
#34060=DIRECTION('',(-0.707106781186585,-0.70710678118651,
1.25315225537687E-14));
#34070=DIRECTION('',(0.70710678118651,-0.707106781186585,
1.25607396694702E-14));
#34080=AXIS2_PLACEMENT_3D('',#34050,#34060,#34070);
#34090=PLANE('',#34080);
#34100=CARTESIAN_POINT('',(337.695684358587,0.,-16.9925286664232));
#34110=DIRECTION('',(0.682479477937334,-0.682479477937411,
-0.261617133209322));
#34120=VECTOR('',#34110,1.);
#34130=LINE('',#34100,#34120);
#34140=EDGE_CURVE('',#27140,#8560,#34130,.T.);
#34150=ORIENTED_EDGE('',*,*,#34140,.F.);
#34160=ORIENTED_EDGE('',*,*,#8570,.F.);
#34170=CARTESIAN_POINT('',(337.695684358588,0.,30.8745439326616));
#34180=DIRECTION('',(0.682479477937336,-0.682479477937404,
0.261617133209332));
#34190=VECTOR('',#34180,1.);
#34200=LINE('',#34170,#34190);
#34210=EDGE_CURVE('',#27220,#8480,#34200,.T.);
#34220=ORIENTED_EDGE('',*,*,#34210,.T.);
#34230=ORIENTED_EDGE('',*,*,#27230,.T.);
#34240=EDGE_LOOP('',(#34230,#34220,#34160,#34150));
#34250=FACE_OUTER_BOUND('',#34240,.T.);
#34260=ADVANCED_FACE('',(#34250),#34090,.F.);
#34270=CARTESIAN_POINT('',(278.034285316309,60.3913990422847,
6.94100763311858));
#34280=DIRECTION('',(-0.70710678118656,0.707106781186535,
-1.15545501353061E-14));
#34290=DIRECTION('',(0.707106781186535,0.70710678118656,
-1.25607396694707E-14));
#34300=AXIS2_PLACEMENT_3D('',#34270,#34280,#34290);
#34310=PLANE('',#34300);
#34320=CARTESIAN_POINT('',(217.642886274027,0.,-15.1456953330867));
#34330=DIRECTION('',(-0.682479477937362,-0.682479477937391,
-0.261617133209301));
#34340=VECTOR('',#34330,1.);
#34350=LINE('',#34320,#34340);
#34360=EDGE_CURVE('',#25750,#27040,#34350,.T.);
#34370=ORIENTED_EDGE('',*,*,#34360,.T.);
#34380=ORIENTED_EDGE('',*,*,#25760,.F.);
#34390=CARTESIAN_POINT('',(217.642886274027,0.,29.0277105993251));
#34400=DIRECTION('',(-0.682479477937364,-0.682479477937384,
0.261617133209313));
#34410=VECTOR('',#34400,1.);
#34420=LINE('',#34390,#34410);
#34430=EDGE_CURVE('',#25670,#27060,#34420,.T.);
#34440=ORIENTED_EDGE('',*,*,#34430,.F.);
#34450=ORIENTED_EDGE('',*,*,#27070,.T.);
#34460=EDGE_LOOP('',(#34450,#34440,#34380,#34370));
#34470=FACE_OUTER_BOUND('',#34460,.T.);
#34480=ADVANCED_FACE('',(#34470),#34310,.F.);
#34490=CARTESIAN_POINT('',(279.43428531631,64.996399042274,
5.34100763311745));
#34500=DIRECTION('',(0.357936011632458,1.87370653256357E-14,
0.933746117302047));
#34510=DIRECTION('',(0.933746117302047,-4.86542115174999E-14,
-0.357936011632458));
#34520=AXIS2_PLACEMENT_3D('',#34490,#34500,#34510);
#34530=PLANE('',#34520);
#34540=ORIENTED_EDGE('',*,*,#33770,.F.);
#34550=ORIENTED_EDGE('',*,*,#26780,.T.);
#34560=ORIENTED_EDGE('',*,*,#26010,.T.);
#34570=ORIENTED_EDGE('',*,*,#4390,.F.);
#34580=ORIENTED_EDGE('',*,*,#24440,.T.);
#34590=ORIENTED_EDGE('',*,*,#9210,.T.);
#34600=ORIENTED_EDGE('',*,*,#33920,.F.);
#34610=ORIENTED_EDGE('',*,*,#14560,.F.);
#34620=EDGE_LOOP('',(#34610,#34600,#34590,#34580,#34570,#34560,#34550,
#34540));
#34630=FACE_OUTER_BOUND('',#34620,.T.);
#34640=ADVANCED_FACE('',(#34630),#34530,.T.);
#34650=CARTESIAN_POINT('',(279.434285316309,60.0263990422846,
5.34100763311753));
#34660=DIRECTION('',(0.357936011632453,-1.39990658915158E-14,
0.933746117302049));
#34670=DIRECTION('',(0.933746117302049,-3.31733260346585E-14,
-0.357936011632453));
#34680=AXIS2_PLACEMENT_3D('',#34650,#34660,#34670);
#34690=PLANE('',#34680);
#34700=ORIENTED_EDGE('',*,*,#34430,.T.);
#34710=ORIENTED_EDGE('',*,*,#25680,.T.);
#34720=ORIENTED_EDGE('',*,*,#24230,.T.);
#34730=ORIENTED_EDGE('',*,*,#15040,.T.);
#34740=ORIENTED_EDGE('',*,*,#11460,.T.);
#34750=ORIENTED_EDGE('',*,*,#8650,.T.);
#34760=ORIENTED_EDGE('',*,*,#34140,.T.);
#34770=ORIENTED_EDGE('',*,*,#27150,.F.);
#34780=EDGE_LOOP('',(#34770,#34760,#34750,#34740,#34730,#34720,#34710,
#34700));
#34790=FACE_OUTER_BOUND('',#34780,.T.);
#34800=ADVANCED_FACE('',(#34790),#34690,.T.);
#34810=CARTESIAN_POINT('',(279.43428531631,64.996399042274,
8.54100763311954));
#34820=DIRECTION('',(0.357936011632458,-2.83163268649993E-14,
-0.933746117302047));
#34830=DIRECTION('',(0.933746117302047,-3.09617709656818E-14,
0.357936011632458));
#34840=AXIS2_PLACEMENT_3D('',#34810,#34820,#34830);
#34850=PLANE('',#34840);
#34860=ORIENTED_EDGE('',*,*,#33990,.F.);
#34870=ORIENTED_EDGE('',*,*,#9050,.T.);
#34880=ORIENTED_EDGE('',*,*,#21410,.T.);
#34890=ORIENTED_EDGE('',*,*,#26920,.T.);
#34900=ORIENTED_EDGE('',*,*,#33700,.F.);
#34910=ORIENTED_EDGE('',*,*,#14700,.F.);
#34920=EDGE_LOOP('',(#34910,#34900,#34890,#34880,#34870,#34860));
#34930=FACE_OUTER_BOUND('',#34920,.T.);
#34940=ADVANCED_FACE('',(#34930),#34850,.T.);
#34950=CARTESIAN_POINT('',(279.434285316309,60.0263990422846,
8.54100763311963));
#34960=DIRECTION('',(-0.357936011632452,2.83163268649991E-14,
0.93374611730205));
#34970=DIRECTION('',(0.93374611730205,-2.65386608277268E-14,
0.357936011632452));
#34980=AXIS2_PLACEMENT_3D('',#34950,#34960,#34970);
#34990=PLANE('',#34980);
#35000=ORIENTED_EDGE('',*,*,#34210,.F.);
#35010=ORIENTED_EDGE('',*,*,#8490,.F.);
#35020=ORIENTED_EDGE('',*,*,#21590,.F.);
#35030=ORIENTED_EDGE('',*,*,#25820,.F.);
#35040=ORIENTED_EDGE('',*,*,#34360,.F.);
#35050=ORIENTED_EDGE('',*,*,#27290,.T.);
#35060=EDGE_LOOP('',(#35050,#35040,#35030,#35020,#35010,#35000));
#35070=FACE_OUTER_BOUND('',#35060,.T.);
#35080=ADVANCED_FACE('',(#35070),#34990,.F.);
#35090=CLOSED_SHELL('',(#2240,#2560,#2870,#3270,#3590,#4010,#4570,#4970,
#5290,#5670,#6140,#6790,#7190,#7500,#7900,#8210,#8750,#9470,#9870,#10200
,#10370,#10610,#10930,#11330,#11570,#11860,#12150,#12620,#14340,#14740,
#14910,#15310,#15620,#15990,#16230,#16540,#16850,#17100,#17270,#17860,
#18150,#18460,#18680,#18970,#19140,#19310,#19550,#19720,#19890,#20010,
#20130,#20300,#20620,#21010,#21230,#21650,#21770,#22080,#22250,#22440,
#22620,#22880,#23000,#23170,#23290,#23410,#23580,#24540,#24760,#24930,
#25050,#25300,#25480,#25880,#26120,#26290,#26410,#26530,#26650,#26980,
#27330,#27450,#27570,#27970,#28280,#28520,#28760,#28980,#29150,#29320,
#29490,#29610,#30010,#30320,#30410,#30560,#30730,#30970,#31140,#31220,
#31290,#31690,#32000,#32240,#32480,#32570,#32650,#32820,#32990,#33110,
#33280,#33450,#33530,#33600,#33820,#34040,#34260,#34480,#34640,#34800,
#34940,#35080));
#35100=MANIFOLD_SOLID_BREP('',#35090);
#35110=CARTESIAN_POINT('',(0.,0.,0.));
#35120=DIRECTION('',(0.,0.,1.));
#35130=DIRECTION('',(1.,0.,0.));
#35140=AXIS2_PLACEMENT_3D('',#35110,#35120,#35130);
#35150=APPLICATION_CONTEXT(' ');
#35160=APPLICATION_PROTOCOL_DEFINITION(' ','automotive_design',1998,
#35150);
#35170=PRODUCT_CONTEXT('',#35150,'mechanical');
#35180=PRODUCT_DEFINITION_CONTEXT('part definition',#35150,'design');
#35190=PRODUCT('DF51K-2P-2DSA','DF51K-2P-2DSA','',(#35170));
#35200=PRODUCT_RELATED_PRODUCT_CATEGORY('part',' ',(#35190));
#35210=PRODUCT_DEFINITION_FORMATION_WITH_SPECIFIED_SOURCE('','',#35190,
.BOUGHT.);
#35220=PRODUCT_DEFINITION('',' ',#35210,#35180);
#35230=PRODUCT_DEFINITION_SHAPE('','',#35220);
#35240=DIMENSIONAL_EXPONENTS(1.,0.,0.,0.,0.,0.,0.);
#35250=DIMENSIONAL_EXPONENTS(0.,0.,0.,0.,0.,0.,0.);
#35260=DIMENSIONAL_EXPONENTS(0.,0.,0.,0.,0.,0.,0.);
#35270=(LENGTH_UNIT() NAMED_UNIT(*) SI_UNIT(.MILLI.,.METRE.));
#35280=(NAMED_UNIT(*) PLANE_ANGLE_UNIT() SI_UNIT($,.RADIAN.));
#35290=(NAMED_UNIT(*) SI_UNIT($,.STERADIAN.) SOLID_ANGLE_UNIT());
#35300=(GEOMETRIC_REPRESENTATION_CONTEXT(3) 
GLOBAL_UNCERTAINTY_ASSIGNED_CONTEXT((#35310)) 
GLOBAL_UNIT_ASSIGNED_CONTEXT((#35270,#35280,#35290)) 
REPRESENTATION_CONTEXT('',''));
#35310=UNCERTAINTY_MEASURE_WITH_UNIT(LENGTH_MEASURE(0.006),#35270,
'distance_accuracy_value','maximum gap value');
#35320=ADVANCED_BREP_SHAPE_REPRESENTATION('',(#35140,#35100),#35300);
#35330=SHAPE_DEFINITION_REPRESENTATION(#35230,#35320);
#35340=COLOUR_RGB('',0.352941185235977,0.352941185235977,
0.352941185235977);
#35350=FILL_AREA_STYLE_COLOUR('',#35340);
#35360=FILL_AREA_STYLE('',(#35350));
#35370=SURFACE_STYLE_FILL_AREA(#35360);
#35380=SURFACE_SIDE_STYLE('',(#35370));
#35390=SURFACE_STYLE_USAGE(.BOTH.,#35380);
#35400=PRESENTATION_STYLE_ASSIGNMENT((#35390));
#35410=STYLED_ITEM('',(#35400),#35100);
#35420=DRAUGHTING_MODEL('',(#35410),#35300);
#35430=CARTESIAN_POINT('',(62.5130374306994,281.66508309031,
6.7827925415001));
#35440=DIRECTION('',(0.,0.,-1.));
#35450=DIRECTION('',(0.,-1.,0.));
#35460=AXIS2_PLACEMENT_3D('',#35430,#35440,#35450);
#35470=ITEM_DEFINED_TRANSFORMATION('DF51K-2P-2DSA','',#35140,#35460);
#35480=APPLICATION_CONTEXT(' ');
#35490=APPLICATION_PROTOCOL_DEFINITION(' ','automotive_design',1998,
#35480);
#35500=PRODUCT_CONTEXT('',#35480,'mechanical');
#35510=PRODUCT_DEFINITION_CONTEXT('part definition',#35480,'design');
#35520=PRODUCT('DF51K-2P-2DSA','DF51K-2P-2DSA','',(#35500));
#35530=PRODUCT_RELATED_PRODUCT_CATEGORY('part',' ',(#35520));
#35540=PRODUCT_DEFINITION_FORMATION_WITH_SPECIFIED_SOURCE('','',#35520,
.BOUGHT.);
#35550=PRODUCT_DEFINITION('',' ',#35540,#35510);
#35560=PRODUCT_DEFINITION_SHAPE('','',#35550);
#35570=DIMENSIONAL_EXPONENTS(1.,0.,0.,0.,0.,0.,0.);
#35580=DIMENSIONAL_EXPONENTS(0.,0.,0.,0.,0.,0.,0.);
#35590=DIMENSIONAL_EXPONENTS(0.,0.,0.,0.,0.,0.,0.);
#35600=(LENGTH_UNIT() NAMED_UNIT(*) SI_UNIT(.MILLI.,.METRE.));
#35610=(NAMED_UNIT(*) PLANE_ANGLE_UNIT() SI_UNIT($,.RADIAN.));
#35620=(NAMED_UNIT(*) SI_UNIT($,.STERADIAN.) SOLID_ANGLE_UNIT());
#35630=(GEOMETRIC_REPRESENTATION_CONTEXT(3) 
GLOBAL_UNCERTAINTY_ASSIGNED_CONTEXT((#35640)) 
GLOBAL_UNIT_ASSIGNED_CONTEXT((#35600,#35610,#35620)) 
REPRESENTATION_CONTEXT('',''));
#35640=UNCERTAINTY_MEASURE_WITH_UNIT(LENGTH_MEASURE(0.006),#35600,
'distance_accuracy_value','maximum gap value');
#35650=SHAPE_REPRESENTATION('',(#35140,#35460),#35630);
#35660=SHAPE_DEFINITION_REPRESENTATION(#35560,#35650);
#35670=(REPRESENTATION_RELATIONSHIP('','',#35320,#35650) 
REPRESENTATION_RELATIONSHIP_WITH_TRANSFORMATION(#35470) 
SHAPE_REPRESENTATION_RELATIONSHIP());
#35680=NEXT_ASSEMBLY_USAGE_OCCURRENCE('1','','DF51K-2P-2DSA',#35550,
#35220,'');
#35690=PRODUCT_DEFINITION_SHAPE('','',#35680);
#35700=CONTEXT_DEPENDENT_SHAPE_REPRESENTATION(#35670,#35690);
ENDSEC;
END-ISO-10303-21;
