ISO-10303-21;
HEADER;
/* Generated by software containing ST-Developer
 * from STEP Tools, Inc. (www.steptools.com) 
 */

FILE_DESCRIPTION(
/* description */ (''),
/* implementation_level */ '2;1');

FILE_NAME(
/* name */ 'Illum driver enclosure redux v1b.step',
/* time_stamp */ '2026-10-08T16:44:34+08:00',
/* author */ (''),
/* organization */ (''),
/* preprocessor_version */ 'ST-DEVELOPER v20.2',
/* originating_system */ 'Autodesk Translation Framework v15.15.0.0',
/* authorisation */ '');

FILE_SCHEMA (('AUTOMOTIVE_DESIGN { 1 0 10303 214 3 1 1 }'));
ENDSEC;

DATA;
#10=MECHANICAL_DESIGN_GEOMETRIC_PRESENTATION_REPRESENTATION('',(#13,#14),
#11785);
#11=SHAPE_REPRESENTATION_RELATIONSHIP('SRR','None',#11791,#12);
#12=ADVANCED_BREP_SHAPE_REPRESENTATION('',(#15,#16),#11784);
#13=STYLED_ITEM('',(#11800),#15);
#14=STYLED_ITEM('',(#11800),#16);
#15=MANIFOLD_SOLID_BREP('Body1',#7215);
#16=MANIFOLD_SOLID_BREP('Body3',#7216);
#17=(
BOUNDED_CURVE()
B_SPLINE_CURVE(2,(#10191,#10192,#10193,#10194,#10195),.UNSPECIFIED.,.F.,
 .F.)
B_SPLINE_CURVE_WITH_KNOTS((3,2,3),(0.201303127063923,0.26838587207378,0.442224789295081),
 .UNSPECIFIED.)
CURVE()
GEOMETRIC_REPRESENTATION_ITEM()
RATIONAL_B_SPLINE_CURVE((1.40423577168831,1.45204879292968,1.48683787590468,
1.53259740263083,1.48683787590468))
REPRESENTATION_ITEM('')
);
#18=(
BOUNDED_CURVE()
B_SPLINE_CURVE(2,(#10563,#10564,#10565),.UNSPECIFIED.,.F.,.F.)
B_SPLINE_CURVE_WITH_KNOTS((3,3),(0.,0.0363814194468974),.UNSPECIFIED.)
CURVE()
GEOMETRIC_REPRESENTATION_ITEM()
RATIONAL_B_SPLINE_CURVE((1.,1.,1.))
REPRESENTATION_ITEM('')
);
#19=(
BOUNDED_CURVE()
B_SPLINE_CURVE(2,(#10590,#10591,#10592),.UNSPECIFIED.,.F.,.F.)
B_SPLINE_CURVE_WITH_KNOTS((3,3),(0.,0.0363814264196769),.UNSPECIFIED.)
CURVE()
GEOMETRIC_REPRESENTATION_ITEM()
RATIONAL_B_SPLINE_CURVE((1.,1.,1.))
REPRESENTATION_ITEM('')
);
#20=(
BOUNDED_CURVE()
B_SPLINE_CURVE(2,(#10608,#10609,#10610),.UNSPECIFIED.,.F.,.F.)
B_SPLINE_CURVE_WITH_KNOTS((3,3),(0.327066087805114,0.37347541686257),
 .UNSPECIFIED.)
CURVE()
GEOMETRIC_REPRESENTATION_ITEM()
RATIONAL_B_SPLINE_CURVE((1.11764697348329,1.09149629663347,1.05555551749487))
REPRESENTATION_ITEM('')
);
#21=(
BOUNDED_CURVE()
B_SPLINE_CURVE(2,(#10611,#10612,#10613),.UNSPECIFIED.,.F.,.F.)
B_SPLINE_CURVE_WITH_KNOTS((3,3),(0.203100570528158,0.327066087805114),
 .UNSPECIFIED.)
CURVE()
GEOMETRIC_REPRESENTATION_ITEM()
RATIONAL_B_SPLINE_CURVE((1.1874989402484,1.18749892456013,1.11764697348329))
REPRESENTATION_ITEM('')
);
#22=(
BOUNDED_CURVE()
B_SPLINE_CURVE(2,(#11651,#11652,#11653),.UNSPECIFIED.,.F.,.F.)
B_SPLINE_CURVE_WITH_KNOTS((3,3),(0.,0.0353729106304589),.UNSPECIFIED.)
CURVE()
GEOMETRIC_REPRESENTATION_ITEM()
RATIONAL_B_SPLINE_CURVE((1.,1.00223410441564,1.))
REPRESENTATION_ITEM('')
);
#23=ELLIPSE('',#7305,3.83274023620723,3.22293752522546);
#24=ELLIPSE('',#7604,1.41421356237309,1.);
#25=FACE_BOUND('',#630,.T.);
#26=FACE_BOUND('',#631,.T.);
#27=FACE_BOUND('',#632,.T.);
#28=FACE_BOUND('',#633,.T.);
#29=FACE_BOUND('',#634,.T.);
#30=FACE_BOUND('',#635,.T.);
#31=FACE_BOUND('',#642,.T.);
#32=FACE_BOUND('',#643,.T.);
#33=FACE_BOUND('',#644,.T.);
#34=FACE_BOUND('',#645,.T.);
#35=FACE_BOUND('',#646,.T.);
#36=FACE_BOUND('',#647,.T.);
#37=FACE_BOUND('',#789,.T.);
#38=FACE_BOUND('',#790,.T.);
#39=FACE_BOUND('',#828,.T.);
#40=FACE_BOUND('',#830,.T.);
#41=FACE_BOUND('',#913,.T.);
#42=FACE_BOUND('',#914,.T.);
#43=FACE_BOUND('',#1001,.T.);
#44=FACE_BOUND('',#1006,.T.);
#45=FACE_BOUND('',#1036,.T.);
#46=FACE_BOUND('',#1038,.T.);
#47=CONICAL_SURFACE('',#7223,1.47499997082343,0.785398163397457);
#48=CONICAL_SURFACE('',#7227,1.475,0.785398163397457);
#49=CONICAL_SURFACE('',#7237,1.475,0.785398163397457);
#50=CONICAL_SURFACE('',#7241,1.47499997082343,0.785398163397457);
#51=CONICAL_SURFACE('',#7306,1.875,0.785398163397463);
#52=CONICAL_SURFACE('',#7309,1.875,0.785398163397458);
#53=CONICAL_SURFACE('',#7312,2.125,0.785398163397446);
#54=CONICAL_SURFACE('',#7314,0.874999999999999,0.785398163397455);
#55=CONICAL_SURFACE('',#7317,1.875,0.785398163397446);
#56=CONICAL_SURFACE('',#7320,1.875,0.785398163397469);
#57=CONICAL_SURFACE('',#7343,2.125,0.785398163397444);
#58=CONICAL_SURFACE('',#7345,0.874999999999999,0.785398163397455);
#59=CONICAL_SURFACE('',#7373,1.825,0.785398163397451);
#60=CONICAL_SURFACE('',#7377,1.825,0.785398163397447);
#61=CONICAL_SURFACE('',#7394,1.875,0.785398163397447);
#62=CONICAL_SURFACE('',#7398,1.875,0.785398163397448);
#63=CONICAL_SURFACE('',#7408,1.875,0.785398163397448);
#64=CONICAL_SURFACE('',#7411,1.875,0.785398163397449);
#65=CONICAL_SURFACE('',#7414,1.875,0.785398163397467);
#66=CONICAL_SURFACE('',#7417,1.875,0.785398163397467);
#67=CONICAL_SURFACE('',#7425,2.125,0.785398163397444);
#68=CONICAL_SURFACE('',#7430,2.125,0.78539816339745);
#69=CONICAL_SURFACE('',#7547,3.06500000186264,0.785398163397445);
#70=CONICAL_SURFACE('',#7561,3.06500000186264,0.785398163397445);
#71=CONICAL_SURFACE('',#7573,1.875,0.785398163397446);
#72=CONICAL_SURFACE('',#7576,1.875,0.785398163397449);
#73=CONICAL_SURFACE('',#7579,2.125,0.785398163397452);
#74=CONICAL_SURFACE('',#7582,2.125,0.785398163397445);
#75=CONICAL_SURFACE('',#7585,1.875,0.785398163397455);
#76=CONICAL_SURFACE('',#7588,1.875,0.78539816339745);
#77=CONICAL_SURFACE('',#7591,1.875,0.78539816339745);
#78=CONICAL_SURFACE('',#7595,1.875,0.78539816339745);
#79=CONICAL_SURFACE('',#7599,0.874999999999999,0.785398163397454);
#80=CONICAL_SURFACE('',#7661,1.875,0.785398163397447);
#81=CONICAL_SURFACE('',#7664,1.875,0.785398163397447);
#82=CONICAL_SURFACE('',#7667,1.875,0.78539816339745);
#83=CONICAL_SURFACE('',#7680,1.875,0.785398163397446);
#84=CONICAL_SURFACE('',#7682,1.875,0.785398163397453);
#85=CONICAL_SURFACE('',#7684,1.875,0.785398163397447);
#86=B_SPLINE_SURFACE_WITH_KNOTS('',3,3,((#9633,#9634,#9635,#9636),(#9637,
#9638,#9639,#9640),(#9641,#9642,#9643,#9644),(#9645,#9646,#9647,#9648)),
 .UNSPECIFIED.,.F.,.F.,.F.,(4,4),(4,4),(0.,1.00002201670199),(1.52299123954462,
1.5707963267949),.UNSPECIFIED.);
#87=B_SPLINE_SURFACE_WITH_KNOTS('',3,3,((#10283,#10284,#10285,#10286),(#10287,
#10288,#10289,#10290),(#10291,#10292,#10293,#10294),(#10295,#10296,#10297,
#10298)),.UNSPECIFIED.,.F.,.F.,.F.,(4,4),(4,4),(0.,1.),(0.586936171890787,
1.5229913451988),.UNSPECIFIED.);
#88=B_SPLINE_SURFACE_WITH_KNOTS('',3,3,((#10313,#10314,#10315,#10316),(#10317,
#10318,#10319,#10320),(#10321,#10322,#10323,#10324),(#10325,#10326,#10327,
#10328)),.UNSPECIFIED.,.F.,.F.,.F.,(4,4),(4,4),(0.,1.),(0.611396103066387,
0.646751442125891),.UNSPECIFIED.);
#89=B_SPLINE_SURFACE_WITH_KNOTS('',3,3,((#11380,#11381,#11382,#11383,#11384),
(#11385,#11386,#11387,#11388,#11389),(#11390,#11391,#11392,#11393,#11394),
(#11395,#11396,#11397,#11398,#11399)),.UNSPECIFIED.,.F.,.F.,.F.,(4,4),(4,
1,4),(0.,1.),(-8.05946764742108E-14,0.631816584156678,1.47423869636569),
 .UNSPECIFIED.);
#90=B_SPLINE_SURFACE_WITH_KNOTS('',3,3,((#11460,#11461,#11462,#11463),(#11464,
#11465,#11466,#11467),(#11468,#11469,#11470,#11471),(#11472,#11473,#11474,
#11475)),.UNSPECIFIED.,.F.,.F.,.F.,(4,4),(4,4),(0.,1.),(1.47423869636567,
1.5707963267949),.UNSPECIFIED.);
#91=CIRCLE('',#7221,2.);
#92=CIRCLE('',#7222,2.);
#93=CIRCLE('',#7224,1.34999997082343);
#94=CIRCLE('',#7225,1.59999997082344);
#95=CIRCLE('',#7228,1.35);
#96=CIRCLE('',#7229,1.6);
#97=CIRCLE('',#7233,1.34999997082343);
#98=CIRCLE('',#7235,0.749999999999997);
#99=CIRCLE('',#7236,2.25);
#100=CIRCLE('',#7238,1.6);
#101=CIRCLE('',#7239,1.35);
#102=CIRCLE('',#7242,1.59999997082344);
#103=CIRCLE('',#7246,1.74999999999999);
#104=CIRCLE('',#7247,1.75);
#105=CIRCLE('',#7248,2.25);
#106=CIRCLE('',#7249,0.749999999999998);
#107=CIRCLE('',#7250,1.75);
#108=CIRCLE('',#7251,1.74999999999999);
#109=CIRCLE('',#7307,2.);
#110=CIRCLE('',#7310,2.);
#111=CIRCLE('',#7315,1.);
#112=CIRCLE('',#7318,2.);
#113=CIRCLE('',#7321,2.);
#114=CIRCLE('',#7325,2.);
#115=CIRCLE('',#7328,2.);
#116=CIRCLE('',#7331,1.);
#117=CIRCLE('',#7335,2.);
#118=CIRCLE('',#7338,2.);
#119=CIRCLE('',#7374,1.7);
#120=CIRCLE('',#7375,1.95);
#121=CIRCLE('',#7378,1.7);
#122=CIRCLE('',#7379,1.95);
#123=CIRCLE('',#7383,1.7);
#124=CIRCLE('',#7384,1.7);
#125=CIRCLE('',#7385,1.7);
#126=CIRCLE('',#7388,1.7);
#127=CIRCLE('',#7389,1.7);
#128=CIRCLE('',#7390,1.7);
#129=CIRCLE('',#7395,2.);
#130=CIRCLE('',#7396,1.75);
#131=CIRCLE('',#7399,2.);
#132=CIRCLE('',#7400,1.75);
#133=CIRCLE('',#7403,2.);
#134=CIRCLE('',#7406,2.);
#135=CIRCLE('',#7409,1.75);
#136=CIRCLE('',#7412,1.75);
#137=CIRCLE('',#7415,1.74999999999999);
#138=CIRCLE('',#7418,2.);
#139=CIRCLE('',#7419,1.74999999999999);
#140=CIRCLE('',#7426,2.25);
#141=CIRCLE('',#7428,2.25);
#142=CIRCLE('',#7452,2.);
#143=CIRCLE('',#7454,2.);
#144=CIRCLE('',#7460,2.);
#145=CIRCLE('',#7463,2.);
#146=CIRCLE('',#7548,3.19000000372529);
#147=CIRCLE('',#7549,2.94);
#148=CIRCLE('',#7551,1.75);
#149=CIRCLE('',#7552,1.75);
#150=CIRCLE('',#7553,1.75);
#151=CIRCLE('',#7554,2.25);
#152=CIRCLE('',#7555,2.25);
#153=CIRCLE('',#7556,1.75);
#154=CIRCLE('',#7557,1.75);
#155=CIRCLE('',#7558,3.19000000372529);
#156=CIRCLE('',#7560,2.94);
#157=CIRCLE('',#7562,2.94);
#158=CIRCLE('',#7564,2.94);
#159=CIRCLE('',#7574,2.);
#160=CIRCLE('',#7577,2.);
#161=CIRCLE('',#7580,2.);
#162=CIRCLE('',#7583,2.);
#163=CIRCLE('',#7586,2.);
#164=CIRCLE('',#7589,2.);
#165=CIRCLE('',#7592,2.);
#166=CIRCLE('',#7596,1.75);
#167=CIRCLE('',#7597,2.);
#168=CIRCLE('',#7600,0.749999999999998);
#169=CIRCLE('',#7601,1.);
#170=CIRCLE('',#7607,2.);
#171=CIRCLE('',#7631,2.);
#172=CIRCLE('',#7632,2.);
#173=CIRCLE('',#7638,2.);
#174=CIRCLE('',#7639,2.);
#175=CIRCLE('',#7642,2.);
#176=CIRCLE('',#7644,2.);
#177=CIRCLE('',#7649,2.);
#178=CIRCLE('',#7652,2.);
#179=CIRCLE('',#7662,1.75);
#180=CIRCLE('',#7665,1.75);
#181=CIRCLE('',#7668,1.75);
#182=CIRCLE('',#7670,1.75);
#183=CIRCLE('',#7675,1.75);
#184=CIRCLE('',#7676,1.75);
#185=CIRCLE('',#7677,1.75);
#186=CIRCLE('',#7678,1.7);
#187=CIRCLE('',#7708,1.7);
#188=CIRCLE('',#7710,1.75);
#189=CYLINDRICAL_SURFACE('',#7220,2.);
#190=CYLINDRICAL_SURFACE('',#7232,1.34999997082343);
#191=CYLINDRICAL_SURFACE('',#7244,1.35);
#192=CYLINDRICAL_SURFACE('',#7324,2.);
#193=CYLINDRICAL_SURFACE('',#7327,2.);
#194=CYLINDRICAL_SURFACE('',#7330,1.);
#195=CYLINDRICAL_SURFACE('',#7334,2.);
#196=CYLINDRICAL_SURFACE('',#7337,2.);
#197=CYLINDRICAL_SURFACE('',#7382,1.7);
#198=CYLINDRICAL_SURFACE('',#7387,1.7);
#199=CYLINDRICAL_SURFACE('',#7402,2.);
#200=CYLINDRICAL_SURFACE('',#7405,2.);
#201=CYLINDRICAL_SURFACE('',#7421,2.);
#202=CYLINDRICAL_SURFACE('',#7459,2.);
#203=CYLINDRICAL_SURFACE('',#7462,2.);
#204=CYLINDRICAL_SURFACE('',#7559,2.94);
#205=CYLINDRICAL_SURFACE('',#7563,2.94);
#206=CYLINDRICAL_SURFACE('',#7603,1.);
#207=CYLINDRICAL_SURFACE('',#7606,2.);
#208=CYLINDRICAL_SURFACE('',#7637,2.);
#209=CYLINDRICAL_SURFACE('',#7641,2.);
#210=CYLINDRICAL_SURFACE('',#7643,2.);
#211=CYLINDRICAL_SURFACE('',#7645,2.);
#212=CYLINDRICAL_SURFACE('',#7646,2.);
#213=CYLINDRICAL_SURFACE('',#7648,2.);
#214=CYLINDRICAL_SURFACE('',#7651,2.);
#215=CYLINDRICAL_SURFACE('',#7711,1.75);
#216=CYLINDRICAL_SURFACE('',#7712,1.7);
#217=FACE_OUTER_BOUND('',#619,.T.);
#218=FACE_OUTER_BOUND('',#620,.T.);
#219=FACE_OUTER_BOUND('',#621,.T.);
#220=FACE_OUTER_BOUND('',#622,.T.);
#221=FACE_OUTER_BOUND('',#623,.T.);
#222=FACE_OUTER_BOUND('',#624,.T.);
#223=FACE_OUTER_BOUND('',#625,.T.);
#224=FACE_OUTER_BOUND('',#626,.T.);
#225=FACE_OUTER_BOUND('',#627,.T.);
#226=FACE_OUTER_BOUND('',#628,.T.);
#227=FACE_OUTER_BOUND('',#629,.T.);
#228=FACE_OUTER_BOUND('',#636,.T.);
#229=FACE_OUTER_BOUND('',#637,.T.);
#230=FACE_OUTER_BOUND('',#638,.T.);
#231=FACE_OUTER_BOUND('',#639,.T.);
#232=FACE_OUTER_BOUND('',#640,.T.);
#233=FACE_OUTER_BOUND('',#641,.T.);
#234=FACE_OUTER_BOUND('',#648,.T.);
#235=FACE_OUTER_BOUND('',#649,.T.);
#236=FACE_OUTER_BOUND('',#650,.T.);
#237=FACE_OUTER_BOUND('',#651,.T.);
#238=FACE_OUTER_BOUND('',#652,.T.);
#239=FACE_OUTER_BOUND('',#653,.T.);
#240=FACE_OUTER_BOUND('',#654,.T.);
#241=FACE_OUTER_BOUND('',#655,.T.);
#242=FACE_OUTER_BOUND('',#656,.T.);
#243=FACE_OUTER_BOUND('',#657,.T.);
#244=FACE_OUTER_BOUND('',#658,.T.);
#245=FACE_OUTER_BOUND('',#659,.T.);
#246=FACE_OUTER_BOUND('',#660,.T.);
#247=FACE_OUTER_BOUND('',#661,.T.);
#248=FACE_OUTER_BOUND('',#662,.T.);
#249=FACE_OUTER_BOUND('',#663,.T.);
#250=FACE_OUTER_BOUND('',#664,.T.);
#251=FACE_OUTER_BOUND('',#665,.T.);
#252=FACE_OUTER_BOUND('',#666,.T.);
#253=FACE_OUTER_BOUND('',#667,.T.);
#254=FACE_OUTER_BOUND('',#668,.T.);
#255=FACE_OUTER_BOUND('',#669,.T.);
#256=FACE_OUTER_BOUND('',#670,.T.);
#257=FACE_OUTER_BOUND('',#671,.T.);
#258=FACE_OUTER_BOUND('',#672,.T.);
#259=FACE_OUTER_BOUND('',#673,.T.);
#260=FACE_OUTER_BOUND('',#674,.T.);
#261=FACE_OUTER_BOUND('',#675,.T.);
#262=FACE_OUTER_BOUND('',#676,.T.);
#263=FACE_OUTER_BOUND('',#677,.T.);
#264=FACE_OUTER_BOUND('',#678,.T.);
#265=FACE_OUTER_BOUND('',#679,.T.);
#266=FACE_OUTER_BOUND('',#680,.T.);
#267=FACE_OUTER_BOUND('',#681,.T.);
#268=FACE_OUTER_BOUND('',#682,.T.);
#269=FACE_OUTER_BOUND('',#683,.T.);
#270=FACE_OUTER_BOUND('',#684,.T.);
#271=FACE_OUTER_BOUND('',#685,.T.);
#272=FACE_OUTER_BOUND('',#686,.T.);
#273=FACE_OUTER_BOUND('',#687,.T.);
#274=FACE_OUTER_BOUND('',#688,.T.);
#275=FACE_OUTER_BOUND('',#689,.T.);
#276=FACE_OUTER_BOUND('',#690,.T.);
#277=FACE_OUTER_BOUND('',#691,.T.);
#278=FACE_OUTER_BOUND('',#692,.T.);
#279=FACE_OUTER_BOUND('',#693,.T.);
#280=FACE_OUTER_BOUND('',#694,.T.);
#281=FACE_OUTER_BOUND('',#695,.T.);
#282=FACE_OUTER_BOUND('',#696,.T.);
#283=FACE_OUTER_BOUND('',#697,.T.);
#284=FACE_OUTER_BOUND('',#698,.T.);
#285=FACE_OUTER_BOUND('',#699,.T.);
#286=FACE_OUTER_BOUND('',#700,.T.);
#287=FACE_OUTER_BOUND('',#701,.T.);
#288=FACE_OUTER_BOUND('',#702,.T.);
#289=FACE_OUTER_BOUND('',#703,.T.);
#290=FACE_OUTER_BOUND('',#704,.T.);
#291=FACE_OUTER_BOUND('',#705,.T.);
#292=FACE_OUTER_BOUND('',#706,.T.);
#293=FACE_OUTER_BOUND('',#707,.T.);
#294=FACE_OUTER_BOUND('',#708,.T.);
#295=FACE_OUTER_BOUND('',#709,.T.);
#296=FACE_OUTER_BOUND('',#710,.T.);
#297=FACE_OUTER_BOUND('',#711,.T.);
#298=FACE_OUTER_BOUND('',#712,.T.);
#299=FACE_OUTER_BOUND('',#713,.T.);
#300=FACE_OUTER_BOUND('',#714,.T.);
#301=FACE_OUTER_BOUND('',#715,.T.);
#302=FACE_OUTER_BOUND('',#716,.T.);
#303=FACE_OUTER_BOUND('',#717,.T.);
#304=FACE_OUTER_BOUND('',#718,.T.);
#305=FACE_OUTER_BOUND('',#719,.T.);
#306=FACE_OUTER_BOUND('',#720,.T.);
#307=FACE_OUTER_BOUND('',#721,.T.);
#308=FACE_OUTER_BOUND('',#722,.T.);
#309=FACE_OUTER_BOUND('',#723,.T.);
#310=FACE_OUTER_BOUND('',#724,.T.);
#311=FACE_OUTER_BOUND('',#725,.T.);
#312=FACE_OUTER_BOUND('',#726,.T.);
#313=FACE_OUTER_BOUND('',#727,.T.);
#314=FACE_OUTER_BOUND('',#728,.T.);
#315=FACE_OUTER_BOUND('',#729,.T.);
#316=FACE_OUTER_BOUND('',#730,.T.);
#317=FACE_OUTER_BOUND('',#731,.T.);
#318=FACE_OUTER_BOUND('',#732,.T.);
#319=FACE_OUTER_BOUND('',#733,.T.);
#320=FACE_OUTER_BOUND('',#734,.T.);
#321=FACE_OUTER_BOUND('',#735,.T.);
#322=FACE_OUTER_BOUND('',#736,.T.);
#323=FACE_OUTER_BOUND('',#737,.T.);
#324=FACE_OUTER_BOUND('',#738,.T.);
#325=FACE_OUTER_BOUND('',#739,.T.);
#326=FACE_OUTER_BOUND('',#740,.T.);
#327=FACE_OUTER_BOUND('',#741,.T.);
#328=FACE_OUTER_BOUND('',#742,.T.);
#329=FACE_OUTER_BOUND('',#743,.T.);
#330=FACE_OUTER_BOUND('',#744,.T.);
#331=FACE_OUTER_BOUND('',#745,.T.);
#332=FACE_OUTER_BOUND('',#746,.T.);
#333=FACE_OUTER_BOUND('',#747,.T.);
#334=FACE_OUTER_BOUND('',#748,.T.);
#335=FACE_OUTER_BOUND('',#749,.T.);
#336=FACE_OUTER_BOUND('',#750,.T.);
#337=FACE_OUTER_BOUND('',#751,.T.);
#338=FACE_OUTER_BOUND('',#752,.T.);
#339=FACE_OUTER_BOUND('',#753,.T.);
#340=FACE_OUTER_BOUND('',#754,.T.);
#341=FACE_OUTER_BOUND('',#755,.T.);
#342=FACE_OUTER_BOUND('',#756,.T.);
#343=FACE_OUTER_BOUND('',#757,.T.);
#344=FACE_OUTER_BOUND('',#758,.T.);
#345=FACE_OUTER_BOUND('',#759,.T.);
#346=FACE_OUTER_BOUND('',#760,.T.);
#347=FACE_OUTER_BOUND('',#761,.T.);
#348=FACE_OUTER_BOUND('',#762,.T.);
#349=FACE_OUTER_BOUND('',#763,.T.);
#350=FACE_OUTER_BOUND('',#764,.T.);
#351=FACE_OUTER_BOUND('',#765,.T.);
#352=FACE_OUTER_BOUND('',#766,.T.);
#353=FACE_OUTER_BOUND('',#767,.T.);
#354=FACE_OUTER_BOUND('',#768,.T.);
#355=FACE_OUTER_BOUND('',#769,.T.);
#356=FACE_OUTER_BOUND('',#770,.T.);
#357=FACE_OUTER_BOUND('',#771,.T.);
#358=FACE_OUTER_BOUND('',#772,.T.);
#359=FACE_OUTER_BOUND('',#773,.T.);
#360=FACE_OUTER_BOUND('',#774,.T.);
#361=FACE_OUTER_BOUND('',#775,.T.);
#362=FACE_OUTER_BOUND('',#776,.T.);
#363=FACE_OUTER_BOUND('',#777,.T.);
#364=FACE_OUTER_BOUND('',#778,.T.);
#365=FACE_OUTER_BOUND('',#779,.T.);
#366=FACE_OUTER_BOUND('',#780,.T.);
#367=FACE_OUTER_BOUND('',#781,.T.);
#368=FACE_OUTER_BOUND('',#782,.T.);
#369=FACE_OUTER_BOUND('',#783,.T.);
#370=FACE_OUTER_BOUND('',#784,.T.);
#371=FACE_OUTER_BOUND('',#785,.T.);
#372=FACE_OUTER_BOUND('',#786,.T.);
#373=FACE_OUTER_BOUND('',#787,.T.);
#374=FACE_OUTER_BOUND('',#788,.T.);
#375=FACE_OUTER_BOUND('',#791,.T.);
#376=FACE_OUTER_BOUND('',#792,.T.);
#377=FACE_OUTER_BOUND('',#793,.T.);
#378=FACE_OUTER_BOUND('',#794,.T.);
#379=FACE_OUTER_BOUND('',#795,.T.);
#380=FACE_OUTER_BOUND('',#796,.T.);
#381=FACE_OUTER_BOUND('',#797,.T.);
#382=FACE_OUTER_BOUND('',#798,.T.);
#383=FACE_OUTER_BOUND('',#799,.T.);
#384=FACE_OUTER_BOUND('',#800,.T.);
#385=FACE_OUTER_BOUND('',#801,.T.);
#386=FACE_OUTER_BOUND('',#802,.T.);
#387=FACE_OUTER_BOUND('',#803,.T.);
#388=FACE_OUTER_BOUND('',#804,.T.);
#389=FACE_OUTER_BOUND('',#805,.T.);
#390=FACE_OUTER_BOUND('',#806,.T.);
#391=FACE_OUTER_BOUND('',#807,.T.);
#392=FACE_OUTER_BOUND('',#808,.T.);
#393=FACE_OUTER_BOUND('',#809,.T.);
#394=FACE_OUTER_BOUND('',#810,.T.);
#395=FACE_OUTER_BOUND('',#811,.T.);
#396=FACE_OUTER_BOUND('',#812,.T.);
#397=FACE_OUTER_BOUND('',#813,.T.);
#398=FACE_OUTER_BOUND('',#814,.T.);
#399=FACE_OUTER_BOUND('',#815,.T.);
#400=FACE_OUTER_BOUND('',#816,.T.);
#401=FACE_OUTER_BOUND('',#817,.T.);
#402=FACE_OUTER_BOUND('',#818,.T.);
#403=FACE_OUTER_BOUND('',#819,.T.);
#404=FACE_OUTER_BOUND('',#820,.T.);
#405=FACE_OUTER_BOUND('',#821,.T.);
#406=FACE_OUTER_BOUND('',#822,.T.);
#407=FACE_OUTER_BOUND('',#823,.T.);
#408=FACE_OUTER_BOUND('',#824,.T.);
#409=FACE_OUTER_BOUND('',#825,.T.);
#410=FACE_OUTER_BOUND('',#826,.T.);
#411=FACE_OUTER_BOUND('',#827,.T.);
#412=FACE_OUTER_BOUND('',#829,.T.);
#413=FACE_OUTER_BOUND('',#831,.T.);
#414=FACE_OUTER_BOUND('',#832,.T.);
#415=FACE_OUTER_BOUND('',#833,.T.);
#416=FACE_OUTER_BOUND('',#834,.T.);
#417=FACE_OUTER_BOUND('',#835,.T.);
#418=FACE_OUTER_BOUND('',#836,.T.);
#419=FACE_OUTER_BOUND('',#837,.T.);
#420=FACE_OUTER_BOUND('',#838,.T.);
#421=FACE_OUTER_BOUND('',#839,.T.);
#422=FACE_OUTER_BOUND('',#840,.T.);
#423=FACE_OUTER_BOUND('',#841,.T.);
#424=FACE_OUTER_BOUND('',#842,.T.);
#425=FACE_OUTER_BOUND('',#843,.T.);
#426=FACE_OUTER_BOUND('',#844,.T.);
#427=FACE_OUTER_BOUND('',#845,.T.);
#428=FACE_OUTER_BOUND('',#846,.T.);
#429=FACE_OUTER_BOUND('',#847,.T.);
#430=FACE_OUTER_BOUND('',#848,.T.);
#431=FACE_OUTER_BOUND('',#849,.T.);
#432=FACE_OUTER_BOUND('',#850,.T.);
#433=FACE_OUTER_BOUND('',#851,.T.);
#434=FACE_OUTER_BOUND('',#852,.T.);
#435=FACE_OUTER_BOUND('',#853,.T.);
#436=FACE_OUTER_BOUND('',#854,.T.);
#437=FACE_OUTER_BOUND('',#855,.T.);
#438=FACE_OUTER_BOUND('',#856,.T.);
#439=FACE_OUTER_BOUND('',#857,.T.);
#440=FACE_OUTER_BOUND('',#858,.T.);
#441=FACE_OUTER_BOUND('',#859,.T.);
#442=FACE_OUTER_BOUND('',#860,.T.);
#443=FACE_OUTER_BOUND('',#861,.T.);
#444=FACE_OUTER_BOUND('',#862,.T.);
#445=FACE_OUTER_BOUND('',#863,.T.);
#446=FACE_OUTER_BOUND('',#864,.T.);
#447=FACE_OUTER_BOUND('',#865,.T.);
#448=FACE_OUTER_BOUND('',#866,.T.);
#449=FACE_OUTER_BOUND('',#867,.T.);
#450=FACE_OUTER_BOUND('',#868,.T.);
#451=FACE_OUTER_BOUND('',#869,.T.);
#452=FACE_OUTER_BOUND('',#870,.T.);
#453=FACE_OUTER_BOUND('',#871,.T.);
#454=FACE_OUTER_BOUND('',#872,.T.);
#455=FACE_OUTER_BOUND('',#873,.T.);
#456=FACE_OUTER_BOUND('',#874,.T.);
#457=FACE_OUTER_BOUND('',#875,.T.);
#458=FACE_OUTER_BOUND('',#876,.T.);
#459=FACE_OUTER_BOUND('',#877,.T.);
#460=FACE_OUTER_BOUND('',#878,.T.);
#461=FACE_OUTER_BOUND('',#879,.T.);
#462=FACE_OUTER_BOUND('',#880,.T.);
#463=FACE_OUTER_BOUND('',#881,.T.);
#464=FACE_OUTER_BOUND('',#882,.T.);
#465=FACE_OUTER_BOUND('',#883,.T.);
#466=FACE_OUTER_BOUND('',#884,.T.);
#467=FACE_OUTER_BOUND('',#885,.T.);
#468=FACE_OUTER_BOUND('',#886,.T.);
#469=FACE_OUTER_BOUND('',#887,.T.);
#470=FACE_OUTER_BOUND('',#888,.T.);
#471=FACE_OUTER_BOUND('',#889,.T.);
#472=FACE_OUTER_BOUND('',#890,.T.);
#473=FACE_OUTER_BOUND('',#891,.T.);
#474=FACE_OUTER_BOUND('',#892,.T.);
#475=FACE_OUTER_BOUND('',#893,.T.);
#476=FACE_OUTER_BOUND('',#894,.T.);
#477=FACE_OUTER_BOUND('',#895,.T.);
#478=FACE_OUTER_BOUND('',#896,.T.);
#479=FACE_OUTER_BOUND('',#897,.T.);
#480=FACE_OUTER_BOUND('',#898,.T.);
#481=FACE_OUTER_BOUND('',#899,.T.);
#482=FACE_OUTER_BOUND('',#900,.T.);
#483=FACE_OUTER_BOUND('',#901,.T.);
#484=FACE_OUTER_BOUND('',#902,.T.);
#485=FACE_OUTER_BOUND('',#903,.T.);
#486=FACE_OUTER_BOUND('',#904,.T.);
#487=FACE_OUTER_BOUND('',#905,.T.);
#488=FACE_OUTER_BOUND('',#906,.T.);
#489=FACE_OUTER_BOUND('',#907,.T.);
#490=FACE_OUTER_BOUND('',#908,.T.);
#491=FACE_OUTER_BOUND('',#909,.T.);
#492=FACE_OUTER_BOUND('',#910,.T.);
#493=FACE_OUTER_BOUND('',#911,.T.);
#494=FACE_OUTER_BOUND('',#912,.T.);
#495=FACE_OUTER_BOUND('',#915,.T.);
#496=FACE_OUTER_BOUND('',#916,.T.);
#497=FACE_OUTER_BOUND('',#917,.T.);
#498=FACE_OUTER_BOUND('',#918,.T.);
#499=FACE_OUTER_BOUND('',#919,.T.);
#500=FACE_OUTER_BOUND('',#920,.T.);
#501=FACE_OUTER_BOUND('',#921,.T.);
#502=FACE_OUTER_BOUND('',#922,.T.);
#503=FACE_OUTER_BOUND('',#923,.T.);
#504=FACE_OUTER_BOUND('',#924,.T.);
#505=FACE_OUTER_BOUND('',#925,.T.);
#506=FACE_OUTER_BOUND('',#926,.T.);
#507=FACE_OUTER_BOUND('',#927,.T.);
#508=FACE_OUTER_BOUND('',#928,.T.);
#509=FACE_OUTER_BOUND('',#929,.T.);
#510=FACE_OUTER_BOUND('',#930,.T.);
#511=FACE_OUTER_BOUND('',#931,.T.);
#512=FACE_OUTER_BOUND('',#932,.T.);
#513=FACE_OUTER_BOUND('',#933,.T.);
#514=FACE_OUTER_BOUND('',#934,.T.);
#515=FACE_OUTER_BOUND('',#935,.T.);
#516=FACE_OUTER_BOUND('',#936,.T.);
#517=FACE_OUTER_BOUND('',#937,.T.);
#518=FACE_OUTER_BOUND('',#938,.T.);
#519=FACE_OUTER_BOUND('',#939,.T.);
#520=FACE_OUTER_BOUND('',#940,.T.);
#521=FACE_OUTER_BOUND('',#941,.T.);
#522=FACE_OUTER_BOUND('',#942,.T.);
#523=FACE_OUTER_BOUND('',#943,.T.);
#524=FACE_OUTER_BOUND('',#944,.T.);
#525=FACE_OUTER_BOUND('',#945,.T.);
#526=FACE_OUTER_BOUND('',#946,.T.);
#527=FACE_OUTER_BOUND('',#947,.T.);
#528=FACE_OUTER_BOUND('',#948,.T.);
#529=FACE_OUTER_BOUND('',#949,.T.);
#530=FACE_OUTER_BOUND('',#950,.T.);
#531=FACE_OUTER_BOUND('',#951,.T.);
#532=FACE_OUTER_BOUND('',#952,.T.);
#533=FACE_OUTER_BOUND('',#953,.T.);
#534=FACE_OUTER_BOUND('',#954,.T.);
#535=FACE_OUTER_BOUND('',#955,.T.);
#536=FACE_OUTER_BOUND('',#956,.T.);
#537=FACE_OUTER_BOUND('',#957,.T.);
#538=FACE_OUTER_BOUND('',#958,.T.);
#539=FACE_OUTER_BOUND('',#959,.T.);
#540=FACE_OUTER_BOUND('',#960,.T.);
#541=FACE_OUTER_BOUND('',#961,.T.);
#542=FACE_OUTER_BOUND('',#962,.T.);
#543=FACE_OUTER_BOUND('',#963,.T.);
#544=FACE_OUTER_BOUND('',#964,.T.);
#545=FACE_OUTER_BOUND('',#965,.T.);
#546=FACE_OUTER_BOUND('',#966,.T.);
#547=FACE_OUTER_BOUND('',#967,.T.);
#548=FACE_OUTER_BOUND('',#968,.T.);
#549=FACE_OUTER_BOUND('',#969,.T.);
#550=FACE_OUTER_BOUND('',#970,.T.);
#551=FACE_OUTER_BOUND('',#971,.T.);
#552=FACE_OUTER_BOUND('',#972,.T.);
#553=FACE_OUTER_BOUND('',#973,.T.);
#554=FACE_OUTER_BOUND('',#974,.T.);
#555=FACE_OUTER_BOUND('',#975,.T.);
#556=FACE_OUTER_BOUND('',#976,.T.);
#557=FACE_OUTER_BOUND('',#977,.T.);
#558=FACE_OUTER_BOUND('',#978,.T.);
#559=FACE_OUTER_BOUND('',#979,.T.);
#560=FACE_OUTER_BOUND('',#980,.T.);
#561=FACE_OUTER_BOUND('',#981,.T.);
#562=FACE_OUTER_BOUND('',#982,.T.);
#563=FACE_OUTER_BOUND('',#983,.T.);
#564=FACE_OUTER_BOUND('',#984,.T.);
#565=FACE_OUTER_BOUND('',#985,.T.);
#566=FACE_OUTER_BOUND('',#986,.T.);
#567=FACE_OUTER_BOUND('',#987,.T.);
#568=FACE_OUTER_BOUND('',#988,.T.);
#569=FACE_OUTER_BOUND('',#989,.T.);
#570=FACE_OUTER_BOUND('',#990,.T.);
#571=FACE_OUTER_BOUND('',#991,.T.);
#572=FACE_OUTER_BOUND('',#992,.T.);
#573=FACE_OUTER_BOUND('',#993,.T.);
#574=FACE_OUTER_BOUND('',#994,.T.);
#575=FACE_OUTER_BOUND('',#995,.T.);
#576=FACE_OUTER_BOUND('',#996,.T.);
#577=FACE_OUTER_BOUND('',#997,.T.);
#578=FACE_OUTER_BOUND('',#998,.T.);
#579=FACE_OUTER_BOUND('',#999,.T.);
#580=FACE_OUTER_BOUND('',#1000,.T.);
#581=FACE_OUTER_BOUND('',#1002,.T.);
#582=FACE_OUTER_BOUND('',#1003,.T.);
#583=FACE_OUTER_BOUND('',#1004,.T.);
#584=FACE_OUTER_BOUND('',#1005,.T.);
#585=FACE_OUTER_BOUND('',#1007,.T.);
#586=FACE_OUTER_BOUND('',#1008,.T.);
#587=FACE_OUTER_BOUND('',#1009,.T.);
#588=FACE_OUTER_BOUND('',#1010,.T.);
#589=FACE_OUTER_BOUND('',#1011,.T.);
#590=FACE_OUTER_BOUND('',#1012,.T.);
#591=FACE_OUTER_BOUND('',#1013,.T.);
#592=FACE_OUTER_BOUND('',#1014,.T.);
#593=FACE_OUTER_BOUND('',#1015,.T.);
#594=FACE_OUTER_BOUND('',#1016,.T.);
#595=FACE_OUTER_BOUND('',#1017,.T.);
#596=FACE_OUTER_BOUND('',#1018,.T.);
#597=FACE_OUTER_BOUND('',#1019,.T.);
#598=FACE_OUTER_BOUND('',#1020,.T.);
#599=FACE_OUTER_BOUND('',#1021,.T.);
#600=FACE_OUTER_BOUND('',#1022,.T.);
#601=FACE_OUTER_BOUND('',#1023,.T.);
#602=FACE_OUTER_BOUND('',#1024,.T.);
#603=FACE_OUTER_BOUND('',#1025,.T.);
#604=FACE_OUTER_BOUND('',#1026,.T.);
#605=FACE_OUTER_BOUND('',#1027,.T.);
#606=FACE_OUTER_BOUND('',#1028,.T.);
#607=FACE_OUTER_BOUND('',#1029,.T.);
#608=FACE_OUTER_BOUND('',#1030,.T.);
#609=FACE_OUTER_BOUND('',#1031,.T.);
#610=FACE_OUTER_BOUND('',#1032,.T.);
#611=FACE_OUTER_BOUND('',#1033,.T.);
#612=FACE_OUTER_BOUND('',#1034,.T.);
#613=FACE_OUTER_BOUND('',#1035,.T.);
#614=FACE_OUTER_BOUND('',#1037,.T.);
#615=FACE_OUTER_BOUND('',#1039,.T.);
#616=FACE_OUTER_BOUND('',#1040,.T.);
#617=FACE_OUTER_BOUND('',#1041,.T.);
#618=FACE_OUTER_BOUND('',#1042,.T.);
#619=EDGE_LOOP('',(#4461,#4462,#4463,#4464));
#620=EDGE_LOOP('',(#4465,#4466,#4467,#4468));
#621=EDGE_LOOP('',(#4469,#4470,#4471,#4472,#4473));
#622=EDGE_LOOP('',(#4474,#4475,#4476,#4477));
#623=EDGE_LOOP('',(#4478,#4479,#4480,#4481));
#624=EDGE_LOOP('',(#4482,#4483,#4484,#4485));
#625=EDGE_LOOP('',(#4486,#4487,#4488,#4489));
#626=EDGE_LOOP('',(#4490,#4491,#4492,#4493));
#627=EDGE_LOOP('',(#4494,#4495,#4496,#4497));
#628=EDGE_LOOP('',(#4498,#4499,#4500,#4501));
#629=EDGE_LOOP('',(#4502,#4503,#4504,#4505,#4506,#4507,#4508,#4509,#4510,
#4511,#4512,#4513,#4514));
#630=EDGE_LOOP('',(#4515,#4516,#4517,#4518));
#631=EDGE_LOOP('',(#4519,#4520,#4521,#4522));
#632=EDGE_LOOP('',(#4523,#4524,#4525,#4526));
#633=EDGE_LOOP('',(#4527,#4528,#4529,#4530));
#634=EDGE_LOOP('',(#4531,#4532,#4533,#4534));
#635=EDGE_LOOP('',(#4535,#4536,#4537,#4538));
#636=EDGE_LOOP('',(#4539,#4540,#4541,#4542));
#637=EDGE_LOOP('',(#4543,#4544,#4545,#4546));
#638=EDGE_LOOP('',(#4547,#4548,#4549,#4550));
#639=EDGE_LOOP('',(#4551,#4552,#4553,#4554));
#640=EDGE_LOOP('',(#4555,#4556,#4557,#4558));
#641=EDGE_LOOP('',(#4559,#4560,#4561,#4562,#4563,#4564,#4565,#4566,#4567,
#4568,#4569,#4570,#4571,#4572,#4573,#4574,#4575,#4576));
#642=EDGE_LOOP('',(#4577,#4578,#4579,#4580));
#643=EDGE_LOOP('',(#4581,#4582,#4583,#4584));
#644=EDGE_LOOP('',(#4585,#4586,#4587,#4588));
#645=EDGE_LOOP('',(#4589,#4590,#4591,#4592));
#646=EDGE_LOOP('',(#4593,#4594,#4595,#4596));
#647=EDGE_LOOP('',(#4597,#4598,#4599,#4600));
#648=EDGE_LOOP('',(#4601,#4602,#4603,#4604,#4605,#4606));
#649=EDGE_LOOP('',(#4607,#4608,#4609,#4610,#4611,#4612,#4613,#4614,#4615));
#650=EDGE_LOOP('',(#4616,#4617,#4618,#4619,#4620,#4621,#4622));
#651=EDGE_LOOP('',(#4623,#4624,#4625,#4626));
#652=EDGE_LOOP('',(#4627,#4628,#4629,#4630));
#653=EDGE_LOOP('',(#4631,#4632,#4633,#4634));
#654=EDGE_LOOP('',(#4635,#4636,#4637,#4638));
#655=EDGE_LOOP('',(#4639,#4640,#4641,#4642,#4643));
#656=EDGE_LOOP('',(#4644,#4645,#4646,#4647));
#657=EDGE_LOOP('',(#4648,#4649,#4650,#4651));
#658=EDGE_LOOP('',(#4652,#4653,#4654,#4655));
#659=EDGE_LOOP('',(#4656,#4657,#4658,#4659));
#660=EDGE_LOOP('',(#4660,#4661,#4662,#4663));
#661=EDGE_LOOP('',(#4664,#4665,#4666,#4667));
#662=EDGE_LOOP('',(#4668,#4669,#4670,#4671));
#663=EDGE_LOOP('',(#4672,#4673,#4674,#4675));
#664=EDGE_LOOP('',(#4676,#4677,#4678,#4679,#4680,#4681,#4682,#4683,#4684,
#4685,#4686,#4687,#4688,#4689,#4690,#4691,#4692,#4693,#4694,#4695,#4696,
#4697,#4698));
#665=EDGE_LOOP('',(#4699,#4700,#4701,#4702));
#666=EDGE_LOOP('',(#4703,#4704,#4705,#4706));
#667=EDGE_LOOP('',(#4707,#4708,#4709,#4710));
#668=EDGE_LOOP('',(#4711,#4712,#4713,#4714));
#669=EDGE_LOOP('',(#4715,#4716,#4717,#4718));
#670=EDGE_LOOP('',(#4719,#4720,#4721,#4722));
#671=EDGE_LOOP('',(#4723,#4724,#4725,#4726));
#672=EDGE_LOOP('',(#4727,#4728,#4729,#4730));
#673=EDGE_LOOP('',(#4731,#4732,#4733,#4734));
#674=EDGE_LOOP('',(#4735,#4736,#4737,#4738));
#675=EDGE_LOOP('',(#4739,#4740,#4741,#4742));
#676=EDGE_LOOP('',(#4743,#4744,#4745,#4746));
#677=EDGE_LOOP('',(#4747,#4748,#4749,#4750));
#678=EDGE_LOOP('',(#4751,#4752,#4753,#4754));
#679=EDGE_LOOP('',(#4755,#4756,#4757,#4758));
#680=EDGE_LOOP('',(#4759,#4760,#4761,#4762));
#681=EDGE_LOOP('',(#4763,#4764,#4765,#4766,#4767,#4768,#4769,#4770,#4771));
#682=EDGE_LOOP('',(#4772,#4773,#4774,#4775));
#683=EDGE_LOOP('',(#4776,#4777,#4778,#4779));
#684=EDGE_LOOP('',(#4780,#4781,#4782,#4783));
#685=EDGE_LOOP('',(#4784,#4785,#4786,#4787));
#686=EDGE_LOOP('',(#4788,#4789,#4790,#4791));
#687=EDGE_LOOP('',(#4792,#4793,#4794,#4795));
#688=EDGE_LOOP('',(#4796,#4797,#4798,#4799));
#689=EDGE_LOOP('',(#4800,#4801,#4802,#4803,#4804));
#690=EDGE_LOOP('',(#4805,#4806,#4807,#4808));
#691=EDGE_LOOP('',(#4809,#4810,#4811,#4812));
#692=EDGE_LOOP('',(#4813,#4814,#4815,#4816));
#693=EDGE_LOOP('',(#4817,#4818,#4819,#4820));
#694=EDGE_LOOP('',(#4821,#4822,#4823,#4824));
#695=EDGE_LOOP('',(#4825,#4826,#4827,#4828));
#696=EDGE_LOOP('',(#4829,#4830,#4831,#4832));
#697=EDGE_LOOP('',(#4833,#4834,#4835,#4836,#4837));
#698=EDGE_LOOP('',(#4838,#4839,#4840,#4841));
#699=EDGE_LOOP('',(#4842,#4843,#4844,#4845,#4846));
#700=EDGE_LOOP('',(#4847,#4848,#4849,#4850,#4851,#4852,#4853));
#701=EDGE_LOOP('',(#4854,#4855,#4856,#4857));
#702=EDGE_LOOP('',(#4858,#4859,#4860,#4861));
#703=EDGE_LOOP('',(#4862,#4863,#4864,#4865));
#704=EDGE_LOOP('',(#4866,#4867,#4868,#4869));
#705=EDGE_LOOP('',(#4870,#4871,#4872,#4873));
#706=EDGE_LOOP('',(#4874,#4875,#4876,#4877));
#707=EDGE_LOOP('',(#4878,#4879,#4880,#4881));
#708=EDGE_LOOP('',(#4882,#4883,#4884,#4885));
#709=EDGE_LOOP('',(#4886,#4887,#4888,#4889));
#710=EDGE_LOOP('',(#4890,#4891,#4892,#4893));
#711=EDGE_LOOP('',(#4894,#4895,#4896,#4897));
#712=EDGE_LOOP('',(#4898,#4899,#4900,#4901));
#713=EDGE_LOOP('',(#4902,#4903,#4904,#4905,#4906,#4907,#4908,#4909));
#714=EDGE_LOOP('',(#4910,#4911,#4912,#4913));
#715=EDGE_LOOP('',(#4914,#4915,#4916,#4917,#4918,#4919,#4920));
#716=EDGE_LOOP('',(#4921,#4922,#4923,#4924));
#717=EDGE_LOOP('',(#4925,#4926,#4927,#4928,#4929,#4930,#4931,#4932,#4933,
#4934,#4935));
#718=EDGE_LOOP('',(#4936,#4937,#4938,#4939));
#719=EDGE_LOOP('',(#4940,#4941,#4942,#4943));
#720=EDGE_LOOP('',(#4944,#4945,#4946,#4947,#4948,#4949,#4950,#4951,#4952,
#4953,#4954,#4955));
#721=EDGE_LOOP('',(#4956,#4957,#4958,#4959));
#722=EDGE_LOOP('',(#4960,#4961,#4962,#4963,#4964));
#723=EDGE_LOOP('',(#4965,#4966,#4967,#4968));
#724=EDGE_LOOP('',(#4969,#4970,#4971,#4972,#4973,#4974,#4975,#4976,#4977,
#4978,#4979));
#725=EDGE_LOOP('',(#4980,#4981,#4982,#4983));
#726=EDGE_LOOP('',(#4984,#4985,#4986,#4987));
#727=EDGE_LOOP('',(#4988,#4989,#4990,#4991));
#728=EDGE_LOOP('',(#4992,#4993,#4994,#4995,#4996));
#729=EDGE_LOOP('',(#4997,#4998,#4999,#5000));
#730=EDGE_LOOP('',(#5001,#5002,#5003,#5004));
#731=EDGE_LOOP('',(#5005,#5006,#5007,#5008));
#732=EDGE_LOOP('',(#5009,#5010,#5011,#5012));
#733=EDGE_LOOP('',(#5013,#5014,#5015,#5016));
#734=EDGE_LOOP('',(#5017,#5018,#5019,#5020));
#735=EDGE_LOOP('',(#5021,#5022,#5023,#5024,#5025,#5026,#5027,#5028));
#736=EDGE_LOOP('',(#5029,#5030,#5031,#5032,#5033,#5034,#5035,#5036));
#737=EDGE_LOOP('',(#5037,#5038,#5039,#5040));
#738=EDGE_LOOP('',(#5041,#5042,#5043,#5044));
#739=EDGE_LOOP('',(#5045,#5046,#5047,#5048));
#740=EDGE_LOOP('',(#5049,#5050,#5051,#5052));
#741=EDGE_LOOP('',(#5053,#5054,#5055,#5056));
#742=EDGE_LOOP('',(#5057,#5058,#5059,#5060));
#743=EDGE_LOOP('',(#5061,#5062,#5063,#5064));
#744=EDGE_LOOP('',(#5065,#5066,#5067,#5068));
#745=EDGE_LOOP('',(#5069,#5070,#5071,#5072));
#746=EDGE_LOOP('',(#5073,#5074,#5075,#5076));
#747=EDGE_LOOP('',(#5077,#5078,#5079,#5080));
#748=EDGE_LOOP('',(#5081,#5082,#5083,#5084));
#749=EDGE_LOOP('',(#5085,#5086,#5087,#5088));
#750=EDGE_LOOP('',(#5089,#5090,#5091,#5092));
#751=EDGE_LOOP('',(#5093,#5094,#5095,#5096));
#752=EDGE_LOOP('',(#5097,#5098,#5099,#5100));
#753=EDGE_LOOP('',(#5101,#5102,#5103,#5104));
#754=EDGE_LOOP('',(#5105,#5106,#5107,#5108,#5109));
#755=EDGE_LOOP('',(#5110,#5111,#5112,#5113,#5114));
#756=EDGE_LOOP('',(#5115,#5116,#5117,#5118,#5119,#5120,#5121));
#757=EDGE_LOOP('',(#5122,#5123,#5124,#5125,#5126));
#758=EDGE_LOOP('',(#5127,#5128,#5129,#5130,#5131));
#759=EDGE_LOOP('',(#5132,#5133,#5134,#5135,#5136,#5137));
#760=EDGE_LOOP('',(#5138,#5139,#5140,#5141));
#761=EDGE_LOOP('',(#5142,#5143,#5144,#5145));
#762=EDGE_LOOP('',(#5146,#5147,#5148,#5149));
#763=EDGE_LOOP('',(#5150,#5151,#5152,#5153,#5154,#5155));
#764=EDGE_LOOP('',(#5156,#5157,#5158,#5159,#5160,#5161,#5162,#5163,#5164,
#5165));
#765=EDGE_LOOP('',(#5166,#5167,#5168,#5169,#5170,#5171,#5172,#5173));
#766=EDGE_LOOP('',(#5174,#5175,#5176,#5177,#5178,#5179,#5180,#5181,#5182,
#5183,#5184,#5185));
#767=EDGE_LOOP('',(#5186,#5187,#5188,#5189,#5190,#5191,#5192,#5193));
#768=EDGE_LOOP('',(#5194,#5195,#5196,#5197,#5198,#5199,#5200,#5201,#5202,
#5203));
#769=EDGE_LOOP('',(#5204,#5205,#5206,#5207,#5208));
#770=EDGE_LOOP('',(#5209,#5210,#5211,#5212));
#771=EDGE_LOOP('',(#5213,#5214,#5215,#5216));
#772=EDGE_LOOP('',(#5217,#5218,#5219,#5220));
#773=EDGE_LOOP('',(#5221,#5222,#5223,#5224));
#774=EDGE_LOOP('',(#5225,#5226,#5227,#5228));
#775=EDGE_LOOP('',(#5229,#5230,#5231,#5232));
#776=EDGE_LOOP('',(#5233,#5234,#5235,#5236));
#777=EDGE_LOOP('',(#5237,#5238,#5239,#5240));
#778=EDGE_LOOP('',(#5241,#5242,#5243,#5244,#5245,#5246,#5247,#5248));
#779=EDGE_LOOP('',(#5249,#5250,#5251,#5252));
#780=EDGE_LOOP('',(#5253,#5254,#5255,#5256));
#781=EDGE_LOOP('',(#5257,#5258,#5259,#5260));
#782=EDGE_LOOP('',(#5261,#5262,#5263,#5264));
#783=EDGE_LOOP('',(#5265,#5266,#5267,#5268));
#784=EDGE_LOOP('',(#5269,#5270,#5271,#5272));
#785=EDGE_LOOP('',(#5273,#5274,#5275,#5276));
#786=EDGE_LOOP('',(#5277,#5278,#5279,#5280));
#787=EDGE_LOOP('',(#5281,#5282,#5283,#5284));
#788=EDGE_LOOP('',(#5285,#5286,#5287,#5288,#5289,#5290,#5291,#5292));
#789=EDGE_LOOP('',(#5293,#5294,#5295,#5296,#5297,#5298));
#790=EDGE_LOOP('',(#5299,#5300,#5301,#5302,#5303,#5304));
#791=EDGE_LOOP('',(#5305,#5306,#5307,#5308,#5309));
#792=EDGE_LOOP('',(#5310,#5311,#5312,#5313,#5314,#5315,#5316));
#793=EDGE_LOOP('',(#5317,#5318,#5319,#5320,#5321));
#794=EDGE_LOOP('',(#5322,#5323,#5324,#5325,#5326,#5327,#5328,#5329,#5330,
#5331,#5332,#5333,#5334,#5335));
#795=EDGE_LOOP('',(#5336,#5337,#5338,#5339,#5340));
#796=EDGE_LOOP('',(#5341,#5342,#5343,#5344,#5345,#5346));
#797=EDGE_LOOP('',(#5347,#5348,#5349,#5350,#5351,#5352,#5353));
#798=EDGE_LOOP('',(#5354,#5355,#5356,#5357,#5358));
#799=EDGE_LOOP('',(#5359,#5360,#5361,#5362,#5363,#5364,#5365));
#800=EDGE_LOOP('',(#5366,#5367,#5368,#5369));
#801=EDGE_LOOP('',(#5370,#5371,#5372,#5373,#5374,#5375,#5376));
#802=EDGE_LOOP('',(#5377,#5378,#5379,#5380));
#803=EDGE_LOOP('',(#5381,#5382,#5383,#5384));
#804=EDGE_LOOP('',(#5385,#5386,#5387,#5388));
#805=EDGE_LOOP('',(#5389,#5390,#5391,#5392));
#806=EDGE_LOOP('',(#5393,#5394,#5395,#5396,#5397));
#807=EDGE_LOOP('',(#5398,#5399,#5400,#5401));
#808=EDGE_LOOP('',(#5402,#5403,#5404,#5405,#5406,#5407,#5408,#5409));
#809=EDGE_LOOP('',(#5410,#5411,#5412,#5413));
#810=EDGE_LOOP('',(#5414,#5415,#5416,#5417));
#811=EDGE_LOOP('',(#5418,#5419,#5420,#5421));
#812=EDGE_LOOP('',(#5422,#5423,#5424,#5425,#5426,#5427,#5428,#5429));
#813=EDGE_LOOP('',(#5430,#5431,#5432,#5433));
#814=EDGE_LOOP('',(#5434,#5435,#5436,#5437));
#815=EDGE_LOOP('',(#5438,#5439,#5440,#5441));
#816=EDGE_LOOP('',(#5442,#5443,#5444,#5445,#5446,#5447,#5448,#5449));
#817=EDGE_LOOP('',(#5450,#5451,#5452,#5453,#5454,#5455,#5456));
#818=EDGE_LOOP('',(#5457,#5458,#5459,#5460,#5461,#5462,#5463));
#819=EDGE_LOOP('',(#5464,#5465,#5466,#5467));
#820=EDGE_LOOP('',(#5468,#5469,#5470,#5471));
#821=EDGE_LOOP('',(#5472,#5473,#5474,#5475));
#822=EDGE_LOOP('',(#5476,#5477,#5478,#5479,#5480));
#823=EDGE_LOOP('',(#5481,#5482,#5483,#5484));
#824=EDGE_LOOP('',(#5485,#5486,#5487,#5488,#5489));
#825=EDGE_LOOP('',(#5490,#5491,#5492,#5493));
#826=EDGE_LOOP('',(#5494,#5495,#5496,#5497,#5498));
#827=EDGE_LOOP('',(#5499,#5500,#5501,#5502,#5503,#5504));
#828=EDGE_LOOP('',(#5505));
#829=EDGE_LOOP('',(#5506,#5507,#5508,#5509,#5510,#5511));
#830=EDGE_LOOP('',(#5512));
#831=EDGE_LOOP('',(#5513,#5514,#5515,#5516));
#832=EDGE_LOOP('',(#5517,#5518,#5519,#5520));
#833=EDGE_LOOP('',(#5521,#5522,#5523,#5524));
#834=EDGE_LOOP('',(#5525,#5526,#5527,#5528));
#835=EDGE_LOOP('',(#5529,#5530,#5531,#5532));
#836=EDGE_LOOP('',(#5533,#5534,#5535,#5536));
#837=EDGE_LOOP('',(#5537,#5538,#5539,#5540));
#838=EDGE_LOOP('',(#5541,#5542,#5543,#5544,#5545));
#839=EDGE_LOOP('',(#5546,#5547,#5548,#5549));
#840=EDGE_LOOP('',(#5550,#5551,#5552,#5553,#5554,#5555,#5556,#5557,#5558,
#5559,#5560,#5561,#5562,#5563,#5564,#5565,#5566,#5567,#5568,#5569,#5570,
#5571,#5572,#5573,#5574,#5575,#5576,#5577,#5578,#5579));
#841=EDGE_LOOP('',(#5580,#5581,#5582,#5583,#5584));
#842=EDGE_LOOP('',(#5585,#5586,#5587,#5588,#5589));
#843=EDGE_LOOP('',(#5590,#5591,#5592,#5593,#5594));
#844=EDGE_LOOP('',(#5595,#5596,#5597,#5598));
#845=EDGE_LOOP('',(#5599,#5600,#5601,#5602));
#846=EDGE_LOOP('',(#5603,#5604,#5605,#5606));
#847=EDGE_LOOP('',(#5607,#5608,#5609,#5610));
#848=EDGE_LOOP('',(#5611,#5612,#5613,#5614));
#849=EDGE_LOOP('',(#5615,#5616,#5617,#5618,#5619));
#850=EDGE_LOOP('',(#5620,#5621,#5622,#5623,#5624));
#851=EDGE_LOOP('',(#5625,#5626,#5627,#5628,#5629));
#852=EDGE_LOOP('',(#5630,#5631,#5632,#5633,#5634));
#853=EDGE_LOOP('',(#5635,#5636,#5637,#5638,#5639));
#854=EDGE_LOOP('',(#5640,#5641,#5642,#5643));
#855=EDGE_LOOP('',(#5644,#5645,#5646));
#856=EDGE_LOOP('',(#5647,#5648,#5649));
#857=EDGE_LOOP('',(#5650,#5651,#5652,#5653));
#858=EDGE_LOOP('',(#5654,#5655,#5656,#5657));
#859=EDGE_LOOP('',(#5658,#5659,#5660));
#860=EDGE_LOOP('',(#5661,#5662,#5663,#5664,#5665));
#861=EDGE_LOOP('',(#5666,#5667,#5668));
#862=EDGE_LOOP('',(#5669,#5670,#5671));
#863=EDGE_LOOP('',(#5672,#5673,#5674,#5675));
#864=EDGE_LOOP('',(#5676,#5677,#5678,#5679));
#865=EDGE_LOOP('',(#5680,#5681,#5682));
#866=EDGE_LOOP('',(#5683,#5684,#5685,#5686));
#867=EDGE_LOOP('',(#5687,#5688,#5689,#5690));
#868=EDGE_LOOP('',(#5691,#5692,#5693));
#869=EDGE_LOOP('',(#5694,#5695,#5696,#5697));
#870=EDGE_LOOP('',(#5698,#5699,#5700,#5701));
#871=EDGE_LOOP('',(#5702,#5703,#5704));
#872=EDGE_LOOP('',(#5705,#5706,#5707));
#873=EDGE_LOOP('',(#5708,#5709,#5710,#5711));
#874=EDGE_LOOP('',(#5712,#5713,#5714,#5715,#5716));
#875=EDGE_LOOP('',(#5717,#5718,#5719,#5720,#5721));
#876=EDGE_LOOP('',(#5722,#5723,#5724,#5725));
#877=EDGE_LOOP('',(#5726,#5727,#5728,#5729));
#878=EDGE_LOOP('',(#5730,#5731,#5732,#5733,#5734));
#879=EDGE_LOOP('',(#5735,#5736,#5737));
#880=EDGE_LOOP('',(#5738,#5739,#5740));
#881=EDGE_LOOP('',(#5741,#5742,#5743));
#882=EDGE_LOOP('',(#5744,#5745,#5746,#5747));
#883=EDGE_LOOP('',(#5748,#5749,#5750,#5751));
#884=EDGE_LOOP('',(#5752,#5753,#5754));
#885=EDGE_LOOP('',(#5755,#5756,#5757,#5758));
#886=EDGE_LOOP('',(#5759,#5760,#5761));
#887=EDGE_LOOP('',(#5762,#5763,#5764,#5765));
#888=EDGE_LOOP('',(#5766,#5767,#5768,#5769));
#889=EDGE_LOOP('',(#5770,#5771,#5772));
#890=EDGE_LOOP('',(#5773,#5774,#5775,#5776));
#891=EDGE_LOOP('',(#5777,#5778,#5779));
#892=EDGE_LOOP('',(#5780,#5781,#5782,#5783));
#893=EDGE_LOOP('',(#5784,#5785,#5786));
#894=EDGE_LOOP('',(#5787,#5788,#5789,#5790));
#895=EDGE_LOOP('',(#5791,#5792,#5793,#5794));
#896=EDGE_LOOP('',(#5795,#5796,#5797,#5798));
#897=EDGE_LOOP('',(#5799,#5800,#5801,#5802));
#898=EDGE_LOOP('',(#5803,#5804,#5805,#5806));
#899=EDGE_LOOP('',(#5807,#5808,#5809,#5810));
#900=EDGE_LOOP('',(#5811,#5812,#5813,#5814));
#901=EDGE_LOOP('',(#5815,#5816,#5817,#5818));
#902=EDGE_LOOP('',(#5819,#5820,#5821,#5822));
#903=EDGE_LOOP('',(#5823,#5824,#5825,#5826));
#904=EDGE_LOOP('',(#5827,#5828,#5829,#5830));
#905=EDGE_LOOP('',(#5831,#5832,#5833,#5834));
#906=EDGE_LOOP('',(#5835,#5836,#5837,#5838));
#907=EDGE_LOOP('',(#5839,#5840,#5841,#5842));
#908=EDGE_LOOP('',(#5843,#5844,#5845,#5846));
#909=EDGE_LOOP('',(#5847,#5848,#5849,#5850));
#910=EDGE_LOOP('',(#5851,#5852,#5853,#5854));
#911=EDGE_LOOP('',(#5855,#5856,#5857,#5858));
#912=EDGE_LOOP('',(#5859,#5860,#5861,#5862,#5863,#5864,#5865,#5866,#5867,
#5868,#5869,#5870,#5871,#5872,#5873,#5874,#5875));
#913=EDGE_LOOP('',(#5876));
#914=EDGE_LOOP('',(#5877));
#915=EDGE_LOOP('',(#5878,#5879,#5880,#5881));
#916=EDGE_LOOP('',(#5882,#5883,#5884,#5885));
#917=EDGE_LOOP('',(#5886,#5887,#5888,#5889));
#918=EDGE_LOOP('',(#5890,#5891,#5892,#5893,#5894));
#919=EDGE_LOOP('',(#5895,#5896,#5897,#5898,#5899,#5900));
#920=EDGE_LOOP('',(#5901,#5902,#5903,#5904,#5905,#5906,#5907,#5908,#5909,
#5910));
#921=EDGE_LOOP('',(#5911,#5912,#5913,#5914,#5915));
#922=EDGE_LOOP('',(#5916,#5917,#5918,#5919));
#923=EDGE_LOOP('',(#5920,#5921,#5922,#5923));
#924=EDGE_LOOP('',(#5924,#5925,#5926,#5927));
#925=EDGE_LOOP('',(#5928,#5929,#5930,#5931));
#926=EDGE_LOOP('',(#5932,#5933,#5934,#5935));
#927=EDGE_LOOP('',(#5936,#5937,#5938,#5939));
#928=EDGE_LOOP('',(#5940,#5941,#5942,#5943));
#929=EDGE_LOOP('',(#5944,#5945,#5946,#5947));
#930=EDGE_LOOP('',(#5948,#5949,#5950,#5951));
#931=EDGE_LOOP('',(#5952,#5953,#5954,#5955));
#932=EDGE_LOOP('',(#5956,#5957,#5958,#5959));
#933=EDGE_LOOP('',(#5960,#5961,#5962,#5963));
#934=EDGE_LOOP('',(#5964,#5965,#5966,#5967));
#935=EDGE_LOOP('',(#5968,#5969,#5970,#5971));
#936=EDGE_LOOP('',(#5972,#5973,#5974,#5975));
#937=EDGE_LOOP('',(#5976,#5977,#5978,#5979));
#938=EDGE_LOOP('',(#5980,#5981,#5982,#5983));
#939=EDGE_LOOP('',(#5984,#5985,#5986,#5987));
#940=EDGE_LOOP('',(#5988,#5989,#5990,#5991));
#941=EDGE_LOOP('',(#5992,#5993,#5994,#5995));
#942=EDGE_LOOP('',(#5996,#5997,#5998,#5999));
#943=EDGE_LOOP('',(#6000,#6001,#6002,#6003));
#944=EDGE_LOOP('',(#6004,#6005,#6006,#6007,#6008));
#945=EDGE_LOOP('',(#6009,#6010,#6011,#6012,#6013,#6014));
#946=EDGE_LOOP('',(#6015,#6016,#6017,#6018,#6019,#6020,#6021,#6022,#6023,
#6024,#6025));
#947=EDGE_LOOP('',(#6026,#6027,#6028,#6029));
#948=EDGE_LOOP('',(#6030,#6031,#6032,#6033,#6034,#6035));
#949=EDGE_LOOP('',(#6036,#6037,#6038,#6039,#6040));
#950=EDGE_LOOP('',(#6041,#6042,#6043,#6044,#6045));
#951=EDGE_LOOP('',(#6046,#6047,#6048,#6049));
#952=EDGE_LOOP('',(#6050,#6051,#6052,#6053,#6054,#6055,#6056,#6057,#6058));
#953=EDGE_LOOP('',(#6059,#6060,#6061,#6062,#6063));
#954=EDGE_LOOP('',(#6064,#6065,#6066,#6067));
#955=EDGE_LOOP('',(#6068,#6069,#6070,#6071));
#956=EDGE_LOOP('',(#6072,#6073,#6074,#6075,#6076));
#957=EDGE_LOOP('',(#6077,#6078,#6079,#6080,#6081));
#958=EDGE_LOOP('',(#6082,#6083,#6084,#6085,#6086));
#959=EDGE_LOOP('',(#6087,#6088,#6089,#6090,#6091));
#960=EDGE_LOOP('',(#6092,#6093,#6094,#6095,#6096));
#961=EDGE_LOOP('',(#6097,#6098,#6099,#6100));
#962=EDGE_LOOP('',(#6101,#6102,#6103,#6104));
#963=EDGE_LOOP('',(#6105,#6106,#6107,#6108,#6109));
#964=EDGE_LOOP('',(#6110,#6111,#6112,#6113));
#965=EDGE_LOOP('',(#6114,#6115,#6116,#6117));
#966=EDGE_LOOP('',(#6118,#6119,#6120,#6121,#6122));
#967=EDGE_LOOP('',(#6123,#6124,#6125,#6126,#6127,#6128));
#968=EDGE_LOOP('',(#6129,#6130,#6131,#6132,#6133));
#969=EDGE_LOOP('',(#6134,#6135,#6136,#6137,#6138));
#970=EDGE_LOOP('',(#6139,#6140,#6141,#6142));
#971=EDGE_LOOP('',(#6143,#6144,#6145,#6146));
#972=EDGE_LOOP('',(#6147,#6148,#6149,#6150,#6151,#6152,#6153,#6154,#6155,
#6156,#6157,#6158,#6159,#6160,#6161,#6162));
#973=EDGE_LOOP('',(#6163,#6164,#6165,#6166,#6167,#6168));
#974=EDGE_LOOP('',(#6169,#6170,#6171,#6172,#6173));
#975=EDGE_LOOP('',(#6174,#6175,#6176,#6177,#6178,#6179,#6180,#6181));
#976=EDGE_LOOP('',(#6182,#6183,#6184,#6185,#6186,#6187));
#977=EDGE_LOOP('',(#6188,#6189,#6190,#6191,#6192,#6193));
#978=EDGE_LOOP('',(#6194,#6195,#6196,#6197));
#979=EDGE_LOOP('',(#6198,#6199,#6200,#6201));
#980=EDGE_LOOP('',(#6202,#6203,#6204,#6205));
#981=EDGE_LOOP('',(#6206,#6207,#6208,#6209));
#982=EDGE_LOOP('',(#6210,#6211,#6212,#6213));
#983=EDGE_LOOP('',(#6214,#6215,#6216,#6217,#6218,#6219,#6220));
#984=EDGE_LOOP('',(#6221,#6222,#6223,#6224));
#985=EDGE_LOOP('',(#6225,#6226,#6227,#6228));
#986=EDGE_LOOP('',(#6229,#6230,#6231,#6232));
#987=EDGE_LOOP('',(#6233,#6234,#6235,#6236));
#988=EDGE_LOOP('',(#6237,#6238,#6239,#6240));
#989=EDGE_LOOP('',(#6241,#6242,#6243,#6244));
#990=EDGE_LOOP('',(#6245,#6246,#6247,#6248));
#991=EDGE_LOOP('',(#6249,#6250,#6251,#6252));
#992=EDGE_LOOP('',(#6253,#6254,#6255,#6256,#6257,#6258));
#993=EDGE_LOOP('',(#6259,#6260,#6261,#6262,#6263));
#994=EDGE_LOOP('',(#6264,#6265,#6266,#6267));
#995=EDGE_LOOP('',(#6268,#6269,#6270,#6271));
#996=EDGE_LOOP('',(#6272,#6273,#6274,#6275));
#997=EDGE_LOOP('',(#6276,#6277,#6278,#6279));
#998=EDGE_LOOP('',(#6280,#6281,#6282,#6283));
#999=EDGE_LOOP('',(#6284,#6285,#6286,#6287));
#1000=EDGE_LOOP('',(#6288,#6289,#6290,#6291,#6292,#6293,#6294,#6295,#6296,
#6297,#6298,#6299));
#1001=EDGE_LOOP('',(#6300));
#1002=EDGE_LOOP('',(#6301,#6302,#6303,#6304,#6305));
#1003=EDGE_LOOP('',(#6306,#6307,#6308,#6309));
#1004=EDGE_LOOP('',(#6310,#6311,#6312,#6313,#6314));
#1005=EDGE_LOOP('',(#6315,#6316,#6317,#6318,#6319,#6320,#6321,#6322,#6323,
#6324));
#1006=EDGE_LOOP('',(#6325));
#1007=EDGE_LOOP('',(#6326,#6327,#6328,#6329,#6330));
#1008=EDGE_LOOP('',(#6331,#6332,#6333,#6334));
#1009=EDGE_LOOP('',(#6335,#6336,#6337,#6338));
#1010=EDGE_LOOP('',(#6339,#6340,#6341,#6342));
#1011=EDGE_LOOP('',(#6343,#6344,#6345,#6346));
#1012=EDGE_LOOP('',(#6347,#6348,#6349,#6350));
#1013=EDGE_LOOP('',(#6351,#6352,#6353,#6354));
#1014=EDGE_LOOP('',(#6355,#6356,#6357,#6358,#6359,#6360));
#1015=EDGE_LOOP('',(#6361,#6362,#6363,#6364));
#1016=EDGE_LOOP('',(#6365,#6366,#6367,#6368,#6369,#6370,#6371,#6372,#6373));
#1017=EDGE_LOOP('',(#6374,#6375,#6376,#6377));
#1018=EDGE_LOOP('',(#6378,#6379,#6380,#6381,#6382,#6383,#6384,#6385));
#1019=EDGE_LOOP('',(#6386,#6387,#6388,#6389,#6390,#6391,#6392,#6393));
#1020=EDGE_LOOP('',(#6394,#6395,#6396,#6397));
#1021=EDGE_LOOP('',(#6398,#6399,#6400,#6401));
#1022=EDGE_LOOP('',(#6402,#6403,#6404,#6405));
#1023=EDGE_LOOP('',(#6406,#6407,#6408,#6409));
#1024=EDGE_LOOP('',(#6410,#6411,#6412,#6413,#6414,#6415));
#1025=EDGE_LOOP('',(#6416,#6417,#6418,#6419,#6420,#6421));
#1026=EDGE_LOOP('',(#6422,#6423,#6424,#6425,#6426));
#1027=EDGE_LOOP('',(#6427,#6428,#6429,#6430,#6431));
#1028=EDGE_LOOP('',(#6432,#6433,#6434,#6435));
#1029=EDGE_LOOP('',(#6436,#6437,#6438,#6439));
#1030=EDGE_LOOP('',(#6440,#6441,#6442,#6443,#6444));
#1031=EDGE_LOOP('',(#6445,#6446,#6447,#6448));
#1032=EDGE_LOOP('',(#6449,#6450,#6451,#6452));
#1033=EDGE_LOOP('',(#6453,#6454,#6455,#6456));
#1034=EDGE_LOOP('',(#6457,#6458,#6459,#6460));
#1035=EDGE_LOOP('',(#6461));
#1036=EDGE_LOOP('',(#6462));
#1037=EDGE_LOOP('',(#6463));
#1038=EDGE_LOOP('',(#6464));
#1039=EDGE_LOOP('',(#6465,#6466,#6467,#6468));
#1040=EDGE_LOOP('',(#6469,#6470,#6471,#6472));
#1041=EDGE_LOOP('',(#6473,#6474,#6475,#6476,#6477,#6478));
#1042=EDGE_LOOP('',(#6479,#6480,#6481,#6482));
#1043=B_SPLINE_CURVE_WITH_KNOTS('',3,(#9609,#9610,#9611,#9612),
 .UNSPECIFIED.,.F.,.F.,(4,4),(0.,1.00000000000021),.UNSPECIFIED.);
#1044=B_SPLINE_CURVE_WITH_KNOTS('',3,(#9622,#9623,#9624,#9625),
 .UNSPECIFIED.,.F.,.F.,(4,4),(0.586936171890787,1.5229913451988),
 .UNSPECIFIED.);
#1045=B_SPLINE_CURVE_WITH_KNOTS('',3,(#9651,#9652,#9653,#9654),
 .UNSPECIFIED.,.F.,.F.,(4,4),(-1.5707963267949,-1.52299134963955),
 .UNSPECIFIED.);
#1046=B_SPLINE_CURVE_WITH_KNOTS('',3,(#10126,#10127,#10128,#10129),
 .UNSPECIFIED.,.F.,.F.,(4,4),(-0.636396103066387,-0.611396103066387),
 .UNSPECIFIED.);
#1047=B_SPLINE_CURVE_WITH_KNOTS('',3,(#10133,#10134,#10135,#10136),
 .UNSPECIFIED.,.F.,.F.,(4,4),(0.717192586356162,1.5229913451988),
 .UNSPECIFIED.);
#1048=B_SPLINE_CURVE_WITH_KNOTS('',3,(#10270,#10271,#10272,#10273,#10274,
#10275,#10276,#10277,#10278,#10279,#10280,#10281,#10282),.UNSPECIFIED.,
 .F.,.F.,(4,3,3,3,4),(0.,0.0138362895294582,0.0206981412767075,0.0352774805030551,
0.0410969082481053),.UNSPECIFIED.);
#1049=B_SPLINE_CURVE_WITH_KNOTS('',3,(#10306,#10307,#10308,#10309,#10310,
#10311,#10312),.UNSPECIFIED.,.F.,.F.,(4,3,4),(0.,0.0184062029755388,0.0368406458034427),
 .UNSPECIFIED.);
#1050=B_SPLINE_CURVE_WITH_KNOTS('',3,(#10443,#10444,#10445,#10446),
 .UNSPECIFIED.,.F.,.F.,(4,4),(0.,0.0366753509377473),.UNSPECIFIED.);
#1051=B_SPLINE_CURVE_WITH_KNOTS('',3,(#10452,#10453,#10454,#10455),
 .UNSPECIFIED.,.F.,.F.,(4,4),(0.,0.0368305404346297),.UNSPECIFIED.);
#1052=B_SPLINE_CURVE_WITH_KNOTS('',3,(#10461,#10462,#10463,#10464),
 .UNSPECIFIED.,.F.,.F.,(4,4),(0.,0.0368305404346773),.UNSPECIFIED.);
#1053=B_SPLINE_CURVE_WITH_KNOTS('',3,(#10470,#10471,#10472,#10473),
 .UNSPECIFIED.,.F.,.F.,(4,4),(0.,0.0368305404349273),.UNSPECIFIED.);
#1054=B_SPLINE_CURVE_WITH_KNOTS('',3,(#11273,#11274,#11275,#11276),
 .UNSPECIFIED.,.F.,.F.,(4,4),(0.,0.0351352722684111),.UNSPECIFIED.);
#1055=B_SPLINE_CURVE_WITH_KNOTS('',3,(#11300,#11301,#11302,#11303,#11304),
 .UNSPECIFIED.,.F.,.F.,(4,1,4),(-1.47423869636569,-0.631816584156678,8.05946764742108E-14),
 .UNSPECIFIED.);
#1056=B_SPLINE_CURVE_WITH_KNOTS('',3,(#11402,#11403,#11404,#11405,#11406),
 .UNSPECIFIED.,.F.,.F.,(4,1,4),(-8.05946764742108E-14,0.631816584156678,
1.47423869636569),.UNSPECIFIED.);
#1057=B_SPLINE_CURVE_WITH_KNOTS('',3,(#11476,#11477,#11478,#11479),
 .UNSPECIFIED.,.F.,.F.,(4,4),(-1.5707963267949,-1.47423869636567),
 .UNSPECIFIED.);
#1058=B_SPLINE_CURVE_WITH_KNOTS('',3,(#11480,#11481,#11482,#11483),
 .UNSPECIFIED.,.F.,.F.,(4,4),(1.47423869636567,1.5707963267949),
 .UNSPECIFIED.);
#1059=LINE('',#9604,#1948);
#1060=LINE('',#9606,#1949);
#1061=LINE('',#9608,#1950);
#1062=LINE('',#9615,#1951);
#1063=LINE('',#9617,#1952);
#1064=LINE('',#9618,#1953);
#1065=LINE('',#9629,#1954);
#1066=LINE('',#9632,#1955);
#1067=LINE('',#9649,#1956);
#1068=LINE('',#9655,#1957);
#1069=LINE('',#9659,#1958);
#1070=LINE('',#9663,#1959);
#1071=LINE('',#9668,#1960);
#1072=LINE('',#9669,#1961);
#1073=LINE('',#9670,#1962);
#1074=LINE('',#9674,#1963);
#1075=LINE('',#9678,#1964);
#1076=LINE('',#9679,#1965);
#1077=LINE('',#9682,#1966);
#1078=LINE('',#9684,#1967);
#1079=LINE('',#9685,#1968);
#1080=LINE('',#9688,#1969);
#1081=LINE('',#9693,#1970);
#1082=LINE('',#9695,#1971);
#1083=LINE('',#9697,#1972);
#1084=LINE('',#9699,#1973);
#1085=LINE('',#9701,#1974);
#1086=LINE('',#9703,#1975);
#1087=LINE('',#9705,#1976);
#1088=LINE('',#9707,#1977);
#1089=LINE('',#9711,#1978);
#1090=LINE('',#9715,#1979);
#1091=LINE('',#9716,#1980);
#1092=LINE('',#9719,#1981);
#1093=LINE('',#9721,#1982);
#1094=LINE('',#9723,#1983);
#1095=LINE('',#9724,#1984);
#1096=LINE('',#9727,#1985);
#1097=LINE('',#9729,#1986);
#1098=LINE('',#9731,#1987);
#1099=LINE('',#9732,#1988);
#1100=LINE('',#9735,#1989);
#1101=LINE('',#9737,#1990);
#1102=LINE('',#9739,#1991);
#1103=LINE('',#9740,#1992);
#1104=LINE('',#9743,#1993);
#1105=LINE('',#9745,#1994);
#1106=LINE('',#9747,#1995);
#1107=LINE('',#9748,#1996);
#1108=LINE('',#9751,#1997);
#1109=LINE('',#9753,#1998);
#1110=LINE('',#9755,#1999);
#1111=LINE('',#9756,#2000);
#1112=LINE('',#9759,#2001);
#1113=LINE('',#9763,#2002);
#1114=LINE('',#9767,#2003);
#1115=LINE('',#9768,#2004);
#1116=LINE('',#9771,#2005);
#1117=LINE('',#9774,#2006);
#1118=LINE('',#9775,#2007);
#1119=LINE('',#9777,#2008);
#1120=LINE('',#9781,#2009);
#1121=LINE('',#9783,#2010);
#1122=LINE('',#9785,#2011);
#1123=LINE('',#9787,#2012);
#1124=LINE('',#9789,#2013);
#1125=LINE('',#9791,#2014);
#1126=LINE('',#9795,#2015);
#1127=LINE('',#9799,#2016);
#1128=LINE('',#9803,#2017);
#1129=LINE('',#9807,#2018);
#1130=LINE('',#9811,#2019);
#1131=LINE('',#9814,#2020);
#1132=LINE('',#9817,#2021);
#1133=LINE('',#9819,#2022);
#1134=LINE('',#9821,#2023);
#1135=LINE('',#9822,#2024);
#1136=LINE('',#9825,#2025);
#1137=LINE('',#9827,#2026);
#1138=LINE('',#9829,#2027);
#1139=LINE('',#9830,#2028);
#1140=LINE('',#9833,#2029);
#1141=LINE('',#9835,#2030);
#1142=LINE('',#9837,#2031);
#1143=LINE('',#9838,#2032);
#1144=LINE('',#9841,#2033);
#1145=LINE('',#9843,#2034);
#1146=LINE('',#9845,#2035);
#1147=LINE('',#9846,#2036);
#1148=LINE('',#9849,#2037);
#1149=LINE('',#9851,#2038);
#1150=LINE('',#9853,#2039);
#1151=LINE('',#9854,#2040);
#1152=LINE('',#9858,#2041);
#1153=LINE('',#9860,#2042);
#1154=LINE('',#9862,#2043);
#1155=LINE('',#9864,#2044);
#1156=LINE('',#9866,#2045);
#1157=LINE('',#9867,#2046);
#1158=LINE('',#9870,#2047);
#1159=LINE('',#9872,#2048);
#1160=LINE('',#9874,#2049);
#1161=LINE('',#9876,#2050);
#1162=LINE('',#9878,#2051);
#1163=LINE('',#9880,#2052);
#1164=LINE('',#9882,#2053);
#1165=LINE('',#9883,#2054);
#1166=LINE('',#9886,#2055);
#1167=LINE('',#9888,#2056);
#1168=LINE('',#9890,#2057);
#1169=LINE('',#9892,#2058);
#1170=LINE('',#9893,#2059);
#1171=LINE('',#9895,#2060);
#1172=LINE('',#9897,#2061);
#1173=LINE('',#9898,#2062);
#1174=LINE('',#9901,#2063);
#1175=LINE('',#9902,#2064);
#1176=LINE('',#9906,#2065);
#1177=LINE('',#9907,#2066);
#1178=LINE('',#9908,#2067);
#1179=LINE('',#9912,#2068);
#1180=LINE('',#9913,#2069);
#1181=LINE('',#9914,#2070);
#1182=LINE('',#9918,#2071);
#1183=LINE('',#9919,#2072);
#1184=LINE('',#9921,#2073);
#1185=LINE('',#9922,#2074);
#1186=LINE('',#9925,#2075);
#1187=LINE('',#9927,#2076);
#1188=LINE('',#9928,#2077);
#1189=LINE('',#9931,#2078);
#1190=LINE('',#9933,#2079);
#1191=LINE('',#9934,#2080);
#1192=LINE('',#9937,#2081);
#1193=LINE('',#9939,#2082);
#1194=LINE('',#9940,#2083);
#1195=LINE('',#9942,#2084);
#1196=LINE('',#9943,#2085);
#1197=LINE('',#9945,#2086);
#1198=LINE('',#9947,#2087);
#1199=LINE('',#9949,#2088);
#1200=LINE('',#9952,#2089);
#1201=LINE('',#9953,#2090);
#1202=LINE('',#9956,#2091);
#1203=LINE('',#9958,#2092);
#1204=LINE('',#9960,#2093);
#1205=LINE('',#9962,#2094);
#1206=LINE('',#9964,#2095);
#1207=LINE('',#9966,#2096);
#1208=LINE('',#9968,#2097);
#1209=LINE('',#9970,#2098);
#1210=LINE('',#9972,#2099);
#1211=LINE('',#9974,#2100);
#1212=LINE('',#9976,#2101);
#1213=LINE('',#9978,#2102);
#1214=LINE('',#9980,#2103);
#1215=LINE('',#9982,#2104);
#1216=LINE('',#9984,#2105);
#1217=LINE('',#9985,#2106);
#1218=LINE('',#9989,#2107);
#1219=LINE('',#9991,#2108);
#1220=LINE('',#9993,#2109);
#1221=LINE('',#9994,#2110);
#1222=LINE('',#9998,#2111);
#1223=LINE('',#10000,#2112);
#1224=LINE('',#10002,#2113);
#1225=LINE('',#10003,#2114);
#1226=LINE('',#10006,#2115);
#1227=LINE('',#10008,#2116);
#1228=LINE('',#10010,#2117);
#1229=LINE('',#10011,#2118);
#1230=LINE('',#10014,#2119);
#1231=LINE('',#10015,#2120);
#1232=LINE('',#10018,#2121);
#1233=LINE('',#10019,#2122);
#1234=LINE('',#10022,#2123);
#1235=LINE('',#10023,#2124);
#1236=LINE('',#10026,#2125);
#1237=LINE('',#10027,#2126);
#1238=LINE('',#10030,#2127);
#1239=LINE('',#10031,#2128);
#1240=LINE('',#10033,#2129);
#1241=LINE('',#10034,#2130);
#1242=LINE('',#10037,#2131);
#1243=LINE('',#10039,#2132);
#1244=LINE('',#10040,#2133);
#1245=LINE('',#10042,#2134);
#1246=LINE('',#10043,#2135);
#1247=LINE('',#10045,#2136);
#1248=LINE('',#10046,#2137);
#1249=LINE('',#10049,#2138);
#1250=LINE('',#10050,#2139);
#1251=LINE('',#10052,#2140);
#1252=LINE('',#10053,#2141);
#1253=LINE('',#10055,#2142);
#1254=LINE('',#10057,#2143);
#1255=LINE('',#10059,#2144);
#1256=LINE('',#10062,#2145);
#1257=LINE('',#10063,#2146);
#1258=LINE('',#10066,#2147);
#1259=LINE('',#10067,#2148);
#1260=LINE('',#10070,#2149);
#1261=LINE('',#10071,#2150);
#1262=LINE('',#10074,#2151);
#1263=LINE('',#10075,#2152);
#1264=LINE('',#10078,#2153);
#1265=LINE('',#10079,#2154);
#1266=LINE('',#10082,#2155);
#1267=LINE('',#10083,#2156);
#1268=LINE('',#10086,#2157);
#1269=LINE('',#10087,#2158);
#1270=LINE('',#10090,#2159);
#1271=LINE('',#10092,#2160);
#1272=LINE('',#10093,#2161);
#1273=LINE('',#10095,#2162);
#1274=LINE('',#10097,#2163);
#1275=LINE('',#10099,#2164);
#1276=LINE('',#10102,#2165);
#1277=LINE('',#10103,#2166);
#1278=LINE('',#10106,#2167);
#1279=LINE('',#10107,#2168);
#1280=LINE('',#10110,#2169);
#1281=LINE('',#10111,#2170);
#1282=LINE('',#10113,#2171);
#1283=LINE('',#10116,#2172);
#1284=LINE('',#10118,#2173);
#1285=LINE('',#10119,#2174);
#1286=LINE('',#10122,#2175);
#1287=LINE('',#10123,#2176);
#1288=LINE('',#10125,#2177);
#1289=LINE('',#10139,#2178);
#1290=LINE('',#10143,#2179);
#1291=LINE('',#10144,#2180);
#1292=LINE('',#10147,#2181);
#1293=LINE('',#10150,#2182);
#1294=LINE('',#10151,#2183);
#1295=LINE('',#10153,#2184);
#1296=LINE('',#10156,#2185);
#1297=LINE('',#10157,#2186);
#1298=LINE('',#10160,#2187);
#1299=LINE('',#10164,#2188);
#1300=LINE('',#10165,#2189);
#1301=LINE('',#10168,#2190);
#1302=LINE('',#10172,#2191);
#1303=LINE('',#10173,#2192);
#1304=LINE('',#10176,#2193);
#1305=LINE('',#10179,#2194);
#1306=LINE('',#10183,#2195);
#1307=LINE('',#10186,#2196);
#1308=LINE('',#10189,#2197);
#1309=LINE('',#10197,#2198);
#1310=LINE('',#10199,#2199);
#1311=LINE('',#10200,#2200);
#1312=LINE('',#10203,#2201);
#1313=LINE('',#10207,#2202);
#1314=LINE('',#10209,#2203);
#1315=LINE('',#10211,#2204);
#1316=LINE('',#10213,#2205);
#1317=LINE('',#10215,#2206);
#1318=LINE('',#10217,#2207);
#1319=LINE('',#10219,#2208);
#1320=LINE('',#10221,#2209);
#1321=LINE('',#10222,#2210);
#1322=LINE('',#10225,#2211);
#1323=LINE('',#10228,#2212);
#1324=LINE('',#10231,#2213);
#1325=LINE('',#10233,#2214);
#1326=LINE('',#10235,#2215);
#1327=LINE('',#10237,#2216);
#1328=LINE('',#10239,#2217);
#1329=LINE('',#10241,#2218);
#1330=LINE('',#10242,#2219);
#1331=LINE('',#10245,#2220);
#1332=LINE('',#10249,#2221);
#1333=LINE('',#10251,#2222);
#1334=LINE('',#10252,#2223);
#1335=LINE('',#10255,#2224);
#1336=LINE('',#10259,#2225);
#1337=LINE('',#10260,#2226);
#1338=LINE('',#10262,#2227);
#1339=LINE('',#10263,#2228);
#1340=LINE('',#10265,#2229);
#1341=LINE('',#10267,#2230);
#1342=LINE('',#10269,#2231);
#1343=LINE('',#10300,#2232);
#1344=LINE('',#10302,#2233);
#1345=LINE('',#10305,#2234);
#1346=LINE('',#10332,#2235);
#1347=LINE('',#10334,#2236);
#1348=LINE('',#10336,#2237);
#1349=LINE('',#10338,#2238);
#1350=LINE('',#10340,#2239);
#1351=LINE('',#10341,#2240);
#1352=LINE('',#10342,#2241);
#1353=LINE('',#10345,#2242);
#1354=LINE('',#10347,#2243);
#1355=LINE('',#10349,#2244);
#1356=LINE('',#10351,#2245);
#1357=LINE('',#10353,#2246);
#1358=LINE('',#10355,#2247);
#1359=LINE('',#10356,#2248);
#1360=LINE('',#10359,#2249);
#1361=LINE('',#10361,#2250);
#1362=LINE('',#10362,#2251);
#1363=LINE('',#10364,#2252);
#1364=LINE('',#10367,#2253);
#1365=LINE('',#10369,#2254);
#1366=LINE('',#10370,#2255);
#1367=LINE('',#10373,#2256);
#1368=LINE('',#10374,#2257);
#1369=LINE('',#10377,#2258);
#1370=LINE('',#10378,#2259);
#1371=LINE('',#10380,#2260);
#1372=LINE('',#10382,#2261);
#1373=LINE('',#10383,#2262);
#1374=LINE('',#10385,#2263);
#1375=LINE('',#10388,#2264);
#1376=LINE('',#10389,#2265);
#1377=LINE('',#10391,#2266);
#1378=LINE('',#10393,#2267);
#1379=LINE('',#10394,#2268);
#1380=LINE('',#10396,#2269);
#1381=LINE('',#10398,#2270);
#1382=LINE('',#10399,#2271);
#1383=LINE('',#10401,#2272);
#1384=LINE('',#10403,#2273);
#1385=LINE('',#10404,#2274);
#1386=LINE('',#10406,#2275);
#1387=LINE('',#10409,#2276);
#1388=LINE('',#10410,#2277);
#1389=LINE('',#10413,#2278);
#1390=LINE('',#10415,#2279);
#1391=LINE('',#10416,#2280);
#1392=LINE('',#10419,#2281);
#1393=LINE('',#10421,#2282);
#1394=LINE('',#10422,#2283);
#1395=LINE('',#10425,#2284);
#1396=LINE('',#10426,#2285);
#1397=LINE('',#10429,#2286);
#1398=LINE('',#10430,#2287);
#1399=LINE('',#10434,#2288);
#1400=LINE('',#10436,#2289);
#1401=LINE('',#10438,#2290);
#1402=LINE('',#10440,#2291);
#1403=LINE('',#10442,#2292);
#1404=LINE('',#10458,#2293);
#1405=LINE('',#10460,#2294);
#1406=LINE('',#10476,#2295);
#1407=LINE('',#10478,#2296);
#1408=LINE('',#10480,#2297);
#1409=LINE('',#10482,#2298);
#1410=LINE('',#10483,#2299);
#1411=LINE('',#10486,#2300);
#1412=LINE('',#10488,#2301);
#1413=LINE('',#10490,#2302);
#1414=LINE('',#10492,#2303);
#1415=LINE('',#10494,#2304);
#1416=LINE('',#10496,#2305);
#1417=LINE('',#10498,#2306);
#1418=LINE('',#10500,#2307);
#1419=LINE('',#10501,#2308);
#1420=LINE('',#10504,#2309);
#1421=LINE('',#10508,#2310);
#1422=LINE('',#10513,#2311);
#1423=LINE('',#10515,#2312);
#1424=LINE('',#10517,#2313);
#1425=LINE('',#10519,#2314);
#1426=LINE('',#10521,#2315);
#1427=LINE('',#10523,#2316);
#1428=LINE('',#10525,#2317);
#1429=LINE('',#10527,#2318);
#1430=LINE('',#10529,#2319);
#1431=LINE('',#10530,#2320);
#1432=LINE('',#10533,#2321);
#1433=LINE('',#10537,#2322);
#1434=LINE('',#10542,#2323);
#1435=LINE('',#10544,#2324);
#1436=LINE('',#10546,#2325);
#1437=LINE('',#10548,#2326);
#1438=LINE('',#10550,#2327);
#1439=LINE('',#10552,#2328);
#1440=LINE('',#10554,#2329);
#1441=LINE('',#10555,#2330);
#1442=LINE('',#10558,#2331);
#1443=LINE('',#10559,#2332);
#1444=LINE('',#10567,#2333);
#1445=LINE('',#10569,#2334);
#1446=LINE('',#10570,#2335);
#1447=LINE('',#10575,#2336);
#1448=LINE('',#10580,#2337);
#1449=LINE('',#10581,#2338);
#1450=LINE('',#10582,#2339);
#1451=LINE('',#10586,#2340);
#1452=LINE('',#10593,#2341);
#1453=LINE('',#10596,#2342);
#1454=LINE('',#10600,#2343);
#1455=LINE('',#10601,#2344);
#1456=LINE('',#10604,#2345);
#1457=LINE('',#10615,#2346);
#1458=LINE('',#10616,#2347);
#1459=LINE('',#10619,#2348);
#1460=LINE('',#10621,#2349);
#1461=LINE('',#10625,#2350);
#1462=LINE('',#10626,#2351);
#1463=LINE('',#10629,#2352);
#1464=LINE('',#10633,#2353);
#1465=LINE('',#10634,#2354);
#1466=LINE('',#10637,#2355);
#1467=LINE('',#10641,#2356);
#1468=LINE('',#10642,#2357);
#1469=LINE('',#10645,#2358);
#1470=LINE('',#10649,#2359);
#1471=LINE('',#10654,#2360);
#1472=LINE('',#10656,#2361);
#1473=LINE('',#10658,#2362);
#1474=LINE('',#10660,#2363);
#1475=LINE('',#10662,#2364);
#1476=LINE('',#10663,#2365);
#1477=LINE('',#10666,#2366);
#1478=LINE('',#10668,#2367);
#1479=LINE('',#10670,#2368);
#1480=LINE('',#10672,#2369);
#1481=LINE('',#10674,#2370);
#1482=LINE('',#10675,#2371);
#1483=LINE('',#10677,#2372);
#1484=LINE('',#10679,#2373);
#1485=LINE('',#10680,#2374);
#1486=LINE('',#10682,#2375);
#1487=LINE('',#10683,#2376);
#1488=LINE('',#10688,#2377);
#1489=LINE('',#10691,#2378);
#1490=LINE('',#10692,#2379);
#1491=LINE('',#10695,#2380);
#1492=LINE('',#10697,#2381);
#1493=LINE('',#10698,#2382);
#1494=LINE('',#10700,#2383);
#1495=LINE('',#10703,#2384);
#1496=LINE('',#10704,#2385);
#1497=LINE('',#10708,#2386);
#1498=LINE('',#10709,#2387);
#1499=LINE('',#10713,#2388);
#1500=LINE('',#10715,#2389);
#1501=LINE('',#10716,#2390);
#1502=LINE('',#10719,#2391);
#1503=LINE('',#10720,#2392);
#1504=LINE('',#10722,#2393);
#1505=LINE('',#10725,#2394);
#1506=LINE('',#10727,#2395);
#1507=LINE('',#10728,#2396);
#1508=LINE('',#10731,#2397);
#1509=LINE('',#10732,#2398);
#1510=LINE('',#10735,#2399);
#1511=LINE('',#10737,#2400);
#1512=LINE('',#10739,#2401);
#1513=LINE('',#10741,#2402);
#1514=LINE('',#10743,#2403);
#1515=LINE('',#10745,#2404);
#1516=LINE('',#10746,#2405);
#1517=LINE('',#10749,#2406);
#1518=LINE('',#10751,#2407);
#1519=LINE('',#10752,#2408);
#1520=LINE('',#10754,#2409);
#1521=LINE('',#10757,#2410);
#1522=LINE('',#10758,#2411);
#1523=LINE('',#10761,#2412);
#1524=LINE('',#10763,#2413);
#1525=LINE('',#10765,#2414);
#1526=LINE('',#10767,#2415);
#1527=LINE('',#10769,#2416);
#1528=LINE('',#10771,#2417);
#1529=LINE('',#10772,#2418);
#1530=LINE('',#10775,#2419);
#1531=LINE('',#10777,#2420);
#1532=LINE('',#10778,#2421);
#1533=LINE('',#10780,#2422);
#1534=LINE('',#10783,#2423);
#1535=LINE('',#10784,#2424);
#1536=LINE('',#10788,#2425);
#1537=LINE('',#10790,#2426);
#1538=LINE('',#10792,#2427);
#1539=LINE('',#10793,#2428);
#1540=LINE('',#10795,#2429);
#1541=LINE('',#10797,#2430);
#1542=LINE('',#10798,#2431);
#1543=LINE('',#10803,#2432);
#1544=LINE('',#10804,#2433);
#1545=LINE('',#10809,#2434);
#1546=LINE('',#10810,#2435);
#1547=LINE('',#10813,#2436);
#1548=LINE('',#10815,#2437);
#1549=LINE('',#10816,#2438);
#1550=LINE('',#10819,#2439);
#1551=LINE('',#10820,#2440);
#1552=LINE('',#10823,#2441);
#1553=LINE('',#10824,#2442);
#1554=LINE('',#10827,#2443);
#1555=LINE('',#10828,#2444);
#1556=LINE('',#10831,#2445);
#1557=LINE('',#10834,#2446);
#1558=LINE('',#10837,#2447);
#1559=LINE('',#10838,#2448);
#1560=LINE('',#10841,#2449);
#1561=LINE('',#10844,#2450);
#1562=LINE('',#10847,#2451);
#1563=LINE('',#10848,#2452);
#1564=LINE('',#10852,#2453);
#1565=LINE('',#10854,#2454);
#1566=LINE('',#10856,#2455);
#1567=LINE('',#10858,#2456);
#1568=LINE('',#10860,#2457);
#1569=LINE('',#10861,#2458);
#1570=LINE('',#10865,#2459);
#1571=LINE('',#10867,#2460);
#1572=LINE('',#10869,#2461);
#1573=LINE('',#10871,#2462);
#1574=LINE('',#10873,#2463);
#1575=LINE('',#10874,#2464);
#1576=LINE('',#10876,#2465);
#1577=LINE('',#10877,#2466);
#1578=LINE('',#10879,#2467);
#1579=LINE('',#10881,#2468);
#1580=LINE('',#10882,#2469);
#1581=LINE('',#10884,#2470);
#1582=LINE('',#10886,#2471);
#1583=LINE('',#10888,#2472);
#1584=LINE('',#10890,#2473);
#1585=LINE('',#10893,#2474);
#1586=LINE('',#10894,#2475);
#1587=LINE('',#10897,#2476);
#1588=LINE('',#10898,#2477);
#1589=LINE('',#10901,#2478);
#1590=LINE('',#10903,#2479);
#1591=LINE('',#10905,#2480);
#1592=LINE('',#10907,#2481);
#1593=LINE('',#10909,#2482);
#1594=LINE('',#10910,#2483);
#1595=LINE('',#10912,#2484);
#1596=LINE('',#10914,#2485);
#1597=LINE('',#10916,#2486);
#1598=LINE('',#10918,#2487);
#1599=LINE('',#10920,#2488);
#1600=LINE('',#10922,#2489);
#1601=LINE('',#10924,#2490);
#1602=LINE('',#10926,#2491);
#1603=LINE('',#10928,#2492);
#1604=LINE('',#10930,#2493);
#1605=LINE('',#10932,#2494);
#1606=LINE('',#10934,#2495);
#1607=LINE('',#10936,#2496);
#1608=LINE('',#10938,#2497);
#1609=LINE('',#10940,#2498);
#1610=LINE('',#10942,#2499);
#1611=LINE('',#10944,#2500);
#1612=LINE('',#10945,#2501);
#1613=LINE('',#10947,#2502);
#1614=LINE('',#10949,#2503);
#1615=LINE('',#10952,#2504);
#1616=LINE('',#10954,#2505);
#1617=LINE('',#10955,#2506);
#1618=LINE('',#10957,#2507);
#1619=LINE('',#10960,#2508);
#1620=LINE('',#10962,#2509);
#1621=LINE('',#10965,#2510);
#1622=LINE('',#10966,#2511);
#1623=LINE('',#10968,#2512);
#1624=LINE('',#10970,#2513);
#1625=LINE('',#10971,#2514);
#1626=LINE('',#10973,#2515);
#1627=LINE('',#10976,#2516);
#1628=LINE('',#10977,#2517);
#1629=LINE('',#10978,#2518);
#1630=LINE('',#10980,#2519);
#1631=LINE('',#10981,#2520);
#1632=LINE('',#10984,#2521);
#1633=LINE('',#10986,#2522);
#1634=LINE('',#10987,#2523);
#1635=LINE('',#10989,#2524);
#1636=LINE('',#10992,#2525);
#1637=LINE('',#10994,#2526);
#1638=LINE('',#10997,#2527);
#1639=LINE('',#10999,#2528);
#1640=LINE('',#11000,#2529);
#1641=LINE('',#11002,#2530);
#1642=LINE('',#11004,#2531);
#1643=LINE('',#11005,#2532);
#1644=LINE('',#11007,#2533);
#1645=LINE('',#11009,#2534);
#1646=LINE('',#11010,#2535);
#1647=LINE('',#11012,#2536);
#1648=LINE('',#11014,#2537);
#1649=LINE('',#11016,#2538);
#1650=LINE('',#11021,#2539);
#1651=LINE('',#11022,#2540);
#1652=LINE('',#11023,#2541);
#1653=LINE('',#11025,#2542);
#1654=LINE('',#11026,#2543);
#1655=LINE('',#11030,#2544);
#1656=LINE('',#11031,#2545);
#1657=LINE('',#11033,#2546);
#1658=LINE('',#11037,#2547);
#1659=LINE('',#11038,#2548);
#1660=LINE('',#11040,#2549);
#1661=LINE('',#11043,#2550);
#1662=LINE('',#11045,#2551);
#1663=LINE('',#11046,#2552);
#1664=LINE('',#11048,#2553);
#1665=LINE('',#11050,#2554);
#1666=LINE('',#11051,#2555);
#1667=LINE('',#11053,#2556);
#1668=LINE('',#11054,#2557);
#1669=LINE('',#11057,#2558);
#1670=LINE('',#11059,#2559);
#1671=LINE('',#11060,#2560);
#1672=LINE('',#11062,#2561);
#1673=LINE('',#11064,#2562);
#1674=LINE('',#11066,#2563);
#1675=LINE('',#11067,#2564);
#1676=LINE('',#11070,#2565);
#1677=LINE('',#11073,#2566);
#1678=LINE('',#11075,#2567);
#1679=LINE('',#11080,#2568);
#1680=LINE('',#11083,#2569);
#1681=LINE('',#11086,#2570);
#1682=LINE('',#11089,#2571);
#1683=LINE('',#11092,#2572);
#1684=LINE('',#11101,#2573);
#1685=LINE('',#11106,#2574);
#1686=LINE('',#11110,#2575);
#1687=LINE('',#11114,#2576);
#1688=LINE('',#11118,#2577);
#1689=LINE('',#11122,#2578);
#1690=LINE('',#11126,#2579);
#1691=LINE('',#11130,#2580);
#1692=LINE('',#11134,#2581);
#1693=LINE('',#11136,#2582);
#1694=LINE('',#11137,#2583);
#1695=LINE('',#11142,#2584);
#1696=LINE('',#11146,#2585);
#1697=LINE('',#11150,#2586);
#1698=LINE('',#11155,#2587);
#1699=LINE('',#11156,#2588);
#1700=LINE('',#11158,#2589);
#1701=LINE('',#11160,#2590);
#1702=LINE('',#11161,#2591);
#1703=LINE('',#11164,#2592);
#1704=LINE('',#11166,#2593);
#1705=LINE('',#11168,#2594);
#1706=LINE('',#11170,#2595);
#1707=LINE('',#11171,#2596);
#1708=LINE('',#11174,#2597);
#1709=LINE('',#11176,#2598);
#1710=LINE('',#11178,#2599);
#1711=LINE('',#11180,#2600);
#1712=LINE('',#11182,#2601);
#1713=LINE('',#11184,#2602);
#1714=LINE('',#11186,#2603);
#1715=LINE('',#11188,#2604);
#1716=LINE('',#11189,#2605);
#1717=LINE('',#11192,#2606);
#1718=LINE('',#11193,#2607);
#1719=LINE('',#11197,#2608);
#1720=LINE('',#11198,#2609);
#1721=LINE('',#11200,#2610);
#1722=LINE('',#11201,#2611);
#1723=LINE('',#11204,#2612);
#1724=LINE('',#11205,#2613);
#1725=LINE('',#11208,#2614);
#1726=LINE('',#11210,#2615);
#1727=LINE('',#11211,#2616);
#1728=LINE('',#11214,#2617);
#1729=LINE('',#11215,#2618);
#1730=LINE('',#11218,#2619);
#1731=LINE('',#11222,#2620);
#1732=LINE('',#11223,#2621);
#1733=LINE('',#11226,#2622);
#1734=LINE('',#11230,#2623);
#1735=LINE('',#11231,#2624);
#1736=LINE('',#11234,#2625);
#1737=LINE('',#11238,#2626);
#1738=LINE('',#11239,#2627);
#1739=LINE('',#11242,#2628);
#1740=LINE('',#11246,#2629);
#1741=LINE('',#11247,#2630);
#1742=LINE('',#11250,#2631);
#1743=LINE('',#11254,#2632);
#1744=LINE('',#11255,#2633);
#1745=LINE('',#11258,#2634);
#1746=LINE('',#11262,#2635);
#1747=LINE('',#11263,#2636);
#1748=LINE('',#11265,#2637);
#1749=LINE('',#11270,#2638);
#1750=LINE('',#11272,#2639);
#1751=LINE('',#11280,#2640);
#1752=LINE('',#11286,#2641);
#1753=LINE('',#11287,#2642);
#1754=LINE('',#11288,#2643);
#1755=LINE('',#11294,#2644);
#1756=LINE('',#11295,#2645);
#1757=LINE('',#11298,#2646);
#1758=LINE('',#11306,#2647);
#1759=LINE('',#11310,#2648);
#1760=LINE('',#11312,#2649);
#1761=LINE('',#11314,#2650);
#1762=LINE('',#11316,#2651);
#1763=LINE('',#11318,#2652);
#1764=LINE('',#11320,#2653);
#1765=LINE('',#11322,#2654);
#1766=LINE('',#11324,#2655);
#1767=LINE('',#11325,#2656);
#1768=LINE('',#11328,#2657);
#1769=LINE('',#11332,#2658);
#1770=LINE('',#11333,#2659);
#1771=LINE('',#11337,#2660);
#1772=LINE('',#11339,#2661);
#1773=LINE('',#11340,#2662);
#1774=LINE('',#11341,#2663);
#1775=LINE('',#11344,#2664);
#1776=LINE('',#11346,#2665);
#1777=LINE('',#11347,#2666);
#1778=LINE('',#11350,#2667);
#1779=LINE('',#11352,#2668);
#1780=LINE('',#11353,#2669);
#1781=LINE('',#11356,#2670);
#1782=LINE('',#11358,#2671);
#1783=LINE('',#11360,#2672);
#1784=LINE('',#11362,#2673);
#1785=LINE('',#11364,#2674);
#1786=LINE('',#11366,#2675);
#1787=LINE('',#11367,#2676);
#1788=LINE('',#11370,#2677);
#1789=LINE('',#11372,#2678);
#1790=LINE('',#11373,#2679);
#1791=LINE('',#11377,#2680);
#1792=LINE('',#11378,#2681);
#1793=LINE('',#11379,#2682);
#1794=LINE('',#11401,#2683);
#1795=LINE('',#11410,#2684);
#1796=LINE('',#11411,#2685);
#1797=LINE('',#11412,#2686);
#1798=LINE('',#11414,#2687);
#1799=LINE('',#11415,#2688);
#1800=LINE('',#11418,#2689);
#1801=LINE('',#11420,#2690);
#1802=LINE('',#11421,#2691);
#1803=LINE('',#11425,#2692);
#1804=LINE('',#11427,#2693);
#1805=LINE('',#11429,#2694);
#1806=LINE('',#11431,#2695);
#1807=LINE('',#11432,#2696);
#1808=LINE('',#11436,#2697);
#1809=LINE('',#11438,#2698);
#1810=LINE('',#11439,#2699);
#1811=LINE('',#11440,#2700);
#1812=LINE('',#11443,#2701);
#1813=LINE('',#11444,#2702);
#1814=LINE('',#11447,#2703);
#1815=LINE('',#11448,#2704);
#1816=LINE('',#11451,#2705);
#1817=LINE('',#11453,#2706);
#1818=LINE('',#11455,#2707);
#1819=LINE('',#11456,#2708);
#1820=LINE('',#11458,#2709);
#1821=LINE('',#11459,#2710);
#1822=LINE('',#11486,#2711);
#1823=LINE('',#11487,#2712);
#1824=LINE('',#11489,#2713);
#1825=LINE('',#11492,#2714);
#1826=LINE('',#11494,#2715);
#1827=LINE('',#11495,#2716);
#1828=LINE('',#11498,#2717);
#1829=LINE('',#11500,#2718);
#1830=LINE('',#11501,#2719);
#1831=LINE('',#11504,#2720);
#1832=LINE('',#11505,#2721);
#1833=LINE('',#11508,#2722);
#1834=LINE('',#11509,#2723);
#1835=LINE('',#11513,#2724);
#1836=LINE('',#11517,#2725);
#1837=LINE('',#11521,#2726);
#1838=LINE('',#11523,#2727);
#1839=LINE('',#11525,#2728);
#1840=LINE('',#11526,#2729);
#1841=LINE('',#11528,#2730);
#1842=LINE('',#11530,#2731);
#1843=LINE('',#11532,#2732);
#1844=LINE('',#11534,#2733);
#1845=LINE('',#11535,#2734);
#1846=LINE('',#11538,#2735);
#1847=LINE('',#11541,#2736);
#1848=LINE('',#11543,#2737);
#1849=LINE('',#11545,#2738);
#1850=LINE('',#11546,#2739);
#1851=LINE('',#11549,#2740);
#1852=LINE('',#11553,#2741);
#1853=LINE('',#11556,#2742);
#1854=LINE('',#11558,#2743);
#1855=LINE('',#11559,#2744);
#1856=LINE('',#11562,#2745);
#1857=LINE('',#11567,#2746);
#1858=LINE('',#11570,#2747);
#1859=LINE('',#11573,#2748);
#1860=LINE('',#11575,#2749);
#1861=LINE('',#11576,#2750);
#1862=LINE('',#11579,#2751);
#1863=LINE('',#11582,#2752);
#1864=LINE('',#11585,#2753);
#1865=LINE('',#11586,#2754);
#1866=LINE('',#11592,#2755);
#1867=LINE('',#11594,#2756);
#1868=LINE('',#11596,#2757);
#1869=LINE('',#11597,#2758);
#1870=LINE('',#11600,#2759);
#1871=LINE('',#11602,#2760);
#1872=LINE('',#11603,#2761);
#1873=LINE('',#11605,#2762);
#1874=LINE('',#11606,#2763);
#1875=LINE('',#11609,#2764);
#1876=LINE('',#11611,#2765);
#1877=LINE('',#11612,#2766);
#1878=LINE('',#11615,#2767);
#1879=LINE('',#11617,#2768);
#1880=LINE('',#11618,#2769);
#1881=LINE('',#11621,#2770);
#1882=LINE('',#11622,#2771);
#1883=LINE('',#11623,#2772);
#1884=LINE('',#11626,#2773);
#1885=LINE('',#11628,#2774);
#1886=LINE('',#11629,#2775);
#1887=LINE('',#11631,#2776);
#1888=LINE('',#11634,#2777);
#1889=LINE('',#11638,#2778);
#1890=LINE('',#11639,#2779);
#1891=LINE('',#11642,#2780);
#1892=LINE('',#11646,#2781);
#1893=LINE('',#11647,#2782);
#1894=LINE('',#11648,#2783);
#1895=LINE('',#11656,#2784);
#1896=LINE('',#11662,#2785);
#1897=LINE('',#11664,#2786);
#1898=LINE('',#11666,#2787);
#1899=LINE('',#11668,#2788);
#1900=LINE('',#11669,#2789);
#1901=LINE('',#11671,#2790);
#1902=LINE('',#11672,#2791);
#1903=LINE('',#11674,#2792);
#1904=LINE('',#11676,#2793);
#1905=LINE('',#11677,#2794);
#1906=LINE('',#11680,#2795);
#1907=LINE('',#11684,#2796);
#1908=LINE('',#11688,#2797);
#1909=LINE('',#11693,#2798);
#1910=LINE('',#11695,#2799);
#1911=LINE('',#11697,#2800);
#1912=LINE('',#11698,#2801);
#1913=LINE('',#11700,#2802);
#1914=LINE('',#11702,#2803);
#1915=LINE('',#11706,#2804);
#1916=LINE('',#11708,#2805);
#1917=LINE('',#11709,#2806);
#1918=LINE('',#11711,#2807);
#1919=LINE('',#11714,#2808);
#1920=LINE('',#11717,#2809);
#1921=LINE('',#11718,#2810);
#1922=LINE('',#11721,#2811);
#1923=LINE('',#11723,#2812);
#1924=LINE('',#11725,#2813);
#1925=LINE('',#11727,#2814);
#1926=LINE('',#11729,#2815);
#1927=LINE('',#11730,#2816);
#1928=LINE('',#11733,#2817);
#1929=LINE('',#11735,#2818);
#1930=LINE('',#11737,#2819);
#1931=LINE('',#11739,#2820);
#1932=LINE('',#11741,#2821);
#1933=LINE('',#11742,#2822);
#1934=LINE('',#11744,#2823);
#1935=LINE('',#11745,#2824);
#1936=LINE('',#11747,#2825);
#1937=LINE('',#11749,#2826);
#1938=LINE('',#11751,#2827);
#1939=LINE('',#11755,#2828);
#1940=LINE('',#11757,#2829);
#1941=LINE('',#11759,#2830);
#1942=LINE('',#11762,#2831);
#1943=LINE('',#11764,#2832);
#1944=LINE('',#11766,#2833);
#1945=LINE('',#11768,#2834);
#1946=LINE('',#11777,#2835);
#1947=LINE('',#11779,#2836);
#1948=VECTOR('',#7719,10.);
#1949=VECTOR('',#7720,10.);
#1950=VECTOR('',#7721,10.);
#1951=VECTOR('',#7724,10.);
#1952=VECTOR('',#7725,10.);
#1953=VECTOR('',#7726,10.);
#1954=VECTOR('',#7731,10.);
#1955=VECTOR('',#7734,10.);
#1956=VECTOR('',#7735,10.);
#1957=VECTOR('',#7736,10.);
#1958=VECTOR('',#7739,10.);
#1959=VECTOR('',#7742,10.);
#1960=VECTOR('',#7747,10.);
#1961=VECTOR('',#7748,10.);
#1962=VECTOR('',#7749,10.);
#1963=VECTOR('',#7752,10.);
#1964=VECTOR('',#7759,10.);
#1965=VECTOR('',#7760,10.);
#1966=VECTOR('',#7763,10.);
#1967=VECTOR('',#7764,10.);
#1968=VECTOR('',#7765,10.);
#1969=VECTOR('',#7768,10.);
#1970=VECTOR('',#7773,10.);
#1971=VECTOR('',#7774,10.);
#1972=VECTOR('',#7775,10.);
#1973=VECTOR('',#7776,10.);
#1974=VECTOR('',#7777,10.);
#1975=VECTOR('',#7778,10.);
#1976=VECTOR('',#7779,10.);
#1977=VECTOR('',#7780,10.);
#1978=VECTOR('',#7783,10.);
#1979=VECTOR('',#7786,10.);
#1980=VECTOR('',#7787,10.);
#1981=VECTOR('',#7788,10.);
#1982=VECTOR('',#7789,10.);
#1983=VECTOR('',#7790,10.);
#1984=VECTOR('',#7791,10.);
#1985=VECTOR('',#7792,10.);
#1986=VECTOR('',#7793,10.);
#1987=VECTOR('',#7794,10.);
#1988=VECTOR('',#7795,10.);
#1989=VECTOR('',#7796,10.);
#1990=VECTOR('',#7797,10.);
#1991=VECTOR('',#7798,10.);
#1992=VECTOR('',#7799,10.);
#1993=VECTOR('',#7800,10.);
#1994=VECTOR('',#7801,10.);
#1995=VECTOR('',#7802,10.);
#1996=VECTOR('',#7803,10.);
#1997=VECTOR('',#7804,10.);
#1998=VECTOR('',#7805,10.);
#1999=VECTOR('',#7806,10.);
#2000=VECTOR('',#7807,10.);
#2001=VECTOR('',#7810,10.);
#2002=VECTOR('',#7813,10.);
#2003=VECTOR('',#7818,10.);
#2004=VECTOR('',#7819,10.);
#2005=VECTOR('',#7822,10.);
#2006=VECTOR('',#7827,10.);
#2007=VECTOR('',#7828,10.);
#2008=VECTOR('',#7831,10.);
#2009=VECTOR('',#7834,10.);
#2010=VECTOR('',#7835,10.);
#2011=VECTOR('',#7836,10.);
#2012=VECTOR('',#7837,10.);
#2013=VECTOR('',#7838,10.);
#2014=VECTOR('',#7839,10.);
#2015=VECTOR('',#7842,10.);
#2016=VECTOR('',#7845,10.);
#2017=VECTOR('',#7848,10.);
#2018=VECTOR('',#7851,10.);
#2019=VECTOR('',#7854,10.);
#2020=VECTOR('',#7857,10.);
#2021=VECTOR('',#7858,10.);
#2022=VECTOR('',#7859,10.);
#2023=VECTOR('',#7860,10.);
#2024=VECTOR('',#7861,10.);
#2025=VECTOR('',#7862,10.);
#2026=VECTOR('',#7863,10.);
#2027=VECTOR('',#7864,10.);
#2028=VECTOR('',#7865,10.);
#2029=VECTOR('',#7866,10.);
#2030=VECTOR('',#7867,10.);
#2031=VECTOR('',#7868,10.);
#2032=VECTOR('',#7869,10.);
#2033=VECTOR('',#7870,10.);
#2034=VECTOR('',#7871,10.);
#2035=VECTOR('',#7872,10.);
#2036=VECTOR('',#7873,10.);
#2037=VECTOR('',#7874,10.);
#2038=VECTOR('',#7875,10.);
#2039=VECTOR('',#7876,10.);
#2040=VECTOR('',#7877,10.);
#2041=VECTOR('',#7880,10.);
#2042=VECTOR('',#7881,10.);
#2043=VECTOR('',#7882,10.);
#2044=VECTOR('',#7883,10.);
#2045=VECTOR('',#7884,10.);
#2046=VECTOR('',#7885,10.);
#2047=VECTOR('',#7888,10.);
#2048=VECTOR('',#7889,10.);
#2049=VECTOR('',#7890,10.);
#2050=VECTOR('',#7891,10.);
#2051=VECTOR('',#7892,10.);
#2052=VECTOR('',#7893,10.);
#2053=VECTOR('',#7894,10.);
#2054=VECTOR('',#7895,10.);
#2055=VECTOR('',#7898,10.);
#2056=VECTOR('',#7899,10.);
#2057=VECTOR('',#7900,10.);
#2058=VECTOR('',#7901,10.);
#2059=VECTOR('',#7902,10.);
#2060=VECTOR('',#7905,10.);
#2061=VECTOR('',#7906,10.);
#2062=VECTOR('',#7907,10.);
#2063=VECTOR('',#7910,10.);
#2064=VECTOR('',#7911,10.);
#2065=VECTOR('',#7914,10.);
#2066=VECTOR('',#7915,10.);
#2067=VECTOR('',#7916,10.);
#2068=VECTOR('',#7919,10.);
#2069=VECTOR('',#7920,10.);
#2070=VECTOR('',#7921,10.);
#2071=VECTOR('',#7924,10.);
#2072=VECTOR('',#7925,10.);
#2073=VECTOR('',#7926,10.);
#2074=VECTOR('',#7927,10.);
#2075=VECTOR('',#7930,10.);
#2076=VECTOR('',#7931,10.);
#2077=VECTOR('',#7932,10.);
#2078=VECTOR('',#7935,10.);
#2079=VECTOR('',#7936,10.);
#2080=VECTOR('',#7937,10.);
#2081=VECTOR('',#7940,10.);
#2082=VECTOR('',#7941,10.);
#2083=VECTOR('',#7942,10.);
#2084=VECTOR('',#7945,10.);
#2085=VECTOR('',#7946,10.);
#2086=VECTOR('',#7949,10.);
#2087=VECTOR('',#7952,10.);
#2088=VECTOR('',#7955,10.);
#2089=VECTOR('',#7958,10.);
#2090=VECTOR('',#7959,10.);
#2091=VECTOR('',#7962,10.);
#2092=VECTOR('',#7963,10.);
#2093=VECTOR('',#7964,10.);
#2094=VECTOR('',#7965,10.);
#2095=VECTOR('',#7966,10.);
#2096=VECTOR('',#7967,10.);
#2097=VECTOR('',#7968,10.);
#2098=VECTOR('',#7969,10.);
#2099=VECTOR('',#7970,10.);
#2100=VECTOR('',#7971,10.);
#2101=VECTOR('',#7972,10.);
#2102=VECTOR('',#7973,10.);
#2103=VECTOR('',#7974,10.);
#2104=VECTOR('',#7975,10.);
#2105=VECTOR('',#7976,10.);
#2106=VECTOR('',#7977,10.);
#2107=VECTOR('',#7980,10.);
#2108=VECTOR('',#7981,10.);
#2109=VECTOR('',#7982,10.);
#2110=VECTOR('',#7983,10.);
#2111=VECTOR('',#7986,10.);
#2112=VECTOR('',#7987,10.);
#2113=VECTOR('',#7988,10.);
#2114=VECTOR('',#7989,10.);
#2115=VECTOR('',#7992,10.);
#2116=VECTOR('',#7993,10.);
#2117=VECTOR('',#7994,10.);
#2118=VECTOR('',#7995,10.);
#2119=VECTOR('',#7998,10.);
#2120=VECTOR('',#7999,10.);
#2121=VECTOR('',#8002,10.);
#2122=VECTOR('',#8003,10.);
#2123=VECTOR('',#8006,10.);
#2124=VECTOR('',#8007,10.);
#2125=VECTOR('',#8010,10.);
#2126=VECTOR('',#8011,10.);
#2127=VECTOR('',#8014,10.);
#2128=VECTOR('',#8015,10.);
#2129=VECTOR('',#8018,10.);
#2130=VECTOR('',#8019,10.);
#2131=VECTOR('',#8022,10.);
#2132=VECTOR('',#8023,10.);
#2133=VECTOR('',#8024,10.);
#2134=VECTOR('',#8027,10.);
#2135=VECTOR('',#8028,10.);
#2136=VECTOR('',#8031,10.);
#2137=VECTOR('',#8032,10.);
#2138=VECTOR('',#8035,10.);
#2139=VECTOR('',#8036,10.);
#2140=VECTOR('',#8039,10.);
#2141=VECTOR('',#8040,10.);
#2142=VECTOR('',#8043,10.);
#2143=VECTOR('',#8046,10.);
#2144=VECTOR('',#8049,10.);
#2145=VECTOR('',#8052,10.);
#2146=VECTOR('',#8053,10.);
#2147=VECTOR('',#8056,10.);
#2148=VECTOR('',#8057,10.);
#2149=VECTOR('',#8060,10.);
#2150=VECTOR('',#8061,10.);
#2151=VECTOR('',#8064,10.);
#2152=VECTOR('',#8065,10.);
#2153=VECTOR('',#8068,10.);
#2154=VECTOR('',#8069,10.);
#2155=VECTOR('',#8072,10.);
#2156=VECTOR('',#8073,10.);
#2157=VECTOR('',#8076,10.);
#2158=VECTOR('',#8077,10.);
#2159=VECTOR('',#8080,10.);
#2160=VECTOR('',#8081,10.);
#2161=VECTOR('',#8082,10.);
#2162=VECTOR('',#8085,10.);
#2163=VECTOR('',#8088,10.);
#2164=VECTOR('',#8091,10.);
#2165=VECTOR('',#8094,10.);
#2166=VECTOR('',#8095,10.);
#2167=VECTOR('',#8098,10.);
#2168=VECTOR('',#8099,10.);
#2169=VECTOR('',#8102,10.);
#2170=VECTOR('',#8103,10.);
#2171=VECTOR('',#8106,10.);
#2172=VECTOR('',#8109,10.);
#2173=VECTOR('',#8110,10.);
#2174=VECTOR('',#8111,10.);
#2175=VECTOR('',#8114,10.);
#2176=VECTOR('',#8115,10.);
#2177=VECTOR('',#8118,10.);
#2178=VECTOR('',#8125,10.);
#2179=VECTOR('',#8130,10.);
#2180=VECTOR('',#8131,10.);
#2181=VECTOR('',#8134,10.);
#2182=VECTOR('',#8139,10.);
#2183=VECTOR('',#8140,10.);
#2184=VECTOR('',#8143,10.);
#2185=VECTOR('',#8146,10.);
#2186=VECTOR('',#8147,10.);
#2187=VECTOR('',#8150,10.);
#2188=VECTOR('',#8155,10.);
#2189=VECTOR('',#8156,10.);
#2190=VECTOR('',#8159,10.);
#2191=VECTOR('',#8164,10.);
#2192=VECTOR('',#8165,10.);
#2193=VECTOR('',#8168,10.);
#2194=VECTOR('',#8173,10.);
#2195=VECTOR('',#8178,10.);
#2196=VECTOR('',#8181,10.);
#2197=VECTOR('',#8184,10.);
#2198=VECTOR('',#8185,10.);
#2199=VECTOR('',#8186,10.);
#2200=VECTOR('',#8187,10.);
#2201=VECTOR('',#8190,10.);
#2202=VECTOR('',#8195,10.);
#2203=VECTOR('',#8196,10.);
#2204=VECTOR('',#8197,10.);
#2205=VECTOR('',#8198,10.);
#2206=VECTOR('',#8199,10.);
#2207=VECTOR('',#8200,10.);
#2208=VECTOR('',#8201,10.);
#2209=VECTOR('',#8202,10.);
#2210=VECTOR('',#8203,10.);
#2211=VECTOR('',#8206,10.);
#2212=VECTOR('',#8211,10.);
#2213=VECTOR('',#8214,10.);
#2214=VECTOR('',#8215,10.);
#2215=VECTOR('',#8216,10.);
#2216=VECTOR('',#8217,10.);
#2217=VECTOR('',#8218,10.);
#2218=VECTOR('',#8219,10.);
#2219=VECTOR('',#8220,10.);
#2220=VECTOR('',#8223,10.);
#2221=VECTOR('',#8228,10.);
#2222=VECTOR('',#8229,10.);
#2223=VECTOR('',#8230,10.);
#2224=VECTOR('',#8233,10.);
#2225=VECTOR('',#8238,10.);
#2226=VECTOR('',#8239,10.);
#2227=VECTOR('',#8242,10.);
#2228=VECTOR('',#8243,10.);
#2229=VECTOR('',#8246,10.);
#2230=VECTOR('',#8249,10.);
#2231=VECTOR('',#8252,10.);
#2232=VECTOR('',#8255,10.);
#2233=VECTOR('',#8258,10.);
#2234=VECTOR('',#8263,10.);
#2235=VECTOR('',#8266,10.);
#2236=VECTOR('',#8267,10.);
#2237=VECTOR('',#8268,10.);
#2238=VECTOR('',#8269,10.);
#2239=VECTOR('',#8270,10.);
#2240=VECTOR('',#8271,10.);
#2241=VECTOR('',#8272,10.);
#2242=VECTOR('',#8275,10.);
#2243=VECTOR('',#8276,10.);
#2244=VECTOR('',#8277,10.);
#2245=VECTOR('',#8278,10.);
#2246=VECTOR('',#8279,10.);
#2247=VECTOR('',#8280,10.);
#2248=VECTOR('',#8281,10.);
#2249=VECTOR('',#8284,10.);
#2250=VECTOR('',#8285,10.);
#2251=VECTOR('',#8286,10.);
#2252=VECTOR('',#8289,10.);
#2253=VECTOR('',#8292,10.);
#2254=VECTOR('',#8293,10.);
#2255=VECTOR('',#8294,10.);
#2256=VECTOR('',#8297,10.);
#2257=VECTOR('',#8298,10.);
#2258=VECTOR('',#8301,10.);
#2259=VECTOR('',#8302,10.);
#2260=VECTOR('',#8305,10.);
#2261=VECTOR('',#8308,10.);
#2262=VECTOR('',#8309,10.);
#2263=VECTOR('',#8312,10.);
#2264=VECTOR('',#8317,10.);
#2265=VECTOR('',#8318,10.);
#2266=VECTOR('',#8321,10.);
#2267=VECTOR('',#8324,10.);
#2268=VECTOR('',#8325,10.);
#2269=VECTOR('',#8328,10.);
#2270=VECTOR('',#8331,10.);
#2271=VECTOR('',#8332,10.);
#2272=VECTOR('',#8335,10.);
#2273=VECTOR('',#8338,10.);
#2274=VECTOR('',#8339,10.);
#2275=VECTOR('',#8342,10.);
#2276=VECTOR('',#8345,10.);
#2277=VECTOR('',#8346,10.);
#2278=VECTOR('',#8349,10.);
#2279=VECTOR('',#8350,10.);
#2280=VECTOR('',#8351,10.);
#2281=VECTOR('',#8354,10.);
#2282=VECTOR('',#8355,10.);
#2283=VECTOR('',#8356,10.);
#2284=VECTOR('',#8359,10.);
#2285=VECTOR('',#8360,10.);
#2286=VECTOR('',#8363,10.);
#2287=VECTOR('',#8364,10.);
#2288=VECTOR('',#8367,10.);
#2289=VECTOR('',#8368,10.);
#2290=VECTOR('',#8369,10.);
#2291=VECTOR('',#8370,10.);
#2292=VECTOR('',#8371,10.);
#2293=VECTOR('',#8380,10.);
#2294=VECTOR('',#8381,10.);
#2295=VECTOR('',#8390,10.);
#2296=VECTOR('',#8391,10.);
#2297=VECTOR('',#8392,10.);
#2298=VECTOR('',#8393,10.);
#2299=VECTOR('',#8394,10.);
#2300=VECTOR('',#8397,10.);
#2301=VECTOR('',#8398,10.);
#2302=VECTOR('',#8399,10.);
#2303=VECTOR('',#8400,10.);
#2304=VECTOR('',#8401,10.);
#2305=VECTOR('',#8402,10.);
#2306=VECTOR('',#8403,10.);
#2307=VECTOR('',#8404,10.);
#2308=VECTOR('',#8405,10.);
#2309=VECTOR('',#8408,10.);
#2310=VECTOR('',#8411,1.7);
#2311=VECTOR('',#8418,10.);
#2312=VECTOR('',#8419,10.);
#2313=VECTOR('',#8420,10.);
#2314=VECTOR('',#8421,10.);
#2315=VECTOR('',#8422,10.);
#2316=VECTOR('',#8423,10.);
#2317=VECTOR('',#8424,10.);
#2318=VECTOR('',#8425,10.);
#2319=VECTOR('',#8426,10.);
#2320=VECTOR('',#8427,10.);
#2321=VECTOR('',#8430,10.);
#2322=VECTOR('',#8433,1.7);
#2323=VECTOR('',#8440,10.);
#2324=VECTOR('',#8441,10.);
#2325=VECTOR('',#8442,10.);
#2326=VECTOR('',#8443,10.);
#2327=VECTOR('',#8444,10.);
#2328=VECTOR('',#8445,10.);
#2329=VECTOR('',#8446,10.);
#2330=VECTOR('',#8447,10.);
#2331=VECTOR('',#8450,10.);
#2332=VECTOR('',#8451,10.);
#2333=VECTOR('',#8454,10.);
#2334=VECTOR('',#8455,10.);
#2335=VECTOR('',#8456,10.);
#2336=VECTOR('',#8461,10.);
#2337=VECTOR('',#8466,10.);
#2338=VECTOR('',#8467,10.);
#2339=VECTOR('',#8468,10.);
#2340=VECTOR('',#8473,10.);
#2341=VECTOR('',#8478,10.);
#2342=VECTOR('',#8481,10.);
#2343=VECTOR('',#8486,10.);
#2344=VECTOR('',#8487,10.);
#2345=VECTOR('',#8490,10.);
#2346=VECTOR('',#8495,10.);
#2347=VECTOR('',#8496,10.);
#2348=VECTOR('',#8499,10.);
#2349=VECTOR('',#8500,10.);
#2350=VECTOR('',#8505,10.);
#2351=VECTOR('',#8506,10.);
#2352=VECTOR('',#8509,10.);
#2353=VECTOR('',#8514,10.);
#2354=VECTOR('',#8515,10.);
#2355=VECTOR('',#8518,10.);
#2356=VECTOR('',#8523,10.);
#2357=VECTOR('',#8524,10.);
#2358=VECTOR('',#8527,10.);
#2359=VECTOR('',#8534,10.);
#2360=VECTOR('',#8539,10.);
#2361=VECTOR('',#8540,10.);
#2362=VECTOR('',#8541,10.);
#2363=VECTOR('',#8542,10.);
#2364=VECTOR('',#8543,10.);
#2365=VECTOR('',#8544,10.);
#2366=VECTOR('',#8545,10.);
#2367=VECTOR('',#8546,10.);
#2368=VECTOR('',#8547,10.);
#2369=VECTOR('',#8548,10.);
#2370=VECTOR('',#8549,10.);
#2371=VECTOR('',#8550,10.);
#2372=VECTOR('',#8553,10.);
#2373=VECTOR('',#8554,10.);
#2374=VECTOR('',#8555,10.);
#2375=VECTOR('',#8558,10.);
#2376=VECTOR('',#8559,10.);
#2377=VECTOR('',#8566,10.);
#2378=VECTOR('',#8571,10.);
#2379=VECTOR('',#8572,10.);
#2380=VECTOR('',#8577,10.);
#2381=VECTOR('',#8578,10.);
#2382=VECTOR('',#8579,10.);
#2383=VECTOR('',#8582,10.);
#2384=VECTOR('',#8585,10.);
#2385=VECTOR('',#8586,10.);
#2386=VECTOR('',#8591,10.);
#2387=VECTOR('',#8592,10.);
#2388=VECTOR('',#8597,10.);
#2389=VECTOR('',#8598,10.);
#2390=VECTOR('',#8599,10.);
#2391=VECTOR('',#8602,10.);
#2392=VECTOR('',#8603,10.);
#2393=VECTOR('',#8606,10.);
#2394=VECTOR('',#8609,10.);
#2395=VECTOR('',#8610,10.);
#2396=VECTOR('',#8611,10.);
#2397=VECTOR('',#8614,10.);
#2398=VECTOR('',#8615,10.);
#2399=VECTOR('',#8618,10.);
#2400=VECTOR('',#8619,10.);
#2401=VECTOR('',#8620,10.);
#2402=VECTOR('',#8621,10.);
#2403=VECTOR('',#8622,10.);
#2404=VECTOR('',#8623,10.);
#2405=VECTOR('',#8624,10.);
#2406=VECTOR('',#8627,10.);
#2407=VECTOR('',#8628,10.);
#2408=VECTOR('',#8629,10.);
#2409=VECTOR('',#8632,10.);
#2410=VECTOR('',#8635,10.);
#2411=VECTOR('',#8636,10.);
#2412=VECTOR('',#8639,10.);
#2413=VECTOR('',#8640,10.);
#2414=VECTOR('',#8641,10.);
#2415=VECTOR('',#8642,10.);
#2416=VECTOR('',#8643,10.);
#2417=VECTOR('',#8644,10.);
#2418=VECTOR('',#8645,10.);
#2419=VECTOR('',#8648,10.);
#2420=VECTOR('',#8649,10.);
#2421=VECTOR('',#8650,10.);
#2422=VECTOR('',#8653,10.);
#2423=VECTOR('',#8656,10.);
#2424=VECTOR('',#8657,10.);
#2425=VECTOR('',#8660,10.);
#2426=VECTOR('',#8661,10.);
#2427=VECTOR('',#8662,10.);
#2428=VECTOR('',#8663,10.);
#2429=VECTOR('',#8664,10.);
#2430=VECTOR('',#8665,10.);
#2431=VECTOR('',#8666,10.);
#2432=VECTOR('',#8671,10.);
#2433=VECTOR('',#8672,10.);
#2434=VECTOR('',#8677,10.);
#2435=VECTOR('',#8678,10.);
#2436=VECTOR('',#8681,10.);
#2437=VECTOR('',#8682,10.);
#2438=VECTOR('',#8683,10.);
#2439=VECTOR('',#8686,10.);
#2440=VECTOR('',#8687,10.);
#2441=VECTOR('',#8690,10.);
#2442=VECTOR('',#8691,10.);
#2443=VECTOR('',#8694,10.);
#2444=VECTOR('',#8695,10.);
#2445=VECTOR('',#8698,10.);
#2446=VECTOR('',#8701,10.);
#2447=VECTOR('',#8704,10.);
#2448=VECTOR('',#8705,10.);
#2449=VECTOR('',#8708,10.);
#2450=VECTOR('',#8711,10.);
#2451=VECTOR('',#8714,10.);
#2452=VECTOR('',#8715,10.);
#2453=VECTOR('',#8718,10.);
#2454=VECTOR('',#8719,10.);
#2455=VECTOR('',#8720,10.);
#2456=VECTOR('',#8721,10.);
#2457=VECTOR('',#8722,10.);
#2458=VECTOR('',#8723,10.);
#2459=VECTOR('',#8726,10.);
#2460=VECTOR('',#8727,10.);
#2461=VECTOR('',#8728,10.);
#2462=VECTOR('',#8729,10.);
#2463=VECTOR('',#8730,10.);
#2464=VECTOR('',#8731,10.);
#2465=VECTOR('',#8734,10.);
#2466=VECTOR('',#8735,10.);
#2467=VECTOR('',#8738,10.);
#2468=VECTOR('',#8741,10.);
#2469=VECTOR('',#8742,10.);
#2470=VECTOR('',#8745,10.);
#2471=VECTOR('',#8748,10.);
#2472=VECTOR('',#8751,10.);
#2473=VECTOR('',#8754,10.);
#2474=VECTOR('',#8757,10.);
#2475=VECTOR('',#8758,10.);
#2476=VECTOR('',#8761,10.);
#2477=VECTOR('',#8762,10.);
#2478=VECTOR('',#8765,10.);
#2479=VECTOR('',#8766,10.);
#2480=VECTOR('',#8767,10.);
#2481=VECTOR('',#8768,10.);
#2482=VECTOR('',#8769,10.);
#2483=VECTOR('',#8770,10.);
#2484=VECTOR('',#8771,10.);
#2485=VECTOR('',#8772,10.);
#2486=VECTOR('',#8773,10.);
#2487=VECTOR('',#8774,10.);
#2488=VECTOR('',#8775,10.);
#2489=VECTOR('',#8776,10.);
#2490=VECTOR('',#8777,10.);
#2491=VECTOR('',#8778,10.);
#2492=VECTOR('',#8779,10.);
#2493=VECTOR('',#8780,10.);
#2494=VECTOR('',#8781,10.);
#2495=VECTOR('',#8782,10.);
#2496=VECTOR('',#8783,10.);
#2497=VECTOR('',#8784,10.);
#2498=VECTOR('',#8785,10.);
#2499=VECTOR('',#8786,10.);
#2500=VECTOR('',#8787,10.);
#2501=VECTOR('',#8788,10.);
#2502=VECTOR('',#8791,10.);
#2503=VECTOR('',#8794,10.);
#2504=VECTOR('',#8797,10.);
#2505=VECTOR('',#8798,10.);
#2506=VECTOR('',#8799,10.);
#2507=VECTOR('',#8802,10.);
#2508=VECTOR('',#8807,10.);
#2509=VECTOR('',#8810,10.);
#2510=VECTOR('',#8815,10.);
#2511=VECTOR('',#8816,10.);
#2512=VECTOR('',#8819,10.);
#2513=VECTOR('',#8822,10.);
#2514=VECTOR('',#8823,10.);
#2515=VECTOR('',#8826,10.);
#2516=VECTOR('',#8829,10.);
#2517=VECTOR('',#8830,10.);
#2518=VECTOR('',#8831,10.);
#2519=VECTOR('',#8834,10.);
#2520=VECTOR('',#8835,10.);
#2521=VECTOR('',#8840,10.);
#2522=VECTOR('',#8843,10.);
#2523=VECTOR('',#8844,10.);
#2524=VECTOR('',#8847,10.);
#2525=VECTOR('',#8852,10.);
#2526=VECTOR('',#8855,10.);
#2527=VECTOR('',#8858,10.);
#2528=VECTOR('',#8859,10.);
#2529=VECTOR('',#8860,10.);
#2530=VECTOR('',#8863,10.);
#2531=VECTOR('',#8866,10.);
#2532=VECTOR('',#8867,10.);
#2533=VECTOR('',#8870,10.);
#2534=VECTOR('',#8871,10.);
#2535=VECTOR('',#8872,10.);
#2536=VECTOR('',#8875,10.);
#2537=VECTOR('',#8878,10.);
#2538=VECTOR('',#8881,10.);
#2539=VECTOR('',#8888,10.);
#2540=VECTOR('',#8889,10.);
#2541=VECTOR('',#8890,10.);
#2542=VECTOR('',#8893,10.);
#2543=VECTOR('',#8894,10.);
#2544=VECTOR('',#8901,10.);
#2545=VECTOR('',#8902,10.);
#2546=VECTOR('',#8905,10.);
#2547=VECTOR('',#8912,10.);
#2548=VECTOR('',#8913,10.);
#2549=VECTOR('',#8916,10.);
#2550=VECTOR('',#8919,10.);
#2551=VECTOR('',#8920,10.);
#2552=VECTOR('',#8921,10.);
#2553=VECTOR('',#8924,10.);
#2554=VECTOR('',#8927,10.);
#2555=VECTOR('',#8928,10.);
#2556=VECTOR('',#8931,10.);
#2557=VECTOR('',#8932,10.);
#2558=VECTOR('',#8937,10.);
#2559=VECTOR('',#8938,10.);
#2560=VECTOR('',#8939,10.);
#2561=VECTOR('',#8942,10.);
#2562=VECTOR('',#8945,10.);
#2563=VECTOR('',#8948,10.);
#2564=VECTOR('',#8949,10.);
#2565=VECTOR('',#8954,10.);
#2566=VECTOR('',#8959,10.);
#2567=VECTOR('',#8962,10.);
#2568=VECTOR('',#8971,10.);
#2569=VECTOR('',#8976,10.);
#2570=VECTOR('',#8981,10.);
#2571=VECTOR('',#8986,10.);
#2572=VECTOR('',#8991,10.);
#2573=VECTOR('',#9004,3.06500000186264);
#2574=VECTOR('',#9009,10.);
#2575=VECTOR('',#9012,10.);
#2576=VECTOR('',#9015,10.);
#2577=VECTOR('',#9018,10.);
#2578=VECTOR('',#9021,10.);
#2579=VECTOR('',#9024,10.);
#2580=VECTOR('',#9027,10.);
#2581=VECTOR('',#9030,10.);
#2582=VECTOR('',#9031,10.);
#2583=VECTOR('',#9032,10.);
#2584=VECTOR('',#9037,2.84);
#2585=VECTOR('',#9042,3.06500000186264);
#2586=VECTOR('',#9047,2.84);
#2587=VECTOR('',#9052,10.);
#2588=VECTOR('',#9053,10.);
#2589=VECTOR('',#9054,10.);
#2590=VECTOR('',#9055,10.);
#2591=VECTOR('',#9056,10.);
#2592=VECTOR('',#9059,10.);
#2593=VECTOR('',#9060,10.);
#2594=VECTOR('',#9061,10.);
#2595=VECTOR('',#9062,10.);
#2596=VECTOR('',#9063,10.);
#2597=VECTOR('',#9066,10.);
#2598=VECTOR('',#9067,10.);
#2599=VECTOR('',#9068,10.);
#2600=VECTOR('',#9069,10.);
#2601=VECTOR('',#9070,10.);
#2602=VECTOR('',#9071,10.);
#2603=VECTOR('',#9072,10.);
#2604=VECTOR('',#9073,10.);
#2605=VECTOR('',#9074,10.);
#2606=VECTOR('',#9077,10.);
#2607=VECTOR('',#9078,10.);
#2608=VECTOR('',#9081,10.);
#2609=VECTOR('',#9082,10.);
#2610=VECTOR('',#9083,10.);
#2611=VECTOR('',#9084,10.);
#2612=VECTOR('',#9087,10.);
#2613=VECTOR('',#9088,10.);
#2614=VECTOR('',#9091,10.);
#2615=VECTOR('',#9092,10.);
#2616=VECTOR('',#9093,10.);
#2617=VECTOR('',#9096,10.);
#2618=VECTOR('',#9097,10.);
#2619=VECTOR('',#9100,10.);
#2620=VECTOR('',#9105,10.);
#2621=VECTOR('',#9106,10.);
#2622=VECTOR('',#9109,10.);
#2623=VECTOR('',#9114,10.);
#2624=VECTOR('',#9115,10.);
#2625=VECTOR('',#9118,10.);
#2626=VECTOR('',#9123,10.);
#2627=VECTOR('',#9124,10.);
#2628=VECTOR('',#9127,10.);
#2629=VECTOR('',#9132,10.);
#2630=VECTOR('',#9133,10.);
#2631=VECTOR('',#9136,10.);
#2632=VECTOR('',#9141,10.);
#2633=VECTOR('',#9142,10.);
#2634=VECTOR('',#9145,10.);
#2635=VECTOR('',#9150,10.);
#2636=VECTOR('',#9151,10.);
#2637=VECTOR('',#9154,10.);
#2638=VECTOR('',#9161,10.);
#2639=VECTOR('',#9162,10.);
#2640=VECTOR('',#9165,10.);
#2641=VECTOR('',#9172,10.);
#2642=VECTOR('',#9173,10.);
#2643=VECTOR('',#9174,10.);
#2644=VECTOR('',#9183,10.);
#2645=VECTOR('',#9184,10.);
#2646=VECTOR('',#9187,10.);
#2647=VECTOR('',#9188,10.);
#2648=VECTOR('',#9193,10.);
#2649=VECTOR('',#9194,10.);
#2650=VECTOR('',#9195,10.);
#2651=VECTOR('',#9196,10.);
#2652=VECTOR('',#9197,10.);
#2653=VECTOR('',#9198,10.);
#2654=VECTOR('',#9199,10.);
#2655=VECTOR('',#9200,10.);
#2656=VECTOR('',#9201,10.);
#2657=VECTOR('',#9204,10.);
#2658=VECTOR('',#9209,10.);
#2659=VECTOR('',#9210,10.);
#2660=VECTOR('',#9213,10.);
#2661=VECTOR('',#9214,10.);
#2662=VECTOR('',#9215,10.);
#2663=VECTOR('',#9216,10.);
#2664=VECTOR('',#9219,10.);
#2665=VECTOR('',#9220,10.);
#2666=VECTOR('',#9221,10.);
#2667=VECTOR('',#9224,10.);
#2668=VECTOR('',#9225,10.);
#2669=VECTOR('',#9226,10.);
#2670=VECTOR('',#9229,10.);
#2671=VECTOR('',#9230,10.);
#2672=VECTOR('',#9231,10.);
#2673=VECTOR('',#9232,10.);
#2674=VECTOR('',#9233,10.);
#2675=VECTOR('',#9234,10.);
#2676=VECTOR('',#9235,10.);
#2677=VECTOR('',#9238,10.);
#2678=VECTOR('',#9239,10.);
#2679=VECTOR('',#9240,10.);
#2680=VECTOR('',#9243,10.);
#2681=VECTOR('',#9244,10.);
#2682=VECTOR('',#9245,10.);
#2683=VECTOR('',#9246,10.);
#2684=VECTOR('',#9249,10.);
#2685=VECTOR('',#9250,10.);
#2686=VECTOR('',#9251,10.);
#2687=VECTOR('',#9254,10.);
#2688=VECTOR('',#9255,10.);
#2689=VECTOR('',#9258,10.);
#2690=VECTOR('',#9259,10.);
#2691=VECTOR('',#9260,10.);
#2692=VECTOR('',#9263,10.);
#2693=VECTOR('',#9264,10.);
#2694=VECTOR('',#9265,10.);
#2695=VECTOR('',#9266,10.);
#2696=VECTOR('',#9267,10.);
#2697=VECTOR('',#9270,10.);
#2698=VECTOR('',#9271,10.);
#2699=VECTOR('',#9272,10.);
#2700=VECTOR('',#9273,10.);
#2701=VECTOR('',#9276,10.);
#2702=VECTOR('',#9277,10.);
#2703=VECTOR('',#9280,10.);
#2704=VECTOR('',#9281,10.);
#2705=VECTOR('',#9284,10.);
#2706=VECTOR('',#9285,10.);
#2707=VECTOR('',#9286,10.);
#2708=VECTOR('',#9287,10.);
#2709=VECTOR('',#9290,10.);
#2710=VECTOR('',#9291,10.);
#2711=VECTOR('',#9294,10.);
#2712=VECTOR('',#9295,10.);
#2713=VECTOR('',#9298,10.);
#2714=VECTOR('',#9301,10.);
#2715=VECTOR('',#9302,10.);
#2716=VECTOR('',#9303,10.);
#2717=VECTOR('',#9306,10.);
#2718=VECTOR('',#9307,10.);
#2719=VECTOR('',#9308,10.);
#2720=VECTOR('',#9311,10.);
#2721=VECTOR('',#9312,10.);
#2722=VECTOR('',#9315,10.);
#2723=VECTOR('',#9316,10.);
#2724=VECTOR('',#9319,10.);
#2725=VECTOR('',#9322,10.);
#2726=VECTOR('',#9325,10.);
#2727=VECTOR('',#9326,10.);
#2728=VECTOR('',#9327,10.);
#2729=VECTOR('',#9328,10.);
#2730=VECTOR('',#9329,10.);
#2731=VECTOR('',#9330,10.);
#2732=VECTOR('',#9331,10.);
#2733=VECTOR('',#9332,10.);
#2734=VECTOR('',#9333,10.);
#2735=VECTOR('',#9338,10.);
#2736=VECTOR('',#9343,10.);
#2737=VECTOR('',#9344,10.);
#2738=VECTOR('',#9345,10.);
#2739=VECTOR('',#9346,10.);
#2740=VECTOR('',#9349,10.);
#2741=VECTOR('',#9352,10.);
#2742=VECTOR('',#9355,10.);
#2743=VECTOR('',#9358,10.);
#2744=VECTOR('',#9359,10.);
#2745=VECTOR('',#9362,10.);
#2746=VECTOR('',#9369,10.);
#2747=VECTOR('',#9374,10.);
#2748=VECTOR('',#9377,10.);
#2749=VECTOR('',#9378,10.);
#2750=VECTOR('',#9379,10.);
#2751=VECTOR('',#9382,10.);
#2752=VECTOR('',#9385,10.);
#2753=VECTOR('',#9388,10.);
#2754=VECTOR('',#9389,10.);
#2755=VECTOR('',#9396,10.);
#2756=VECTOR('',#9397,10.);
#2757=VECTOR('',#9398,10.);
#2758=VECTOR('',#9399,10.);
#2759=VECTOR('',#9402,10.);
#2760=VECTOR('',#9403,10.);
#2761=VECTOR('',#9404,10.);
#2762=VECTOR('',#9407,10.);
#2763=VECTOR('',#9408,10.);
#2764=VECTOR('',#9411,10.);
#2765=VECTOR('',#9412,10.);
#2766=VECTOR('',#9413,10.);
#2767=VECTOR('',#9416,10.);
#2768=VECTOR('',#9417,10.);
#2769=VECTOR('',#9418,10.);
#2770=VECTOR('',#9421,10.);
#2771=VECTOR('',#9422,10.);
#2772=VECTOR('',#9423,10.);
#2773=VECTOR('',#9426,10.);
#2774=VECTOR('',#9427,10.);
#2775=VECTOR('',#9428,10.);
#2776=VECTOR('',#9431,10.);
#2777=VECTOR('',#9434,10.);
#2778=VECTOR('',#9439,10.);
#2779=VECTOR('',#9440,10.);
#2780=VECTOR('',#9443,10.);
#2781=VECTOR('',#9448,10.);
#2782=VECTOR('',#9449,10.);
#2783=VECTOR('',#9450,10.);
#2784=VECTOR('',#9457,10.);
#2785=VECTOR('',#9462,10.);
#2786=VECTOR('',#9463,10.);
#2787=VECTOR('',#9464,10.);
#2788=VECTOR('',#9465,10.);
#2789=VECTOR('',#9466,10.);
#2790=VECTOR('',#9469,10.);
#2791=VECTOR('',#9470,10.);
#2792=VECTOR('',#9473,10.);
#2793=VECTOR('',#9474,10.);
#2794=VECTOR('',#9475,10.);
#2795=VECTOR('',#9478,10.);
#2796=VECTOR('',#9481,10.);
#2797=VECTOR('',#9484,10.);
#2798=VECTOR('',#9491,10.);
#2799=VECTOR('',#9494,10.);
#2800=VECTOR('',#9497,10.);
#2801=VECTOR('',#9498,10.);
#2802=VECTOR('',#9501,10.);
#2803=VECTOR('',#9504,10.);
#2804=VECTOR('',#9509,10.);
#2805=VECTOR('',#9510,10.);
#2806=VECTOR('',#9511,10.);
#2807=VECTOR('',#9514,10.);
#2808=VECTOR('',#9519,10.);
#2809=VECTOR('',#9522,10.);
#2810=VECTOR('',#9523,10.);
#2811=VECTOR('',#9526,10.);
#2812=VECTOR('',#9527,10.);
#2813=VECTOR('',#9528,10.);
#2814=VECTOR('',#9529,10.);
#2815=VECTOR('',#9530,10.);
#2816=VECTOR('',#9531,10.);
#2817=VECTOR('',#9534,10.);
#2818=VECTOR('',#9535,10.);
#2819=VECTOR('',#9536,10.);
#2820=VECTOR('',#9537,10.);
#2821=VECTOR('',#9538,10.);
#2822=VECTOR('',#9539,10.);
#2823=VECTOR('',#9542,10.);
#2824=VECTOR('',#9543,10.);
#2825=VECTOR('',#9546,10.);
#2826=VECTOR('',#9549,10.);
#2827=VECTOR('',#9552,10.);
#2828=VECTOR('',#9559,10.);
#2829=VECTOR('',#9562,10.);
#2830=VECTOR('',#9565,10.);
#2831=VECTOR('',#9570,10.);
#2832=VECTOR('',#9573,10.);
#2833=VECTOR('',#9576,10.);
#2834=VECTOR('',#9579,10.);
#2835=VECTOR('',#9592,1.75);
#2836=VECTOR('',#9595,1.7);
#2837=VERTEX_POINT('',#9602);
#2838=VERTEX_POINT('',#9603);
#2839=VERTEX_POINT('',#9605);
#2840=VERTEX_POINT('',#9607);
#2841=VERTEX_POINT('',#9614);
#2842=VERTEX_POINT('',#9616);
#2843=VERTEX_POINT('',#9620);
#2844=VERTEX_POINT('',#9621);
#2845=VERTEX_POINT('',#9626);
#2846=VERTEX_POINT('',#9628);
#2847=VERTEX_POINT('',#9630);
#2848=VERTEX_POINT('',#9650);
#2849=VERTEX_POINT('',#9657);
#2850=VERTEX_POINT('',#9658);
#2851=VERTEX_POINT('',#9660);
#2852=VERTEX_POINT('',#9662);
#2853=VERTEX_POINT('',#9666);
#2854=VERTEX_POINT('',#9667);
#2855=VERTEX_POINT('',#9672);
#2856=VERTEX_POINT('',#9673);
#2857=VERTEX_POINT('',#9681);
#2858=VERTEX_POINT('',#9683);
#2859=VERTEX_POINT('',#9687);
#2860=VERTEX_POINT('',#9691);
#2861=VERTEX_POINT('',#9692);
#2862=VERTEX_POINT('',#9694);
#2863=VERTEX_POINT('',#9696);
#2864=VERTEX_POINT('',#9698);
#2865=VERTEX_POINT('',#9700);
#2866=VERTEX_POINT('',#9702);
#2867=VERTEX_POINT('',#9704);
#2868=VERTEX_POINT('',#9706);
#2869=VERTEX_POINT('',#9708);
#2870=VERTEX_POINT('',#9710);
#2871=VERTEX_POINT('',#9712);
#2872=VERTEX_POINT('',#9714);
#2873=VERTEX_POINT('',#9717);
#2874=VERTEX_POINT('',#9718);
#2875=VERTEX_POINT('',#9720);
#2876=VERTEX_POINT('',#9722);
#2877=VERTEX_POINT('',#9725);
#2878=VERTEX_POINT('',#9726);
#2879=VERTEX_POINT('',#9728);
#2880=VERTEX_POINT('',#9730);
#2881=VERTEX_POINT('',#9733);
#2882=VERTEX_POINT('',#9734);
#2883=VERTEX_POINT('',#9736);
#2884=VERTEX_POINT('',#9738);
#2885=VERTEX_POINT('',#9741);
#2886=VERTEX_POINT('',#9742);
#2887=VERTEX_POINT('',#9744);
#2888=VERTEX_POINT('',#9746);
#2889=VERTEX_POINT('',#9749);
#2890=VERTEX_POINT('',#9750);
#2891=VERTEX_POINT('',#9752);
#2892=VERTEX_POINT('',#9754);
#2893=VERTEX_POINT('',#9758);
#2894=VERTEX_POINT('',#9760);
#2895=VERTEX_POINT('',#9762);
#2896=VERTEX_POINT('',#9766);
#2897=VERTEX_POINT('',#9770);
#2898=VERTEX_POINT('',#9779);
#2899=VERTEX_POINT('',#9780);
#2900=VERTEX_POINT('',#9782);
#2901=VERTEX_POINT('',#9784);
#2902=VERTEX_POINT('',#9786);
#2903=VERTEX_POINT('',#9788);
#2904=VERTEX_POINT('',#9790);
#2905=VERTEX_POINT('',#9792);
#2906=VERTEX_POINT('',#9794);
#2907=VERTEX_POINT('',#9796);
#2908=VERTEX_POINT('',#9798);
#2909=VERTEX_POINT('',#9800);
#2910=VERTEX_POINT('',#9802);
#2911=VERTEX_POINT('',#9804);
#2912=VERTEX_POINT('',#9806);
#2913=VERTEX_POINT('',#9808);
#2914=VERTEX_POINT('',#9810);
#2915=VERTEX_POINT('',#9812);
#2916=VERTEX_POINT('',#9815);
#2917=VERTEX_POINT('',#9816);
#2918=VERTEX_POINT('',#9818);
#2919=VERTEX_POINT('',#9820);
#2920=VERTEX_POINT('',#9823);
#2921=VERTEX_POINT('',#9824);
#2922=VERTEX_POINT('',#9826);
#2923=VERTEX_POINT('',#9828);
#2924=VERTEX_POINT('',#9831);
#2925=VERTEX_POINT('',#9832);
#2926=VERTEX_POINT('',#9834);
#2927=VERTEX_POINT('',#9836);
#2928=VERTEX_POINT('',#9839);
#2929=VERTEX_POINT('',#9840);
#2930=VERTEX_POINT('',#9842);
#2931=VERTEX_POINT('',#9844);
#2932=VERTEX_POINT('',#9847);
#2933=VERTEX_POINT('',#9848);
#2934=VERTEX_POINT('',#9850);
#2935=VERTEX_POINT('',#9852);
#2936=VERTEX_POINT('',#9856);
#2937=VERTEX_POINT('',#9857);
#2938=VERTEX_POINT('',#9859);
#2939=VERTEX_POINT('',#9861);
#2940=VERTEX_POINT('',#9863);
#2941=VERTEX_POINT('',#9865);
#2942=VERTEX_POINT('',#9869);
#2943=VERTEX_POINT('',#9871);
#2944=VERTEX_POINT('',#9873);
#2945=VERTEX_POINT('',#9875);
#2946=VERTEX_POINT('',#9877);
#2947=VERTEX_POINT('',#9879);
#2948=VERTEX_POINT('',#9881);
#2949=VERTEX_POINT('',#9885);
#2950=VERTEX_POINT('',#9887);
#2951=VERTEX_POINT('',#9889);
#2952=VERTEX_POINT('',#9891);
#2953=VERTEX_POINT('',#9896);
#2954=VERTEX_POINT('',#9900);
#2955=VERTEX_POINT('',#9904);
#2956=VERTEX_POINT('',#9905);
#2957=VERTEX_POINT('',#9910);
#2958=VERTEX_POINT('',#9911);
#2959=VERTEX_POINT('',#9916);
#2960=VERTEX_POINT('',#9917);
#2961=VERTEX_POINT('',#9920);
#2962=VERTEX_POINT('',#9924);
#2963=VERTEX_POINT('',#9926);
#2964=VERTEX_POINT('',#9930);
#2965=VERTEX_POINT('',#9932);
#2966=VERTEX_POINT('',#9936);
#2967=VERTEX_POINT('',#9938);
#2968=VERTEX_POINT('',#9951);
#2969=VERTEX_POINT('',#9955);
#2970=VERTEX_POINT('',#9957);
#2971=VERTEX_POINT('',#9959);
#2972=VERTEX_POINT('',#9961);
#2973=VERTEX_POINT('',#9963);
#2974=VERTEX_POINT('',#9965);
#2975=VERTEX_POINT('',#9967);
#2976=VERTEX_POINT('',#9969);
#2977=VERTEX_POINT('',#9971);
#2978=VERTEX_POINT('',#9973);
#2979=VERTEX_POINT('',#9975);
#2980=VERTEX_POINT('',#9977);
#2981=VERTEX_POINT('',#9979);
#2982=VERTEX_POINT('',#9981);
#2983=VERTEX_POINT('',#9983);
#2984=VERTEX_POINT('',#9987);
#2985=VERTEX_POINT('',#9988);
#2986=VERTEX_POINT('',#9990);
#2987=VERTEX_POINT('',#9992);
#2988=VERTEX_POINT('',#9996);
#2989=VERTEX_POINT('',#9997);
#2990=VERTEX_POINT('',#9999);
#2991=VERTEX_POINT('',#10001);
#2992=VERTEX_POINT('',#10005);
#2993=VERTEX_POINT('',#10007);
#2994=VERTEX_POINT('',#10009);
#2995=VERTEX_POINT('',#10013);
#2996=VERTEX_POINT('',#10017);
#2997=VERTEX_POINT('',#10021);
#2998=VERTEX_POINT('',#10025);
#2999=VERTEX_POINT('',#10029);
#3000=VERTEX_POINT('',#10036);
#3001=VERTEX_POINT('',#10038);
#3002=VERTEX_POINT('',#10048);
#3003=VERTEX_POINT('',#10061);
#3004=VERTEX_POINT('',#10065);
#3005=VERTEX_POINT('',#10069);
#3006=VERTEX_POINT('',#10073);
#3007=VERTEX_POINT('',#10077);
#3008=VERTEX_POINT('',#10081);
#3009=VERTEX_POINT('',#10085);
#3010=VERTEX_POINT('',#10089);
#3011=VERTEX_POINT('',#10091);
#3012=VERTEX_POINT('',#10101);
#3013=VERTEX_POINT('',#10105);
#3014=VERTEX_POINT('',#10109);
#3015=VERTEX_POINT('',#10115);
#3016=VERTEX_POINT('',#10117);
#3017=VERTEX_POINT('',#10121);
#3018=VERTEX_POINT('',#10131);
#3019=VERTEX_POINT('',#10138);
#3020=VERTEX_POINT('',#10142);
#3021=VERTEX_POINT('',#10146);
#3022=VERTEX_POINT('',#10155);
#3023=VERTEX_POINT('',#10159);
#3024=VERTEX_POINT('',#10163);
#3025=VERTEX_POINT('',#10167);
#3026=VERTEX_POINT('',#10171);
#3027=VERTEX_POINT('',#10175);
#3028=VERTEX_POINT('',#10182);
#3029=VERTEX_POINT('',#10184);
#3030=VERTEX_POINT('',#10188);
#3031=VERTEX_POINT('',#10190);
#3032=VERTEX_POINT('',#10196);
#3033=VERTEX_POINT('',#10198);
#3034=VERTEX_POINT('',#10202);
#3035=VERTEX_POINT('',#10206);
#3036=VERTEX_POINT('',#10208);
#3037=VERTEX_POINT('',#10210);
#3038=VERTEX_POINT('',#10212);
#3039=VERTEX_POINT('',#10214);
#3040=VERTEX_POINT('',#10216);
#3041=VERTEX_POINT('',#10218);
#3042=VERTEX_POINT('',#10220);
#3043=VERTEX_POINT('',#10224);
#3044=VERTEX_POINT('',#10230);
#3045=VERTEX_POINT('',#10232);
#3046=VERTEX_POINT('',#10234);
#3047=VERTEX_POINT('',#10236);
#3048=VERTEX_POINT('',#10238);
#3049=VERTEX_POINT('',#10240);
#3050=VERTEX_POINT('',#10244);
#3051=VERTEX_POINT('',#10248);
#3052=VERTEX_POINT('',#10250);
#3053=VERTEX_POINT('',#10254);
#3054=VERTEX_POINT('',#10258);
#3055=VERTEX_POINT('',#10330);
#3056=VERTEX_POINT('',#10331);
#3057=VERTEX_POINT('',#10333);
#3058=VERTEX_POINT('',#10335);
#3059=VERTEX_POINT('',#10337);
#3060=VERTEX_POINT('',#10339);
#3061=VERTEX_POINT('',#10344);
#3062=VERTEX_POINT('',#10346);
#3063=VERTEX_POINT('',#10348);
#3064=VERTEX_POINT('',#10350);
#3065=VERTEX_POINT('',#10352);
#3066=VERTEX_POINT('',#10354);
#3067=VERTEX_POINT('',#10358);
#3068=VERTEX_POINT('',#10360);
#3069=VERTEX_POINT('',#10366);
#3070=VERTEX_POINT('',#10368);
#3071=VERTEX_POINT('',#10372);
#3072=VERTEX_POINT('',#10376);
#3073=VERTEX_POINT('',#10408);
#3074=VERTEX_POINT('',#10412);
#3075=VERTEX_POINT('',#10414);
#3076=VERTEX_POINT('',#10418);
#3077=VERTEX_POINT('',#10420);
#3078=VERTEX_POINT('',#10424);
#3079=VERTEX_POINT('',#10428);
#3080=VERTEX_POINT('',#10432);
#3081=VERTEX_POINT('',#10433);
#3082=VERTEX_POINT('',#10435);
#3083=VERTEX_POINT('',#10437);
#3084=VERTEX_POINT('',#10439);
#3085=VERTEX_POINT('',#10441);
#3086=VERTEX_POINT('',#10448);
#3087=VERTEX_POINT('',#10450);
#3088=VERTEX_POINT('',#10457);
#3089=VERTEX_POINT('',#10459);
#3090=VERTEX_POINT('',#10466);
#3091=VERTEX_POINT('',#10468);
#3092=VERTEX_POINT('',#10475);
#3093=VERTEX_POINT('',#10477);
#3094=VERTEX_POINT('',#10479);
#3095=VERTEX_POINT('',#10481);
#3096=VERTEX_POINT('',#10485);
#3097=VERTEX_POINT('',#10487);
#3098=VERTEX_POINT('',#10489);
#3099=VERTEX_POINT('',#10491);
#3100=VERTEX_POINT('',#10493);
#3101=VERTEX_POINT('',#10495);
#3102=VERTEX_POINT('',#10497);
#3103=VERTEX_POINT('',#10499);
#3104=VERTEX_POINT('',#10503);
#3105=VERTEX_POINT('',#10505);
#3106=VERTEX_POINT('',#10507);
#3107=VERTEX_POINT('',#10512);
#3108=VERTEX_POINT('',#10514);
#3109=VERTEX_POINT('',#10516);
#3110=VERTEX_POINT('',#10518);
#3111=VERTEX_POINT('',#10520);
#3112=VERTEX_POINT('',#10522);
#3113=VERTEX_POINT('',#10524);
#3114=VERTEX_POINT('',#10526);
#3115=VERTEX_POINT('',#10528);
#3116=VERTEX_POINT('',#10532);
#3117=VERTEX_POINT('',#10534);
#3118=VERTEX_POINT('',#10536);
#3119=VERTEX_POINT('',#10541);
#3120=VERTEX_POINT('',#10543);
#3121=VERTEX_POINT('',#10545);
#3122=VERTEX_POINT('',#10547);
#3123=VERTEX_POINT('',#10549);
#3124=VERTEX_POINT('',#10551);
#3125=VERTEX_POINT('',#10553);
#3126=VERTEX_POINT('',#10557);
#3127=VERTEX_POINT('',#10561);
#3128=VERTEX_POINT('',#10562);
#3129=VERTEX_POINT('',#10566);
#3130=VERTEX_POINT('',#10568);
#3131=VERTEX_POINT('',#10572);
#3132=VERTEX_POINT('',#10574);
#3133=VERTEX_POINT('',#10578);
#3134=VERTEX_POINT('',#10579);
#3135=VERTEX_POINT('',#10585);
#3136=VERTEX_POINT('',#10589);
#3137=VERTEX_POINT('',#10595);
#3138=VERTEX_POINT('',#10599);
#3139=VERTEX_POINT('',#10603);
#3140=VERTEX_POINT('',#10607);
#3141=VERTEX_POINT('',#10614);
#3142=VERTEX_POINT('',#10618);
#3143=VERTEX_POINT('',#10620);
#3144=VERTEX_POINT('',#10624);
#3145=VERTEX_POINT('',#10628);
#3146=VERTEX_POINT('',#10632);
#3147=VERTEX_POINT('',#10636);
#3148=VERTEX_POINT('',#10640);
#3149=VERTEX_POINT('',#10644);
#3150=VERTEX_POINT('',#10652);
#3151=VERTEX_POINT('',#10653);
#3152=VERTEX_POINT('',#10655);
#3153=VERTEX_POINT('',#10657);
#3154=VERTEX_POINT('',#10659);
#3155=VERTEX_POINT('',#10661);
#3156=VERTEX_POINT('',#10664);
#3157=VERTEX_POINT('',#10665);
#3158=VERTEX_POINT('',#10667);
#3159=VERTEX_POINT('',#10669);
#3160=VERTEX_POINT('',#10671);
#3161=VERTEX_POINT('',#10673);
#3162=VERTEX_POINT('',#10678);
#3163=VERTEX_POINT('',#10687);
#3164=VERTEX_POINT('',#10696);
#3165=VERTEX_POINT('',#10702);
#3166=VERTEX_POINT('',#10707);
#3167=VERTEX_POINT('',#10712);
#3168=VERTEX_POINT('',#10714);
#3169=VERTEX_POINT('',#10718);
#3170=VERTEX_POINT('',#10724);
#3171=VERTEX_POINT('',#10726);
#3172=VERTEX_POINT('',#10730);
#3173=VERTEX_POINT('',#10734);
#3174=VERTEX_POINT('',#10736);
#3175=VERTEX_POINT('',#10738);
#3176=VERTEX_POINT('',#10740);
#3177=VERTEX_POINT('',#10742);
#3178=VERTEX_POINT('',#10744);
#3179=VERTEX_POINT('',#10748);
#3180=VERTEX_POINT('',#10750);
#3181=VERTEX_POINT('',#10756);
#3182=VERTEX_POINT('',#10760);
#3183=VERTEX_POINT('',#10762);
#3184=VERTEX_POINT('',#10764);
#3185=VERTEX_POINT('',#10766);
#3186=VERTEX_POINT('',#10768);
#3187=VERTEX_POINT('',#10770);
#3188=VERTEX_POINT('',#10774);
#3189=VERTEX_POINT('',#10776);
#3190=VERTEX_POINT('',#10782);
#3191=VERTEX_POINT('',#10786);
#3192=VERTEX_POINT('',#10787);
#3193=VERTEX_POINT('',#10789);
#3194=VERTEX_POINT('',#10791);
#3195=VERTEX_POINT('',#10794);
#3196=VERTEX_POINT('',#10796);
#3197=VERTEX_POINT('',#10800);
#3198=VERTEX_POINT('',#10801);
#3199=VERTEX_POINT('',#10806);
#3200=VERTEX_POINT('',#10807);
#3201=VERTEX_POINT('',#10812);
#3202=VERTEX_POINT('',#10814);
#3203=VERTEX_POINT('',#10818);
#3204=VERTEX_POINT('',#10822);
#3205=VERTEX_POINT('',#10826);
#3206=VERTEX_POINT('',#10830);
#3207=VERTEX_POINT('',#10832);
#3208=VERTEX_POINT('',#10836);
#3209=VERTEX_POINT('',#10840);
#3210=VERTEX_POINT('',#10842);
#3211=VERTEX_POINT('',#10846);
#3212=VERTEX_POINT('',#10850);
#3213=VERTEX_POINT('',#10851);
#3214=VERTEX_POINT('',#10853);
#3215=VERTEX_POINT('',#10855);
#3216=VERTEX_POINT('',#10857);
#3217=VERTEX_POINT('',#10859);
#3218=VERTEX_POINT('',#10863);
#3219=VERTEX_POINT('',#10864);
#3220=VERTEX_POINT('',#10866);
#3221=VERTEX_POINT('',#10868);
#3222=VERTEX_POINT('',#10870);
#3223=VERTEX_POINT('',#10872);
#3224=VERTEX_POINT('',#10892);
#3225=VERTEX_POINT('',#10896);
#3226=VERTEX_POINT('',#10900);
#3227=VERTEX_POINT('',#10902);
#3228=VERTEX_POINT('',#10904);
#3229=VERTEX_POINT('',#10906);
#3230=VERTEX_POINT('',#10908);
#3231=VERTEX_POINT('',#10911);
#3232=VERTEX_POINT('',#10913);
#3233=VERTEX_POINT('',#10915);
#3234=VERTEX_POINT('',#10917);
#3235=VERTEX_POINT('',#10919);
#3236=VERTEX_POINT('',#10921);
#3237=VERTEX_POINT('',#10923);
#3238=VERTEX_POINT('',#10925);
#3239=VERTEX_POINT('',#10927);
#3240=VERTEX_POINT('',#10929);
#3241=VERTEX_POINT('',#10931);
#3242=VERTEX_POINT('',#10933);
#3243=VERTEX_POINT('',#10935);
#3244=VERTEX_POINT('',#10937);
#3245=VERTEX_POINT('',#10939);
#3246=VERTEX_POINT('',#10941);
#3247=VERTEX_POINT('',#10943);
#3248=VERTEX_POINT('',#10951);
#3249=VERTEX_POINT('',#10953);
#3250=VERTEX_POINT('',#10975);
#3251=VERTEX_POINT('',#10996);
#3252=VERTEX_POINT('',#10998);
#3253=VERTEX_POINT('',#11008);
#3254=VERTEX_POINT('',#11020);
#3255=VERTEX_POINT('',#11042);
#3256=VERTEX_POINT('',#11044);
#3257=VERTEX_POINT('',#11058);
#3258=VERTEX_POINT('',#11098);
#3259=VERTEX_POINT('',#11100);
#3260=VERTEX_POINT('',#11104);
#3261=VERTEX_POINT('',#11105);
#3262=VERTEX_POINT('',#11107);
#3263=VERTEX_POINT('',#11109);
#3264=VERTEX_POINT('',#11111);
#3265=VERTEX_POINT('',#11113);
#3266=VERTEX_POINT('',#11115);
#3267=VERTEX_POINT('',#11117);
#3268=VERTEX_POINT('',#11119);
#3269=VERTEX_POINT('',#11121);
#3270=VERTEX_POINT('',#11123);
#3271=VERTEX_POINT('',#11125);
#3272=VERTEX_POINT('',#11127);
#3273=VERTEX_POINT('',#11129);
#3274=VERTEX_POINT('',#11131);
#3275=VERTEX_POINT('',#11133);
#3276=VERTEX_POINT('',#11135);
#3277=VERTEX_POINT('',#11138);
#3278=VERTEX_POINT('',#11141);
#3279=VERTEX_POINT('',#11145);
#3280=VERTEX_POINT('',#11149);
#3281=VERTEX_POINT('',#11153);
#3282=VERTEX_POINT('',#11154);
#3283=VERTEX_POINT('',#11157);
#3284=VERTEX_POINT('',#11159);
#3285=VERTEX_POINT('',#11163);
#3286=VERTEX_POINT('',#11165);
#3287=VERTEX_POINT('',#11167);
#3288=VERTEX_POINT('',#11169);
#3289=VERTEX_POINT('',#11173);
#3290=VERTEX_POINT('',#11175);
#3291=VERTEX_POINT('',#11177);
#3292=VERTEX_POINT('',#11179);
#3293=VERTEX_POINT('',#11181);
#3294=VERTEX_POINT('',#11183);
#3295=VERTEX_POINT('',#11185);
#3296=VERTEX_POINT('',#11187);
#3297=VERTEX_POINT('',#11191);
#3298=VERTEX_POINT('',#11195);
#3299=VERTEX_POINT('',#11196);
#3300=VERTEX_POINT('',#11199);
#3301=VERTEX_POINT('',#11203);
#3302=VERTEX_POINT('',#11207);
#3303=VERTEX_POINT('',#11209);
#3304=VERTEX_POINT('',#11213);
#3305=VERTEX_POINT('',#11217);
#3306=VERTEX_POINT('',#11221);
#3307=VERTEX_POINT('',#11225);
#3308=VERTEX_POINT('',#11229);
#3309=VERTEX_POINT('',#11233);
#3310=VERTEX_POINT('',#11237);
#3311=VERTEX_POINT('',#11241);
#3312=VERTEX_POINT('',#11245);
#3313=VERTEX_POINT('',#11249);
#3314=VERTEX_POINT('',#11253);
#3315=VERTEX_POINT('',#11257);
#3316=VERTEX_POINT('',#11261);
#3317=VERTEX_POINT('',#11269);
#3318=VERTEX_POINT('',#11271);
#3319=VERTEX_POINT('',#11278);
#3320=VERTEX_POINT('',#11279);
#3321=VERTEX_POINT('',#11284);
#3322=VERTEX_POINT('',#11285);
#3323=VERTEX_POINT('',#11293);
#3324=VERTEX_POINT('',#11297);
#3325=VERTEX_POINT('',#11299);
#3326=VERTEX_POINT('',#11305);
#3327=VERTEX_POINT('',#11309);
#3328=VERTEX_POINT('',#11311);
#3329=VERTEX_POINT('',#11313);
#3330=VERTEX_POINT('',#11315);
#3331=VERTEX_POINT('',#11317);
#3332=VERTEX_POINT('',#11319);
#3333=VERTEX_POINT('',#11321);
#3334=VERTEX_POINT('',#11323);
#3335=VERTEX_POINT('',#11327);
#3336=VERTEX_POINT('',#11331);
#3337=VERTEX_POINT('',#11335);
#3338=VERTEX_POINT('',#11336);
#3339=VERTEX_POINT('',#11338);
#3340=VERTEX_POINT('',#11343);
#3341=VERTEX_POINT('',#11345);
#3342=VERTEX_POINT('',#11349);
#3343=VERTEX_POINT('',#11351);
#3344=VERTEX_POINT('',#11355);
#3345=VERTEX_POINT('',#11357);
#3346=VERTEX_POINT('',#11359);
#3347=VERTEX_POINT('',#11361);
#3348=VERTEX_POINT('',#11363);
#3349=VERTEX_POINT('',#11365);
#3350=VERTEX_POINT('',#11369);
#3351=VERTEX_POINT('',#11371);
#3352=VERTEX_POINT('',#11375);
#3353=VERTEX_POINT('',#11376);
#3354=VERTEX_POINT('',#11400);
#3355=VERTEX_POINT('',#11408);
#3356=VERTEX_POINT('',#11409);
#3357=VERTEX_POINT('',#11417);
#3358=VERTEX_POINT('',#11419);
#3359=VERTEX_POINT('',#11423);
#3360=VERTEX_POINT('',#11424);
#3361=VERTEX_POINT('',#11426);
#3362=VERTEX_POINT('',#11428);
#3363=VERTEX_POINT('',#11430);
#3364=VERTEX_POINT('',#11434);
#3365=VERTEX_POINT('',#11435);
#3366=VERTEX_POINT('',#11437);
#3367=VERTEX_POINT('',#11442);
#3368=VERTEX_POINT('',#11446);
#3369=VERTEX_POINT('',#11450);
#3370=VERTEX_POINT('',#11452);
#3371=VERTEX_POINT('',#11454);
#3372=VERTEX_POINT('',#11485);
#3373=VERTEX_POINT('',#11491);
#3374=VERTEX_POINT('',#11493);
#3375=VERTEX_POINT('',#11497);
#3376=VERTEX_POINT('',#11499);
#3377=VERTEX_POINT('',#11503);
#3378=VERTEX_POINT('',#11507);
#3379=VERTEX_POINT('',#11511);
#3380=VERTEX_POINT('',#11512);
#3381=VERTEX_POINT('',#11514);
#3382=VERTEX_POINT('',#11516);
#3383=VERTEX_POINT('',#11518);
#3384=VERTEX_POINT('',#11520);
#3385=VERTEX_POINT('',#11522);
#3386=VERTEX_POINT('',#11524);
#3387=VERTEX_POINT('',#11527);
#3388=VERTEX_POINT('',#11529);
#3389=VERTEX_POINT('',#11531);
#3390=VERTEX_POINT('',#11533);
#3391=VERTEX_POINT('',#11542);
#3392=VERTEX_POINT('',#11544);
#3393=VERTEX_POINT('',#11548);
#3394=VERTEX_POINT('',#11550);
#3395=VERTEX_POINT('',#11552);
#3396=VERTEX_POINT('',#11554);
#3397=VERTEX_POINT('',#11561);
#3398=VERTEX_POINT('',#11565);
#3399=VERTEX_POINT('',#11572);
#3400=VERTEX_POINT('',#11574);
#3401=VERTEX_POINT('',#11578);
#3402=VERTEX_POINT('',#11580);
#3403=VERTEX_POINT('',#11584);
#3404=VERTEX_POINT('',#11590);
#3405=VERTEX_POINT('',#11591);
#3406=VERTEX_POINT('',#11593);
#3407=VERTEX_POINT('',#11595);
#3408=VERTEX_POINT('',#11599);
#3409=VERTEX_POINT('',#11601);
#3410=VERTEX_POINT('',#11608);
#3411=VERTEX_POINT('',#11610);
#3412=VERTEX_POINT('',#11614);
#3413=VERTEX_POINT('',#11616);
#3414=VERTEX_POINT('',#11620);
#3415=VERTEX_POINT('',#11625);
#3416=VERTEX_POINT('',#11627);
#3417=VERTEX_POINT('',#11633);
#3418=VERTEX_POINT('',#11637);
#3419=VERTEX_POINT('',#11641);
#3420=VERTEX_POINT('',#11645);
#3421=VERTEX_POINT('',#11650);
#3422=VERTEX_POINT('',#11657);
#3423=VERTEX_POINT('',#11660);
#3424=VERTEX_POINT('',#11661);
#3425=VERTEX_POINT('',#11663);
#3426=VERTEX_POINT('',#11665);
#3427=VERTEX_POINT('',#11667);
#3428=VERTEX_POINT('',#11675);
#3429=VERTEX_POINT('',#11679);
#3430=VERTEX_POINT('',#11681);
#3431=VERTEX_POINT('',#11683);
#3432=VERTEX_POINT('',#11685);
#3433=VERTEX_POINT('',#11687);
#3434=VERTEX_POINT('',#11690);
#3435=VERTEX_POINT('',#11705);
#3436=VERTEX_POINT('',#11707);
#3437=VERTEX_POINT('',#11716);
#3438=VERTEX_POINT('',#11720);
#3439=VERTEX_POINT('',#11722);
#3440=VERTEX_POINT('',#11724);
#3441=VERTEX_POINT('',#11726);
#3442=VERTEX_POINT('',#11728);
#3443=VERTEX_POINT('',#11732);
#3444=VERTEX_POINT('',#11734);
#3445=VERTEX_POINT('',#11736);
#3446=VERTEX_POINT('',#11738);
#3447=VERTEX_POINT('',#11740);
#3448=VERTEX_POINT('',#11771);
#3449=VERTEX_POINT('',#11774);
#3450=EDGE_CURVE('',#2837,#2838,#1059,.T.);
#3451=EDGE_CURVE('',#2839,#2837,#1060,.T.);
#3452=EDGE_CURVE('',#2839,#2840,#1061,.T.);
#3453=EDGE_CURVE('',#2840,#2838,#1043,.T.);
#3454=EDGE_CURVE('',#2841,#2837,#1062,.T.);
#3455=EDGE_CURVE('',#2841,#2842,#1063,.T.);
#3456=EDGE_CURVE('',#2842,#2839,#1064,.T.);
#3457=EDGE_CURVE('',#2843,#2844,#1044,.T.);
#3458=EDGE_CURVE('',#2845,#2843,#91,.T.);
#3459=EDGE_CURVE('',#2845,#2846,#1065,.T.);
#3460=EDGE_CURVE('',#2847,#2846,#92,.T.);
#3461=EDGE_CURVE('',#2844,#2847,#1066,.F.);
#3462=EDGE_CURVE('',#2838,#2844,#1067,.T.);
#3463=EDGE_CURVE('',#2840,#2848,#1045,.T.);
#3464=EDGE_CURVE('',#2844,#2848,#1068,.T.);
#3465=EDGE_CURVE('',#2849,#2850,#1069,.T.);
#3466=EDGE_CURVE('',#2850,#2851,#93,.T.);
#3467=EDGE_CURVE('',#2851,#2852,#1070,.T.);
#3468=EDGE_CURVE('',#2852,#2849,#94,.T.);
#3469=EDGE_CURVE('',#2853,#2854,#1071,.T.);
#3470=EDGE_CURVE('',#2854,#2850,#1072,.T.);
#3471=EDGE_CURVE('',#2849,#2853,#1073,.T.);
#3472=EDGE_CURVE('',#2855,#2856,#1074,.T.);
#3473=EDGE_CURVE('',#2856,#2854,#95,.T.);
#3474=EDGE_CURVE('',#2853,#2855,#96,.T.);
#3475=EDGE_CURVE('',#2851,#2856,#1075,.T.);
#3476=EDGE_CURVE('',#2855,#2852,#1076,.T.);
#3477=EDGE_CURVE('',#2851,#2857,#1077,.T.);
#3478=EDGE_CURVE('',#2858,#2857,#1078,.T.);
#3479=EDGE_CURVE('',#2856,#2858,#1079,.T.);
#3480=EDGE_CURVE('',#2850,#2859,#1080,.T.);
#3481=EDGE_CURVE('',#2857,#2859,#97,.T.);
#3482=EDGE_CURVE('',#2860,#2861,#1081,.T.);
#3483=EDGE_CURVE('',#2862,#2860,#1082,.T.);
#3484=EDGE_CURVE('',#2863,#2862,#1083,.T.);
#3485=EDGE_CURVE('',#2864,#2863,#1084,.T.);
#3486=EDGE_CURVE('',#2865,#2864,#1085,.T.);
#3487=EDGE_CURVE('',#2866,#2865,#1086,.T.);
#3488=EDGE_CURVE('',#2866,#2867,#1087,.T.);
#3489=EDGE_CURVE('',#2868,#2867,#1088,.T.);
#3490=EDGE_CURVE('',#2869,#2868,#98,.T.);
#3491=EDGE_CURVE('',#2870,#2869,#1089,.T.);
#3492=EDGE_CURVE('',#2871,#2870,#99,.T.);
#3493=EDGE_CURVE('',#2872,#2871,#1090,.T.);
#3494=EDGE_CURVE('',#2861,#2872,#1091,.T.);
#3495=EDGE_CURVE('',#2873,#2874,#1092,.T.);
#3496=EDGE_CURVE('',#2875,#2873,#1093,.T.);
#3497=EDGE_CURVE('',#2876,#2875,#1094,.T.);
#3498=EDGE_CURVE('',#2874,#2876,#1095,.T.);
#3499=EDGE_CURVE('',#2877,#2878,#1096,.T.);
#3500=EDGE_CURVE('',#2879,#2877,#1097,.T.);
#3501=EDGE_CURVE('',#2880,#2879,#1098,.T.);
#3502=EDGE_CURVE('',#2878,#2880,#1099,.T.);
#3503=EDGE_CURVE('',#2881,#2882,#1100,.T.);
#3504=EDGE_CURVE('',#2883,#2881,#1101,.T.);
#3505=EDGE_CURVE('',#2884,#2883,#1102,.T.);
#3506=EDGE_CURVE('',#2882,#2884,#1103,.T.);
#3507=EDGE_CURVE('',#2885,#2886,#1104,.T.);
#3508=EDGE_CURVE('',#2887,#2885,#1105,.T.);
#3509=EDGE_CURVE('',#2888,#2887,#1106,.T.);
#3510=EDGE_CURVE('',#2886,#2888,#1107,.T.);
#3511=EDGE_CURVE('',#2889,#2890,#1108,.T.);
#3512=EDGE_CURVE('',#2891,#2889,#1109,.T.);
#3513=EDGE_CURVE('',#2892,#2891,#1110,.T.);
#3514=EDGE_CURVE('',#2890,#2892,#1111,.T.);
#3515=EDGE_CURVE('',#2858,#2893,#1112,.T.);
#3516=EDGE_CURVE('',#2893,#2894,#100,.T.);
#3517=EDGE_CURVE('',#2894,#2895,#1113,.T.);
#3518=EDGE_CURVE('',#2895,#2858,#101,.T.);
#3519=EDGE_CURVE('',#2857,#2896,#1114,.T.);
#3520=EDGE_CURVE('',#2896,#2893,#1115,.T.);
#3521=EDGE_CURVE('',#2859,#2897,#1116,.T.);
#3522=EDGE_CURVE('',#2897,#2896,#102,.T.);
#3523=EDGE_CURVE('',#2894,#2897,#1117,.T.);
#3524=EDGE_CURVE('',#2859,#2895,#1118,.T.);
#3525=EDGE_CURVE('',#2854,#2895,#1119,.T.);
#3526=EDGE_CURVE('',#2898,#2899,#1120,.T.);
#3527=EDGE_CURVE('',#2900,#2898,#1121,.T.);
#3528=EDGE_CURVE('',#2901,#2900,#1122,.T.);
#3529=EDGE_CURVE('',#2902,#2901,#1123,.T.);
#3530=EDGE_CURVE('',#2903,#2902,#1124,.T.);
#3531=EDGE_CURVE('',#2904,#2903,#1125,.T.);
#3532=EDGE_CURVE('',#2905,#2904,#103,.T.);
#3533=EDGE_CURVE('',#2906,#2905,#1126,.T.);
#3534=EDGE_CURVE('',#2907,#2906,#104,.T.);
#3535=EDGE_CURVE('',#2908,#2907,#1127,.T.);
#3536=EDGE_CURVE('',#2909,#2908,#105,.T.);
#3537=EDGE_CURVE('',#2910,#2909,#1128,.T.);
#3538=EDGE_CURVE('',#2911,#2910,#106,.T.);
#3539=EDGE_CURVE('',#2912,#2911,#1129,.T.);
#3540=EDGE_CURVE('',#2913,#2912,#107,.T.);
#3541=EDGE_CURVE('',#2914,#2913,#1130,.T.);
#3542=EDGE_CURVE('',#2915,#2914,#108,.T.);
#3543=EDGE_CURVE('',#2899,#2915,#1131,.T.);
#3544=EDGE_CURVE('',#2916,#2917,#1132,.T.);
#3545=EDGE_CURVE('',#2917,#2918,#1133,.T.);
#3546=EDGE_CURVE('',#2918,#2919,#1134,.T.);
#3547=EDGE_CURVE('',#2919,#2916,#1135,.T.);
#3548=EDGE_CURVE('',#2920,#2921,#1136,.T.);
#3549=EDGE_CURVE('',#2921,#2922,#1137,.T.);
#3550=EDGE_CURVE('',#2922,#2923,#1138,.T.);
#3551=EDGE_CURVE('',#2923,#2920,#1139,.T.);
#3552=EDGE_CURVE('',#2924,#2925,#1140,.T.);
#3553=EDGE_CURVE('',#2925,#2926,#1141,.T.);
#3554=EDGE_CURVE('',#2926,#2927,#1142,.T.);
#3555=EDGE_CURVE('',#2927,#2924,#1143,.T.);
#3556=EDGE_CURVE('',#2928,#2929,#1144,.T.);
#3557=EDGE_CURVE('',#2929,#2930,#1145,.T.);
#3558=EDGE_CURVE('',#2930,#2931,#1146,.T.);
#3559=EDGE_CURVE('',#2931,#2928,#1147,.T.);
#3560=EDGE_CURVE('',#2932,#2933,#1148,.T.);
#3561=EDGE_CURVE('',#2933,#2934,#1149,.T.);
#3562=EDGE_CURVE('',#2934,#2935,#1150,.T.);
#3563=EDGE_CURVE('',#2935,#2932,#1151,.T.);
#3564=EDGE_CURVE('',#2936,#2937,#1152,.F.);
#3565=EDGE_CURVE('',#2937,#2938,#1153,.T.);
#3566=EDGE_CURVE('',#2938,#2939,#1154,.F.);
#3567=EDGE_CURVE('',#2939,#2940,#1155,.T.);
#3568=EDGE_CURVE('',#2940,#2941,#1156,.T.);
#3569=EDGE_CURVE('',#2936,#2941,#1157,.T.);
#3570=EDGE_CURVE('',#2942,#2940,#1158,.T.);
#3571=EDGE_CURVE('',#2943,#2942,#1159,.T.);
#3572=EDGE_CURVE('',#2944,#2943,#1160,.T.);
#3573=EDGE_CURVE('',#2945,#2944,#1161,.F.);
#3574=EDGE_CURVE('',#2945,#2946,#1162,.T.);
#3575=EDGE_CURVE('',#2947,#2946,#1163,.T.);
#3576=EDGE_CURVE('',#2947,#2948,#1164,.T.);
#3577=EDGE_CURVE('',#2948,#2941,#1165,.T.);
#3578=EDGE_CURVE('',#2949,#2939,#1166,.T.);
#3579=EDGE_CURVE('',#2950,#2949,#1167,.T.);
#3580=EDGE_CURVE('',#2951,#2950,#1168,.T.);
#3581=EDGE_CURVE('',#2952,#2951,#1169,.T.);
#3582=EDGE_CURVE('',#2942,#2952,#1170,.T.);
#3583=EDGE_CURVE('',#2861,#2939,#1171,.T.);
#3584=EDGE_CURVE('',#2938,#2953,#1172,.T.);
#3585=EDGE_CURVE('',#2953,#2861,#1173,.T.);
#3586=EDGE_CURVE('',#2953,#2954,#1174,.T.);
#3587=EDGE_CURVE('',#2954,#2860,#1175,.T.);
#3588=EDGE_CURVE('',#2955,#2956,#1176,.T.);
#3589=EDGE_CURVE('',#2956,#2863,#1177,.T.);
#3590=EDGE_CURVE('',#2862,#2955,#1178,.T.);
#3591=EDGE_CURVE('',#2957,#2958,#1179,.T.);
#3592=EDGE_CURVE('',#2958,#2865,#1180,.T.);
#3593=EDGE_CURVE('',#2864,#2957,#1181,.T.);
#3594=EDGE_CURVE('',#2959,#2960,#1182,.T.);
#3595=EDGE_CURVE('',#2960,#2937,#1183,.F.);
#3596=EDGE_CURVE('',#2936,#2961,#1184,.T.);
#3597=EDGE_CURVE('',#2961,#2959,#1185,.T.);
#3598=EDGE_CURVE('',#2962,#2959,#1186,.T.);
#3599=EDGE_CURVE('',#2961,#2963,#1187,.T.);
#3600=EDGE_CURVE('',#2963,#2962,#1188,.T.);
#3601=EDGE_CURVE('',#2964,#2962,#1189,.T.);
#3602=EDGE_CURVE('',#2963,#2965,#1190,.T.);
#3603=EDGE_CURVE('',#2965,#2964,#1191,.T.);
#3604=EDGE_CURVE('',#2966,#2964,#1192,.T.);
#3605=EDGE_CURVE('',#2965,#2967,#1193,.T.);
#3606=EDGE_CURVE('',#2967,#2966,#1194,.T.);
#3607=EDGE_CURVE('',#2958,#2966,#1195,.T.);
#3608=EDGE_CURVE('',#2967,#2865,#1196,.T.);
#3609=EDGE_CURVE('',#2956,#2957,#1197,.T.);
#3610=EDGE_CURVE('',#2954,#2955,#1198,.T.);
#3611=EDGE_CURVE('',#2949,#2872,#1199,.T.);
#3612=EDGE_CURVE('',#2967,#2968,#1200,.T.);
#3613=EDGE_CURVE('',#2968,#2866,#1201,.T.);
#3614=EDGE_CURVE('',#2969,#2948,#1202,.T.);
#3615=EDGE_CURVE('',#2970,#2969,#1203,.T.);
#3616=EDGE_CURVE('',#2971,#2970,#1204,.T.);
#3617=EDGE_CURVE('',#2971,#2972,#1205,.T.);
#3618=EDGE_CURVE('',#2973,#2972,#1206,.T.);
#3619=EDGE_CURVE('',#2974,#2973,#1207,.T.);
#3620=EDGE_CURVE('',#2975,#2974,#1208,.T.);
#3621=EDGE_CURVE('',#2975,#2976,#1209,.T.);
#3622=EDGE_CURVE('',#2977,#2976,#1210,.T.);
#3623=EDGE_CURVE('',#2978,#2977,#1211,.T.);
#3624=EDGE_CURVE('',#2979,#2978,#1212,.T.);
#3625=EDGE_CURVE('',#2980,#2979,#1213,.T.);
#3626=EDGE_CURVE('',#2981,#2980,#1214,.T.);
#3627=EDGE_CURVE('',#2982,#2981,#1215,.T.);
#3628=EDGE_CURVE('',#2983,#2982,#1216,.T.);
#3629=EDGE_CURVE('',#2968,#2983,#1217,.T.);
#3630=EDGE_CURVE('',#2984,#2985,#1218,.T.);
#3631=EDGE_CURVE('',#2985,#2986,#1219,.T.);
#3632=EDGE_CURVE('',#2986,#2987,#1220,.T.);
#3633=EDGE_CURVE('',#2984,#2987,#1221,.T.);
#3634=EDGE_CURVE('',#2988,#2989,#1222,.T.);
#3635=EDGE_CURVE('',#2989,#2990,#1223,.T.);
#3636=EDGE_CURVE('',#2990,#2991,#1224,.T.);
#3637=EDGE_CURVE('',#2991,#2988,#1225,.T.);
#3638=EDGE_CURVE('',#2992,#2903,#1226,.T.);
#3639=EDGE_CURVE('',#2903,#2993,#1227,.T.);
#3640=EDGE_CURVE('',#2993,#2994,#1228,.T.);
#3641=EDGE_CURVE('',#2994,#2992,#1229,.T.);
#3642=EDGE_CURVE('',#2902,#2995,#1230,.T.);
#3643=EDGE_CURVE('',#2995,#2993,#1231,.T.);
#3644=EDGE_CURVE('',#2901,#2996,#1232,.T.);
#3645=EDGE_CURVE('',#2996,#2995,#1233,.T.);
#3646=EDGE_CURVE('',#2900,#2997,#1234,.T.);
#3647=EDGE_CURVE('',#2997,#2996,#1235,.T.);
#3648=EDGE_CURVE('',#2998,#2997,#1236,.T.);
#3649=EDGE_CURVE('',#2898,#2998,#1237,.T.);
#3650=EDGE_CURVE('',#2999,#2998,#1238,.T.);
#3651=EDGE_CURVE('',#2899,#2999,#1239,.T.);
#3652=EDGE_CURVE('',#2989,#2999,#1240,.T.);
#3653=EDGE_CURVE('',#2899,#2990,#1241,.T.);
#3654=EDGE_CURVE('',#3000,#2992,#1242,.T.);
#3655=EDGE_CURVE('',#2994,#3001,#1243,.T.);
#3656=EDGE_CURVE('',#3001,#3000,#1244,.T.);
#3657=EDGE_CURVE('',#2987,#2988,#1245,.T.);
#3658=EDGE_CURVE('',#2991,#2984,#1246,.T.);
#3659=EDGE_CURVE('',#2985,#3000,#1247,.T.);
#3660=EDGE_CURVE('',#3001,#2986,#1248,.T.);
#3661=EDGE_CURVE('',#2992,#3002,#1249,.T.);
#3662=EDGE_CURVE('',#3002,#2904,#1250,.T.);
#3663=EDGE_CURVE('',#2964,#2988,#1251,.T.);
#3664=EDGE_CURVE('',#2987,#2962,#1252,.T.);
#3665=EDGE_CURVE('',#2959,#2986,#1253,.T.);
#3666=EDGE_CURVE('',#3001,#2960,#1254,.T.);
#3667=EDGE_CURVE('',#2954,#2995,#1255,.T.);
#3668=EDGE_CURVE('',#3003,#2866,#1256,.T.);
#3669=EDGE_CURVE('',#2983,#3003,#1257,.T.);
#3670=EDGE_CURVE('',#3004,#3003,#1258,.T.);
#3671=EDGE_CURVE('',#2982,#3004,#1259,.T.);
#3672=EDGE_CURVE('',#3005,#3004,#1260,.T.);
#3673=EDGE_CURVE('',#2981,#3005,#1261,.T.);
#3674=EDGE_CURVE('',#2980,#3006,#1262,.T.);
#3675=EDGE_CURVE('',#3006,#3005,#1263,.T.);
#3676=EDGE_CURVE('',#3003,#3007,#1264,.T.);
#3677=EDGE_CURVE('',#2867,#3007,#1265,.T.);
#3678=EDGE_CURVE('',#3008,#3004,#1266,.T.);
#3679=EDGE_CURVE('',#3007,#3008,#1267,.T.);
#3680=EDGE_CURVE('',#3005,#3009,#1268,.T.);
#3681=EDGE_CURVE('',#3008,#3009,#1269,.T.);
#3682=EDGE_CURVE('',#3010,#3006,#1270,.T.);
#3683=EDGE_CURVE('',#3011,#3010,#1271,.T.);
#3684=EDGE_CURVE('',#3009,#3011,#1272,.T.);
#3685=EDGE_CURVE('',#2996,#2955,#1273,.T.);
#3686=EDGE_CURVE('',#2956,#2997,#1274,.T.);
#3687=EDGE_CURVE('',#2998,#2957,#1275,.T.);
#3688=EDGE_CURVE('',#3012,#2943,#1276,.T.);
#3689=EDGE_CURVE('',#2952,#3012,#1277,.T.);
#3690=EDGE_CURVE('',#3013,#3012,#1278,.T.);
#3691=EDGE_CURVE('',#2951,#3013,#1279,.T.);
#3692=EDGE_CURVE('',#3014,#3013,#1280,.T.);
#3693=EDGE_CURVE('',#2950,#3014,#1281,.T.);
#3694=EDGE_CURVE('',#2872,#3014,#1282,.T.);
#3695=EDGE_CURVE('',#3015,#3012,#1283,.T.);
#3696=EDGE_CURVE('',#3016,#3015,#1284,.T.);
#3697=EDGE_CURVE('',#3016,#2944,#1285,.T.);
#3698=EDGE_CURVE('',#3013,#3017,#1286,.T.);
#3699=EDGE_CURVE('',#3015,#3017,#1287,.T.);
#3700=EDGE_CURVE('',#2839,#3014,#1288,.T.);
#3701=EDGE_CURVE('',#3017,#2842,#1046,.T.);
#3702=EDGE_CURVE('',#3018,#2871,#23,.T.);
#3703=EDGE_CURVE('',#2848,#3018,#1047,.F.);
#3704=EDGE_CURVE('',#3019,#2905,#1289,.T.);
#3705=EDGE_CURVE('',#3002,#3019,#109,.T.);
#3706=EDGE_CURVE('',#3020,#2906,#1290,.T.);
#3707=EDGE_CURVE('',#3019,#3020,#1291,.T.);
#3708=EDGE_CURVE('',#3021,#2907,#1292,.T.);
#3709=EDGE_CURVE('',#3020,#3021,#110,.T.);
#3710=EDGE_CURVE('',#2847,#2908,#1293,.T.);
#3711=EDGE_CURVE('',#3021,#2847,#1294,.T.);
#3712=EDGE_CURVE('',#2846,#2909,#1295,.T.);
#3713=EDGE_CURVE('',#3022,#2910,#1296,.T.);
#3714=EDGE_CURVE('',#2846,#3022,#1297,.T.);
#3715=EDGE_CURVE('',#3023,#2911,#1298,.T.);
#3716=EDGE_CURVE('',#3022,#3023,#111,.T.);
#3717=EDGE_CURVE('',#3024,#2912,#1299,.T.);
#3718=EDGE_CURVE('',#3023,#3024,#1300,.T.);
#3719=EDGE_CURVE('',#3025,#2913,#1301,.T.);
#3720=EDGE_CURVE('',#3024,#3025,#112,.T.);
#3721=EDGE_CURVE('',#3026,#2914,#1302,.T.);
#3722=EDGE_CURVE('',#3025,#3026,#1303,.T.);
#3723=EDGE_CURVE('',#3027,#2915,#1304,.T.);
#3724=EDGE_CURVE('',#3026,#3027,#113,.T.);
#3725=EDGE_CURVE('',#3027,#2990,#1305,.T.);
#3726=EDGE_CURVE('',#3026,#3028,#1306,.T.);
#3727=EDGE_CURVE('',#3029,#3028,#114,.T.);
#3728=EDGE_CURVE('',#3029,#3027,#1307,.T.);
#3729=EDGE_CURVE('',#3030,#3025,#1308,.T.);
#3730=EDGE_CURVE('',#3031,#3030,#17,.T.);
#3731=EDGE_CURVE('',#3032,#3031,#1309,.T.);
#3732=EDGE_CURVE('',#3033,#3032,#1310,.T.);
#3733=EDGE_CURVE('',#3028,#3033,#1311,.T.);
#3734=EDGE_CURVE('',#3024,#3034,#1312,.T.);
#3735=EDGE_CURVE('',#3030,#3034,#115,.T.);
#3736=EDGE_CURVE('',#3035,#3023,#1313,.T.);
#3737=EDGE_CURVE('',#3036,#3035,#1314,.T.);
#3738=EDGE_CURVE('',#3037,#3036,#1315,.T.);
#3739=EDGE_CURVE('',#3038,#3037,#1316,.T.);
#3740=EDGE_CURVE('',#3039,#3038,#1317,.T.);
#3741=EDGE_CURVE('',#3040,#3039,#1318,.T.);
#3742=EDGE_CURVE('',#3041,#3040,#1319,.T.);
#3743=EDGE_CURVE('',#3041,#3042,#1320,.T.);
#3744=EDGE_CURVE('',#3034,#3042,#1321,.T.);
#3745=EDGE_CURVE('',#3022,#3043,#1322,.T.);
#3746=EDGE_CURVE('',#3035,#3043,#116,.T.);
#3747=EDGE_CURVE('',#3043,#2845,#1323,.T.);
#3748=EDGE_CURVE('',#3044,#3021,#1324,.T.);
#3749=EDGE_CURVE('',#3045,#3044,#1325,.T.);
#3750=EDGE_CURVE('',#3046,#3045,#1326,.T.);
#3751=EDGE_CURVE('',#3047,#3046,#1327,.T.);
#3752=EDGE_CURVE('',#3048,#3047,#1328,.T.);
#3753=EDGE_CURVE('',#3049,#3048,#1329,.T.);
#3754=EDGE_CURVE('',#3049,#2841,#1330,.T.);
#3755=EDGE_CURVE('',#3020,#3050,#1331,.T.);
#3756=EDGE_CURVE('',#3044,#3050,#117,.T.);
#3757=EDGE_CURVE('',#3051,#3019,#1332,.T.);
#3758=EDGE_CURVE('',#3051,#3052,#1333,.T.);
#3759=EDGE_CURVE('',#3050,#3052,#1334,.T.);
#3760=EDGE_CURVE('',#3002,#3053,#1335,.T.);
#3761=EDGE_CURVE('',#3051,#3053,#118,.T.);
#3762=EDGE_CURVE('',#3054,#3029,#1336,.T.);
#3763=EDGE_CURVE('',#3053,#3054,#1337,.T.);
#3764=EDGE_CURVE('',#3009,#3039,#1338,.F.);
#3765=EDGE_CURVE('',#3038,#3008,#1339,.T.);
#3766=EDGE_CURVE('',#3037,#3007,#1340,.T.);
#3767=EDGE_CURVE('',#3036,#2867,#1341,.T.);
#3768=EDGE_CURVE('',#2870,#2845,#1342,.T.);
#3769=EDGE_CURVE('',#2843,#3018,#1048,.T.);
#3770=EDGE_CURVE('',#2869,#3043,#1343,.T.);
#3771=EDGE_CURVE('',#2868,#3035,#1344,.T.);
#3772=EDGE_CURVE('',#3048,#3015,#1345,.F.);
#3773=EDGE_CURVE('',#3017,#3049,#1049,.T.);
#3774=EDGE_CURVE('',#3055,#3056,#1346,.T.);
#3775=EDGE_CURVE('',#3057,#3055,#1347,.T.);
#3776=EDGE_CURVE('',#3058,#3057,#1348,.T.);
#3777=EDGE_CURVE('',#3059,#3058,#1349,.T.);
#3778=EDGE_CURVE('',#3060,#3059,#1350,.T.);
#3779=EDGE_CURVE('',#2976,#3060,#1351,.T.);
#3780=EDGE_CURVE('',#3056,#2975,#1352,.T.);
#3781=EDGE_CURVE('',#2972,#3061,#1353,.T.);
#3782=EDGE_CURVE('',#3062,#2971,#1354,.T.);
#3783=EDGE_CURVE('',#3063,#3062,#1355,.T.);
#3784=EDGE_CURVE('',#3064,#3063,#1356,.T.);
#3785=EDGE_CURVE('',#3065,#3064,#1357,.T.);
#3786=EDGE_CURVE('',#3066,#3065,#1358,.T.);
#3787=EDGE_CURVE('',#3061,#3066,#1359,.T.);
#3788=EDGE_CURVE('',#3067,#3056,#1360,.T.);
#3789=EDGE_CURVE('',#3068,#3067,#1361,.T.);
#3790=EDGE_CURVE('',#3055,#3068,#1362,.T.);
#3791=EDGE_CURVE('',#2974,#3067,#1363,.T.);
#3792=EDGE_CURVE('',#3069,#3064,#1364,.T.);
#3793=EDGE_CURVE('',#3070,#3069,#1365,.T.);
#3794=EDGE_CURVE('',#3065,#3070,#1366,.T.);
#3795=EDGE_CURVE('',#3063,#3071,#1367,.T.);
#3796=EDGE_CURVE('',#3071,#3069,#1368,.T.);
#3797=EDGE_CURVE('',#3072,#3062,#1369,.T.);
#3798=EDGE_CURVE('',#3071,#3072,#1370,.T.);
#3799=EDGE_CURVE('',#2970,#3072,#1371,.T.);
#3800=EDGE_CURVE('',#2918,#2875,#1372,.T.);
#3801=EDGE_CURVE('',#2876,#2917,#1373,.T.);
#3802=EDGE_CURVE('',#2919,#2873,#1374,.T.);
#3803=EDGE_CURVE('',#2932,#2879,#1375,.T.);
#3804=EDGE_CURVE('',#2935,#2880,#1376,.T.);
#3805=EDGE_CURVE('',#2877,#2933,#1377,.T.);
#3806=EDGE_CURVE('',#2926,#2883,#1378,.T.);
#3807=EDGE_CURVE('',#2884,#2925,#1379,.T.);
#3808=EDGE_CURVE('',#2927,#2881,#1380,.T.);
#3809=EDGE_CURVE('',#2923,#2887,#1381,.T.);
#3810=EDGE_CURVE('',#2922,#2888,#1382,.T.);
#3811=EDGE_CURVE('',#2920,#2885,#1383,.T.);
#3812=EDGE_CURVE('',#2931,#2891,#1384,.T.);
#3813=EDGE_CURVE('',#2930,#2892,#1385,.T.);
#3814=EDGE_CURVE('',#2928,#2889,#1386,.T.);
#3815=EDGE_CURVE('',#3011,#3073,#1387,.T.);
#3816=EDGE_CURVE('',#3073,#3040,#1388,.T.);
#3817=EDGE_CURVE('',#3010,#3074,#1389,.F.);
#3818=EDGE_CURVE('',#3074,#3075,#1390,.T.);
#3819=EDGE_CURVE('',#3075,#3073,#1391,.T.);
#3820=EDGE_CURVE('',#3076,#2979,#1392,.T.);
#3821=EDGE_CURVE('',#3076,#3077,#1393,.T.);
#3822=EDGE_CURVE('',#3077,#3074,#1394,.T.);
#3823=EDGE_CURVE('',#3047,#3078,#1395,.T.);
#3824=EDGE_CURVE('',#3078,#3016,#1396,.T.);
#3825=EDGE_CURVE('',#3079,#3078,#1397,.T.);
#3826=EDGE_CURVE('',#3079,#2945,#1398,.T.);
#3827=EDGE_CURVE('',#3080,#3081,#1399,.T.);
#3828=EDGE_CURVE('',#3081,#3082,#1400,.F.);
#3829=EDGE_CURVE('',#3083,#3082,#1401,.T.);
#3830=EDGE_CURVE('',#3083,#3084,#1402,.F.);
#3831=EDGE_CURVE('',#3084,#3085,#1403,.T.);
#3832=EDGE_CURVE('',#3085,#3080,#1050,.T.);
#3833=EDGE_CURVE('',#3086,#3080,#119,.T.);
#3834=EDGE_CURVE('',#3085,#3087,#120,.T.);
#3835=EDGE_CURVE('',#3087,#3086,#1051,.T.);
#3836=EDGE_CURVE('',#3088,#3086,#1404,.T.);
#3837=EDGE_CURVE('',#3087,#3089,#1405,.T.);
#3838=EDGE_CURVE('',#3089,#3088,#1052,.T.);
#3839=EDGE_CURVE('',#3090,#3088,#121,.T.);
#3840=EDGE_CURVE('',#3089,#3091,#122,.T.);
#3841=EDGE_CURVE('',#3091,#3090,#1053,.T.);
#3842=EDGE_CURVE('',#3091,#3092,#1406,.T.);
#3843=EDGE_CURVE('',#3093,#3092,#1407,.T.);
#3844=EDGE_CURVE('',#3093,#3094,#1408,.F.);
#3845=EDGE_CURVE('',#3095,#3094,#1409,.T.);
#3846=EDGE_CURVE('',#3095,#3090,#1410,.T.);
#3847=EDGE_CURVE('',#3096,#3080,#1411,.T.);
#3848=EDGE_CURVE('',#3096,#3097,#1412,.T.);
#3849=EDGE_CURVE('',#3097,#3098,#1413,.T.);
#3850=EDGE_CURVE('',#3099,#3098,#1414,.T.);
#3851=EDGE_CURVE('',#3100,#3099,#1415,.T.);
#3852=EDGE_CURVE('',#3100,#3101,#1416,.T.);
#3853=EDGE_CURVE('',#3102,#3101,#1417,.T.);
#3854=EDGE_CURVE('',#3103,#3102,#1418,.T.);
#3855=EDGE_CURVE('',#3081,#3103,#1419,.T.);
#3856=EDGE_CURVE('',#3086,#3104,#1420,.T.);
#3857=EDGE_CURVE('',#3104,#3105,#123,.T.);
#3858=EDGE_CURVE('',#3105,#3106,#1421,.T.);
#3859=EDGE_CURVE('',#3106,#3106,#124,.T.);
#3860=EDGE_CURVE('',#3105,#3096,#125,.T.);
#3861=EDGE_CURVE('',#3107,#3088,#1422,.T.);
#3862=EDGE_CURVE('',#3107,#3108,#1423,.T.);
#3863=EDGE_CURVE('',#3108,#3109,#1424,.T.);
#3864=EDGE_CURVE('',#3110,#3109,#1425,.T.);
#3865=EDGE_CURVE('',#3111,#3110,#1426,.T.);
#3866=EDGE_CURVE('',#3111,#3112,#1427,.T.);
#3867=EDGE_CURVE('',#3113,#3112,#1428,.T.);
#3868=EDGE_CURVE('',#3114,#3113,#1429,.T.);
#3869=EDGE_CURVE('',#3114,#3115,#1430,.T.);
#3870=EDGE_CURVE('',#3115,#3104,#1431,.T.);
#3871=EDGE_CURVE('',#3090,#3116,#1432,.T.);
#3872=EDGE_CURVE('',#3116,#3117,#126,.T.);
#3873=EDGE_CURVE('',#3117,#3118,#1433,.T.);
#3874=EDGE_CURVE('',#3118,#3118,#127,.T.);
#3875=EDGE_CURVE('',#3117,#3107,#128,.T.);
#3876=EDGE_CURVE('',#3119,#3095,#1434,.T.);
#3877=EDGE_CURVE('',#3120,#3119,#1435,.T.);
#3878=EDGE_CURVE('',#3121,#3120,#1436,.T.);
#3879=EDGE_CURVE('',#3121,#3122,#1437,.T.);
#3880=EDGE_CURVE('',#3123,#3122,#1438,.T.);
#3881=EDGE_CURVE('',#3124,#3123,#1439,.T.);
#3882=EDGE_CURVE('',#3124,#3125,#1440,.T.);
#3883=EDGE_CURVE('',#3125,#3116,#1441,.T.);
#3884=EDGE_CURVE('',#3075,#3126,#1442,.T.);
#3885=EDGE_CURVE('',#3041,#3126,#1443,.T.);
#3886=EDGE_CURVE('',#3127,#3128,#18,.F.);
#3887=EDGE_CURVE('',#3128,#3129,#1444,.T.);
#3888=EDGE_CURVE('',#3129,#3130,#1445,.T.);
#3889=EDGE_CURVE('',#3130,#3127,#1446,.T.);
#3890=EDGE_CURVE('',#3129,#3131,#129,.T.);
#3891=EDGE_CURVE('',#3131,#3132,#1447,.T.);
#3892=EDGE_CURVE('',#3132,#3130,#130,.T.);
#3893=EDGE_CURVE('',#3133,#3134,#1448,.T.);
#3894=EDGE_CURVE('',#3134,#3132,#1449,.T.);
#3895=EDGE_CURVE('',#3131,#3133,#1450,.T.);
#3896=EDGE_CURVE('',#3133,#3032,#131,.T.);
#3897=EDGE_CURVE('',#3032,#3135,#1451,.T.);
#3898=EDGE_CURVE('',#3135,#3134,#132,.T.);
#3899=EDGE_CURVE('',#3031,#3136,#19,.F.);
#3900=EDGE_CURVE('',#3136,#3135,#1452,.T.);
#3901=EDGE_CURVE('',#3133,#3137,#1453,.T.);
#3902=EDGE_CURVE('',#3033,#3137,#133,.T.);
#3903=EDGE_CURVE('',#3138,#3131,#1454,.T.);
#3904=EDGE_CURVE('',#3137,#3138,#1455,.T.);
#3905=EDGE_CURVE('',#3129,#3139,#1456,.T.);
#3906=EDGE_CURVE('',#3138,#3139,#134,.T.);
#3907=EDGE_CURVE('',#3140,#3128,#20,.T.);
#3908=EDGE_CURVE('',#3050,#3140,#21,.T.);
#3909=EDGE_CURVE('',#3141,#3051,#1457,.T.);
#3910=EDGE_CURVE('',#3139,#3141,#1458,.T.);
#3911=EDGE_CURVE('',#3142,#3138,#1459,.T.);
#3912=EDGE_CURVE('',#3139,#3143,#1460,.T.);
#3913=EDGE_CURVE('',#3143,#3142,#135,.T.);
#3914=EDGE_CURVE('',#3144,#3137,#1461,.T.);
#3915=EDGE_CURVE('',#3142,#3144,#1462,.T.);
#3916=EDGE_CURVE('',#3145,#3033,#1463,.T.);
#3917=EDGE_CURVE('',#3144,#3145,#136,.T.);
#3918=EDGE_CURVE('',#3146,#3028,#1464,.T.);
#3919=EDGE_CURVE('',#3145,#3146,#1465,.T.);
#3920=EDGE_CURVE('',#3147,#3029,#1466,.T.);
#3921=EDGE_CURVE('',#3146,#3147,#137,.T.);
#3922=EDGE_CURVE('',#3148,#3054,#1467,.T.);
#3923=EDGE_CURVE('',#3147,#3148,#1468,.T.);
#3924=EDGE_CURVE('',#3149,#3141,#1469,.T.);
#3925=EDGE_CURVE('',#3141,#3054,#138,.T.);
#3926=EDGE_CURVE('',#3148,#3149,#139,.T.);
#3927=EDGE_CURVE('',#3149,#3143,#1470,.T.);
#3928=EDGE_CURVE('',#3150,#3151,#1471,.T.);
#3929=EDGE_CURVE('',#3151,#3152,#1472,.T.);
#3930=EDGE_CURVE('',#3152,#3153,#1473,.T.);
#3931=EDGE_CURVE('',#3153,#3154,#1474,.T.);
#3932=EDGE_CURVE('',#3154,#3155,#1475,.T.);
#3933=EDGE_CURVE('',#3155,#3150,#1476,.T.);
#3934=EDGE_CURVE('',#3156,#3157,#1477,.T.);
#3935=EDGE_CURVE('',#3157,#3158,#1478,.T.);
#3936=EDGE_CURVE('',#3158,#3159,#1479,.T.);
#3937=EDGE_CURVE('',#3159,#3160,#1480,.T.);
#3938=EDGE_CURVE('',#3160,#3161,#1481,.T.);
#3939=EDGE_CURVE('',#3161,#3156,#1482,.T.);
#3940=EDGE_CURVE('',#3042,#3093,#1483,.T.);
#3941=EDGE_CURVE('',#3092,#3162,#1484,.T.);
#3942=EDGE_CURVE('',#3162,#3034,#1485,.T.);
#3943=EDGE_CURVE('',#3126,#3077,#1486,.T.);
#3944=EDGE_CURVE('',#3094,#3076,#1487,.F.);
#3945=EDGE_CURVE('',#3162,#3136,#140,.T.);
#3946=EDGE_CURVE('',#3163,#3084,#1488,.T.);
#3947=EDGE_CURVE('',#3127,#3163,#141,.T.);
#3948=EDGE_CURVE('',#3163,#3044,#1489,.T.);
#3949=EDGE_CURVE('',#3045,#3083,#1490,.T.);
#3950=EDGE_CURVE('',#3082,#2947,#1491,.T.);
#3951=EDGE_CURVE('',#2946,#3164,#1492,.T.);
#3952=EDGE_CURVE('',#3046,#3164,#1493,.F.);
#3953=EDGE_CURVE('',#3164,#3079,#1494,.T.);
#3954=EDGE_CURVE('',#3165,#2978,#1495,.T.);
#3955=EDGE_CURVE('',#3119,#3165,#1496,.T.);
#3956=EDGE_CURVE('',#3166,#3103,#1497,.T.);
#3957=EDGE_CURVE('',#2969,#3166,#1498,.T.);
#3958=EDGE_CURVE('',#3058,#3167,#1499,.T.);
#3959=EDGE_CURVE('',#3167,#3168,#1500,.T.);
#3960=EDGE_CURVE('',#3168,#3059,#1501,.T.);
#3961=EDGE_CURVE('',#3169,#3057,#1502,.T.);
#3962=EDGE_CURVE('',#3167,#3169,#1503,.T.);
#3963=EDGE_CURVE('',#3068,#3169,#1504,.T.);
#3964=EDGE_CURVE('',#3061,#3170,#1505,.T.);
#3965=EDGE_CURVE('',#3170,#3171,#1506,.T.);
#3966=EDGE_CURVE('',#2973,#3171,#1507,.T.);
#3967=EDGE_CURVE('',#3060,#3172,#1508,.T.);
#3968=EDGE_CURVE('',#3172,#2977,#1509,.T.);
#3969=EDGE_CURVE('',#3101,#3173,#1510,.T.);
#3970=EDGE_CURVE('',#3174,#3100,#1511,.T.);
#3971=EDGE_CURVE('',#3175,#3174,#1512,.T.);
#3972=EDGE_CURVE('',#3176,#3175,#1513,.T.);
#3973=EDGE_CURVE('',#3177,#3176,#1514,.T.);
#3974=EDGE_CURVE('',#3178,#3177,#1515,.T.);
#3975=EDGE_CURVE('',#3173,#3178,#1516,.T.);
#3976=EDGE_CURVE('',#3179,#3174,#1517,.T.);
#3977=EDGE_CURVE('',#3180,#3179,#1518,.T.);
#3978=EDGE_CURVE('',#3175,#3180,#1519,.T.);
#3979=EDGE_CURVE('',#3099,#3179,#1520,.T.);
#3980=EDGE_CURVE('',#3173,#3181,#1521,.T.);
#3981=EDGE_CURVE('',#3181,#3102,#1522,.T.);
#3982=EDGE_CURVE('',#3122,#3182,#1523,.T.);
#3983=EDGE_CURVE('',#3183,#3121,#1524,.T.);
#3984=EDGE_CURVE('',#3184,#3183,#1525,.T.);
#3985=EDGE_CURVE('',#3185,#3184,#1526,.T.);
#3986=EDGE_CURVE('',#3186,#3185,#1527,.T.);
#3987=EDGE_CURVE('',#3187,#3186,#1528,.T.);
#3988=EDGE_CURVE('',#3182,#3187,#1529,.T.);
#3989=EDGE_CURVE('',#3188,#3183,#1530,.T.);
#3990=EDGE_CURVE('',#3189,#3188,#1531,.T.);
#3991=EDGE_CURVE('',#3184,#3189,#1532,.T.);
#3992=EDGE_CURVE('',#3120,#3188,#1533,.T.);
#3993=EDGE_CURVE('',#3182,#3190,#1534,.T.);
#3994=EDGE_CURVE('',#3190,#3123,#1535,.T.);
#3995=EDGE_CURVE('',#3191,#3192,#1536,.T.);
#3996=EDGE_CURVE('',#3193,#3191,#1537,.T.);
#3997=EDGE_CURVE('',#3194,#3193,#1538,.T.);
#3998=EDGE_CURVE('',#3112,#3194,#1539,.T.);
#3999=EDGE_CURVE('',#3195,#3111,#1540,.T.);
#4000=EDGE_CURVE('',#3196,#3195,#1541,.T.);
#4001=EDGE_CURVE('',#3192,#3196,#1542,.T.);
#4002=EDGE_CURVE('',#3197,#3198,#142,.T.);
#4003=EDGE_CURVE('',#3108,#3197,#1543,.T.);
#4004=EDGE_CURVE('',#3198,#3125,#1544,.T.);
#4005=EDGE_CURVE('',#3199,#3200,#143,.T.);
#4006=EDGE_CURVE('',#3097,#3199,#1545,.T.);
#4007=EDGE_CURVE('',#3200,#3115,#1546,.T.);
#4008=EDGE_CURVE('',#3201,#3192,#1547,.T.);
#4009=EDGE_CURVE('',#3202,#3201,#1548,.T.);
#4010=EDGE_CURVE('',#3191,#3202,#1549,.T.);
#4011=EDGE_CURVE('',#3196,#3203,#1550,.T.);
#4012=EDGE_CURVE('',#3203,#3201,#1551,.T.);
#4013=EDGE_CURVE('',#3204,#3195,#1552,.T.);
#4014=EDGE_CURVE('',#3203,#3204,#1553,.T.);
#4015=EDGE_CURVE('',#3205,#3110,#1554,.T.);
#4016=EDGE_CURVE('',#3205,#3204,#1555,.T.);
#4017=EDGE_CURVE('',#3200,#3206,#1556,.T.);
#4018=EDGE_CURVE('',#3206,#3207,#144,.F.);
#4019=EDGE_CURVE('',#3207,#3199,#1557,.T.);
#4020=EDGE_CURVE('',#3208,#3114,#1558,.T.);
#4021=EDGE_CURVE('',#3206,#3208,#1559,.T.);
#4022=EDGE_CURVE('',#3198,#3209,#1560,.T.);
#4023=EDGE_CURVE('',#3209,#3210,#145,.F.);
#4024=EDGE_CURVE('',#3210,#3197,#1561,.T.);
#4025=EDGE_CURVE('',#3211,#3124,#1562,.T.);
#4026=EDGE_CURVE('',#3209,#3211,#1563,.T.);
#4027=EDGE_CURVE('',#3212,#3213,#1564,.T.);
#4028=EDGE_CURVE('',#3214,#3212,#1565,.T.);
#4029=EDGE_CURVE('',#3215,#3214,#1566,.T.);
#4030=EDGE_CURVE('',#3216,#3215,#1567,.T.);
#4031=EDGE_CURVE('',#3217,#3216,#1568,.T.);
#4032=EDGE_CURVE('',#3213,#3217,#1569,.T.);
#4033=EDGE_CURVE('',#3218,#3219,#1570,.T.);
#4034=EDGE_CURVE('',#3220,#3218,#1571,.T.);
#4035=EDGE_CURVE('',#3221,#3220,#1572,.T.);
#4036=EDGE_CURVE('',#3222,#3221,#1573,.T.);
#4037=EDGE_CURVE('',#3223,#3222,#1574,.T.);
#4038=EDGE_CURVE('',#3219,#3223,#1575,.T.);
#4039=EDGE_CURVE('',#3153,#3213,#1576,.F.);
#4040=EDGE_CURVE('',#3154,#3217,#1577,.F.);
#4041=EDGE_CURVE('',#3155,#3216,#1578,.F.);
#4042=EDGE_CURVE('',#3158,#3222,#1579,.T.);
#4043=EDGE_CURVE('',#3223,#3157,#1580,.F.);
#4044=EDGE_CURVE('',#3159,#3221,#1581,.F.);
#4045=EDGE_CURVE('',#3152,#3212,#1582,.F.);
#4046=EDGE_CURVE('',#3156,#3219,#1583,.T.);
#4047=EDGE_CURVE('',#3161,#3218,#1584,.F.);
#4048=EDGE_CURVE('',#3224,#3207,#1585,.T.);
#4049=EDGE_CURVE('',#3098,#3224,#1586,.T.);
#4050=EDGE_CURVE('',#3224,#3225,#1587,.T.);
#4051=EDGE_CURVE('',#3225,#3099,#1588,.T.);
#4052=EDGE_CURVE('',#3226,#3208,#1589,.T.);
#4053=EDGE_CURVE('',#3227,#3226,#1590,.T.);
#4054=EDGE_CURVE('',#3228,#3227,#1591,.T.);
#4055=EDGE_CURVE('',#3229,#3228,#1592,.T.);
#4056=EDGE_CURVE('',#3230,#3229,#1593,.T.);
#4057=EDGE_CURVE('',#3230,#3210,#1594,.T.);
#4058=EDGE_CURVE('',#3231,#3211,#1595,.T.);
#4059=EDGE_CURVE('',#3232,#3231,#1596,.T.);
#4060=EDGE_CURVE('',#3233,#3232,#1597,.T.);
#4061=EDGE_CURVE('',#3234,#3233,#1598,.T.);
#4062=EDGE_CURVE('',#3235,#3234,#1599,.T.);
#4063=EDGE_CURVE('',#3236,#3235,#1600,.T.);
#4064=EDGE_CURVE('',#3237,#3236,#1601,.T.);
#4065=EDGE_CURVE('',#3238,#3237,#1602,.T.);
#4066=EDGE_CURVE('',#3239,#3238,#1603,.T.);
#4067=EDGE_CURVE('',#3240,#3239,#1604,.T.);
#4068=EDGE_CURVE('',#3241,#3240,#1605,.T.);
#4069=EDGE_CURVE('',#3242,#3241,#1606,.T.);
#4070=EDGE_CURVE('',#3243,#3242,#1607,.T.);
#4071=EDGE_CURVE('',#3244,#3243,#1608,.T.);
#4072=EDGE_CURVE('',#3245,#3244,#1609,.T.);
#4073=EDGE_CURVE('',#3246,#3245,#1610,.T.);
#4074=EDGE_CURVE('',#3247,#3246,#1611,.T.);
#4075=EDGE_CURVE('',#3225,#3247,#1612,.T.);
#4076=EDGE_CURVE('',#3109,#3230,#1613,.T.);
#4077=EDGE_CURVE('',#3229,#3205,#1614,.T.);
#4078=EDGE_CURVE('',#3194,#3248,#1615,.T.);
#4079=EDGE_CURVE('',#3248,#3249,#1616,.T.);
#4080=EDGE_CURVE('',#3249,#3113,#1617,.T.);
#4081=EDGE_CURVE('',#3160,#3220,#1618,.F.);
#4082=EDGE_CURVE('',#3150,#3215,#1619,.T.);
#4083=EDGE_CURVE('',#3214,#3151,#1620,.T.);
#4084=EDGE_CURVE('',#3235,#3165,#1621,.T.);
#4085=EDGE_CURVE('',#3234,#3120,#1622,.T.);
#4086=EDGE_CURVE('',#2977,#3236,#1623,.T.);
#4087=EDGE_CURVE('',#3102,#3245,#1624,.T.);
#4088=EDGE_CURVE('',#3244,#3166,#1625,.T.);
#4089=EDGE_CURVE('',#3243,#2970,#1626,.T.);
#4090=EDGE_CURVE('',#3170,#3250,#1627,.T.);
#4091=EDGE_CURVE('',#3250,#3241,#1628,.T.);
#4092=EDGE_CURVE('',#3171,#3240,#1629,.T.);
#4093=EDGE_CURVE('',#3072,#3243,#1630,.T.);
#4094=EDGE_CURVE('',#3242,#3071,#1631,.T.);
#4095=EDGE_CURVE('',#3069,#3242,#1632,.T.);
#4096=EDGE_CURVE('',#3070,#3250,#1633,.T.);
#4097=EDGE_CURVE('',#3250,#3066,#1634,.T.);
#4098=EDGE_CURVE('',#3241,#3070,#1635,.T.);
#4099=EDGE_CURVE('',#3239,#2974,#1636,.T.);
#4100=EDGE_CURVE('',#3245,#3181,#1637,.T.);
#4101=EDGE_CURVE('',#3246,#3251,#1638,.T.);
#4102=EDGE_CURVE('',#3252,#3246,#1639,.T.);
#4103=EDGE_CURVE('',#3251,#3252,#1640,.T.);
#4104=EDGE_CURVE('',#3181,#3252,#1641,.T.);
#4105=EDGE_CURVE('',#3177,#3251,#1642,.T.);
#4106=EDGE_CURVE('',#3252,#3178,#1643,.T.);
#4107=EDGE_CURVE('',#3247,#3180,#1644,.T.);
#4108=EDGE_CURVE('',#3253,#3247,#1645,.T.);
#4109=EDGE_CURVE('',#3180,#3253,#1646,.T.);
#4110=EDGE_CURVE('',#3251,#3253,#1647,.T.);
#4111=EDGE_CURVE('',#3253,#3176,#1648,.T.);
#4112=EDGE_CURVE('',#3179,#3225,#1649,.T.);
#4113=EDGE_CURVE('',#3202,#3254,#1650,.T.);
#4114=EDGE_CURVE('',#3227,#3202,#1651,.T.);
#4115=EDGE_CURVE('',#3254,#3227,#1652,.T.);
#4116=EDGE_CURVE('',#3228,#3203,#1653,.T.);
#4117=EDGE_CURVE('',#3201,#3228,#1654,.T.);
#4118=EDGE_CURVE('',#3248,#3254,#1655,.T.);
#4119=EDGE_CURVE('',#3249,#3226,#1656,.T.);
#4120=EDGE_CURVE('',#3254,#3193,#1657,.T.);
#4121=EDGE_CURVE('',#3231,#3190,#1658,.T.);
#4122=EDGE_CURVE('',#3123,#3231,#1659,.T.);
#4123=EDGE_CURVE('',#3067,#3239,#1660,.T.);
#4124=EDGE_CURVE('',#3232,#3255,#1661,.T.);
#4125=EDGE_CURVE('',#3256,#3232,#1662,.T.);
#4126=EDGE_CURVE('',#3255,#3256,#1663,.T.);
#4127=EDGE_CURVE('',#3190,#3256,#1664,.T.);
#4128=EDGE_CURVE('',#3186,#3255,#1665,.T.);
#4129=EDGE_CURVE('',#3256,#3187,#1666,.T.);
#4130=EDGE_CURVE('',#3238,#3068,#1667,.T.);
#4131=EDGE_CURVE('',#3169,#3238,#1668,.T.);
#4132=EDGE_CURVE('',#3233,#3189,#1669,.T.);
#4133=EDGE_CURVE('',#3257,#3233,#1670,.T.);
#4134=EDGE_CURVE('',#3189,#3257,#1671,.T.);
#4135=EDGE_CURVE('',#3255,#3257,#1672,.T.);
#4136=EDGE_CURVE('',#3257,#3185,#1673,.T.);
#4137=EDGE_CURVE('',#3237,#3167,#1674,.T.);
#4138=EDGE_CURVE('',#3168,#3237,#1675,.T.);
#4139=EDGE_CURVE('',#3188,#3234,#1676,.T.);
#4140=EDGE_CURVE('',#3236,#3172,#1677,.T.);
#4141=EDGE_CURVE('',#3172,#3168,#1678,.T.);
#4142=EDGE_CURVE('',#2916,#2874,#1679,.T.);
#4143=EDGE_CURVE('',#2886,#2921,#1680,.T.);
#4144=EDGE_CURVE('',#2924,#2882,#1681,.T.);
#4145=EDGE_CURVE('',#2890,#2929,#1682,.T.);
#4146=EDGE_CURVE('',#2934,#2878,#1683,.T.);
#4147=EDGE_CURVE('',#3258,#3258,#146,.T.);
#4148=EDGE_CURVE('',#3258,#3259,#1684,.T.);
#4149=EDGE_CURVE('',#3259,#3259,#147,.T.);
#4150=EDGE_CURVE('',#3260,#3261,#1685,.T.);
#4151=EDGE_CURVE('',#3262,#3260,#148,.T.);
#4152=EDGE_CURVE('',#3263,#3262,#1686,.T.);
#4153=EDGE_CURVE('',#3264,#3263,#149,.T.);
#4154=EDGE_CURVE('',#3265,#3264,#1687,.T.);
#4155=EDGE_CURVE('',#3266,#3265,#150,.T.);
#4156=EDGE_CURVE('',#3267,#3266,#1688,.T.);
#4157=EDGE_CURVE('',#3268,#3267,#151,.T.);
#4158=EDGE_CURVE('',#3269,#3268,#1689,.T.);
#4159=EDGE_CURVE('',#3270,#3269,#152,.T.);
#4160=EDGE_CURVE('',#3271,#3270,#1690,.T.);
#4161=EDGE_CURVE('',#3272,#3271,#153,.T.);
#4162=EDGE_CURVE('',#3273,#3272,#1691,.T.);
#4163=EDGE_CURVE('',#3274,#3273,#154,.T.);
#4164=EDGE_CURVE('',#3275,#3274,#1692,.T.);
#4165=EDGE_CURVE('',#3275,#3276,#1693,.T.);
#4166=EDGE_CURVE('',#3261,#3276,#1694,.T.);
#4167=EDGE_CURVE('',#3277,#3277,#155,.T.);
#4168=EDGE_CURVE('',#3259,#3278,#1695,.T.);
#4169=EDGE_CURVE('',#3278,#3278,#156,.F.);
#4170=EDGE_CURVE('',#3277,#3279,#1696,.T.);
#4171=EDGE_CURVE('',#3279,#3279,#157,.T.);
#4172=EDGE_CURVE('',#3279,#3280,#1697,.T.);
#4173=EDGE_CURVE('',#3280,#3280,#158,.T.);
#4174=EDGE_CURVE('',#3281,#3282,#1698,.T.);
#4175=EDGE_CURVE('',#3282,#3261,#1699,.F.);
#4176=EDGE_CURVE('',#3261,#3283,#1700,.T.);
#4177=EDGE_CURVE('',#3283,#3284,#1701,.T.);
#4178=EDGE_CURVE('',#3284,#3281,#1702,.T.);
#4179=EDGE_CURVE('',#3283,#3285,#1703,.T.);
#4180=EDGE_CURVE('',#3285,#3286,#1704,.T.);
#4181=EDGE_CURVE('',#3287,#3286,#1705,.T.);
#4182=EDGE_CURVE('',#3287,#3288,#1706,.F.);
#4183=EDGE_CURVE('',#3288,#3284,#1707,.T.);
#4184=EDGE_CURVE('',#3282,#3289,#1708,.T.);
#4185=EDGE_CURVE('',#3290,#3281,#1709,.T.);
#4186=EDGE_CURVE('',#3291,#3290,#1710,.T.);
#4187=EDGE_CURVE('',#3292,#3291,#1711,.T.);
#4188=EDGE_CURVE('',#3293,#3292,#1712,.T.);
#4189=EDGE_CURVE('',#3294,#3293,#1713,.T.);
#4190=EDGE_CURVE('',#3295,#3294,#1714,.T.);
#4191=EDGE_CURVE('',#3296,#3295,#1715,.T.);
#4192=EDGE_CURVE('',#3289,#3296,#1716,.T.);
#4193=EDGE_CURVE('',#3288,#3297,#1717,.T.);
#4194=EDGE_CURVE('',#3290,#3297,#1718,.T.);
#4195=EDGE_CURVE('',#3298,#3299,#1719,.T.);
#4196=EDGE_CURVE('',#3299,#3275,#1720,.T.);
#4197=EDGE_CURVE('',#3275,#3300,#1721,.F.);
#4198=EDGE_CURVE('',#3300,#3298,#1722,.T.);
#4199=EDGE_CURVE('',#3301,#3299,#1723,.T.);
#4200=EDGE_CURVE('',#3276,#3301,#1724,.T.);
#4201=EDGE_CURVE('',#3298,#3302,#1725,.T.);
#4202=EDGE_CURVE('',#3302,#3303,#1726,.T.);
#4203=EDGE_CURVE('',#3303,#3299,#1727,.T.);
#4204=EDGE_CURVE('',#3274,#3304,#1728,.T.);
#4205=EDGE_CURVE('',#3304,#3300,#1729,.T.);
#4206=EDGE_CURVE('',#3273,#3305,#1730,.T.);
#4207=EDGE_CURVE('',#3305,#3304,#159,.T.);
#4208=EDGE_CURVE('',#3272,#3306,#1731,.T.);
#4209=EDGE_CURVE('',#3306,#3305,#1732,.T.);
#4210=EDGE_CURVE('',#3271,#3307,#1733,.T.);
#4211=EDGE_CURVE('',#3307,#3306,#160,.T.);
#4212=EDGE_CURVE('',#3270,#3308,#1734,.T.);
#4213=EDGE_CURVE('',#3308,#3307,#1735,.T.);
#4214=EDGE_CURVE('',#3269,#3309,#1736,.T.);
#4215=EDGE_CURVE('',#3309,#3308,#161,.T.);
#4216=EDGE_CURVE('',#3268,#3310,#1737,.T.);
#4217=EDGE_CURVE('',#3310,#3309,#1738,.T.);
#4218=EDGE_CURVE('',#3267,#3311,#1739,.T.);
#4219=EDGE_CURVE('',#3311,#3310,#162,.T.);
#4220=EDGE_CURVE('',#3266,#3312,#1740,.T.);
#4221=EDGE_CURVE('',#3312,#3311,#1741,.T.);
#4222=EDGE_CURVE('',#3265,#3313,#1742,.T.);
#4223=EDGE_CURVE('',#3313,#3312,#163,.T.);
#4224=EDGE_CURVE('',#3264,#3314,#1743,.T.);
#4225=EDGE_CURVE('',#3314,#3313,#1744,.T.);
#4226=EDGE_CURVE('',#3263,#3315,#1745,.T.);
#4227=EDGE_CURVE('',#3315,#3314,#164,.T.);
#4228=EDGE_CURVE('',#3262,#3316,#1746,.T.);
#4229=EDGE_CURVE('',#3316,#3315,#1747,.T.);
#4230=EDGE_CURVE('',#3260,#3289,#1748,.T.);
#4231=EDGE_CURVE('',#3289,#3316,#165,.T.);
#4232=EDGE_CURVE('',#3317,#3287,#1749,.T.);
#4233=EDGE_CURVE('',#3286,#3318,#1750,.T.);
#4234=EDGE_CURVE('',#3318,#3317,#1054,.T.);
#4235=EDGE_CURVE('',#3319,#3320,#1751,.T.);
#4236=EDGE_CURVE('',#3320,#3303,#166,.T.);
#4237=EDGE_CURVE('',#3302,#3319,#167,.T.);
#4238=EDGE_CURVE('',#3321,#3322,#1752,.T.);
#4239=EDGE_CURVE('',#3322,#3320,#1753,.T.);
#4240=EDGE_CURVE('',#3319,#3321,#1754,.T.);
#4241=EDGE_CURVE('',#3318,#3322,#168,.T.);
#4242=EDGE_CURVE('',#3321,#3317,#169,.T.);
#4243=EDGE_CURVE('',#3323,#3317,#1755,.T.);
#4244=EDGE_CURVE('',#3297,#3323,#1756,.T.);
#4245=EDGE_CURVE('',#3321,#3324,#1757,.T.);
#4246=EDGE_CURVE('',#3325,#3324,#1055,.T.);
#4247=EDGE_CURVE('',#3325,#3326,#1758,.T.);
#4248=EDGE_CURVE('',#3326,#3323,#24,.T.);
#4249=EDGE_CURVE('',#3327,#3319,#1759,.T.);
#4250=EDGE_CURVE('',#3328,#3327,#1760,.T.);
#4251=EDGE_CURVE('',#3329,#3328,#1761,.T.);
#4252=EDGE_CURVE('',#3330,#3329,#1762,.T.);
#4253=EDGE_CURVE('',#3330,#3331,#1763,.T.);
#4254=EDGE_CURVE('',#3332,#3331,#1764,.T.);
#4255=EDGE_CURVE('',#3333,#3332,#1765,.T.);
#4256=EDGE_CURVE('',#3334,#3333,#1766,.T.);
#4257=EDGE_CURVE('',#3324,#3334,#1767,.T.);
#4258=EDGE_CURVE('',#3302,#3335,#1768,.T.);
#4259=EDGE_CURVE('',#3327,#3335,#170,.T.);
#4260=EDGE_CURVE('',#3336,#3304,#1769,.T.);
#4261=EDGE_CURVE('',#3335,#3336,#1770,.T.);
#4262=EDGE_CURVE('',#3337,#3338,#1771,.T.);
#4263=EDGE_CURVE('',#3338,#3339,#1772,.F.);
#4264=EDGE_CURVE('',#3339,#3330,#1773,.F.);
#4265=EDGE_CURVE('',#3329,#3337,#1774,.T.);
#4266=EDGE_CURVE('',#3328,#3340,#1775,.T.);
#4267=EDGE_CURVE('',#3340,#3341,#1776,.T.);
#4268=EDGE_CURVE('',#3341,#3337,#1777,.T.);
#4269=EDGE_CURVE('',#3337,#3342,#1778,.T.);
#4270=EDGE_CURVE('',#3342,#3343,#1779,.T.);
#4271=EDGE_CURVE('',#3343,#3338,#1780,.T.);
#4272=EDGE_CURVE('',#3344,#3341,#1781,.T.);
#4273=EDGE_CURVE('',#3345,#3344,#1782,.T.);
#4274=EDGE_CURVE('',#3346,#3345,#1783,.T.);
#4275=EDGE_CURVE('',#3347,#3346,#1784,.T.);
#4276=EDGE_CURVE('',#3348,#3347,#1785,.T.);
#4277=EDGE_CURVE('',#3349,#3348,#1786,.T.);
#4278=EDGE_CURVE('',#3349,#3342,#1787,.T.);
#4279=EDGE_CURVE('',#3340,#3350,#1788,.T.);
#4280=EDGE_CURVE('',#3350,#3351,#1789,.T.);
#4281=EDGE_CURVE('',#3351,#3344,#1790,.T.);
#4282=EDGE_CURVE('',#3352,#3353,#1791,.T.);
#4283=EDGE_CURVE('',#3353,#3324,#1792,.T.);
#4284=EDGE_CURVE('',#3334,#3352,#1793,.T.);
#4285=EDGE_CURVE('',#3354,#3325,#1794,.T.);
#4286=EDGE_CURVE('',#3353,#3354,#1056,.T.);
#4287=EDGE_CURVE('',#3355,#3356,#1795,.T.);
#4288=EDGE_CURVE('',#3356,#3352,#1796,.T.);
#4289=EDGE_CURVE('',#3333,#3355,#1797,.T.);
#4290=EDGE_CURVE('',#3347,#3355,#1798,.T.);
#4291=EDGE_CURVE('',#3332,#3348,#1799,.T.);
#4292=EDGE_CURVE('',#3357,#3331,#1800,.T.);
#4293=EDGE_CURVE('',#3358,#3357,#1801,.T.);
#4294=EDGE_CURVE('',#3358,#3348,#1802,.T.);
#4295=EDGE_CURVE('',#3359,#3360,#1803,.T.);
#4296=EDGE_CURVE('',#3360,#3361,#1804,.T.);
#4297=EDGE_CURVE('',#3361,#3362,#1805,.T.);
#4298=EDGE_CURVE('',#3362,#3363,#1806,.T.);
#4299=EDGE_CURVE('',#3363,#3359,#1807,.T.);
#4300=EDGE_CURVE('',#3364,#3365,#1808,.T.);
#4301=EDGE_CURVE('',#3365,#3366,#1809,.T.);
#4302=EDGE_CURVE('',#3366,#3295,#1810,.T.);
#4303=EDGE_CURVE('',#3294,#3364,#1811,.T.);
#4304=EDGE_CURVE('',#3367,#3364,#1812,.T.);
#4305=EDGE_CURVE('',#3293,#3367,#1813,.T.);
#4306=EDGE_CURVE('',#3368,#3367,#1814,.T.);
#4307=EDGE_CURVE('',#3292,#3368,#1815,.T.);
#4308=EDGE_CURVE('',#3369,#3368,#1816,.T.);
#4309=EDGE_CURVE('',#3292,#3370,#1817,.T.);
#4310=EDGE_CURVE('',#3370,#3371,#1818,.T.);
#4311=EDGE_CURVE('',#3371,#3369,#1819,.T.);
#4312=EDGE_CURVE('',#3362,#3371,#1820,.T.);
#4313=EDGE_CURVE('',#3370,#3363,#1821,.T.);
#4314=EDGE_CURVE('',#3360,#3325,#1057,.T.);
#4315=EDGE_CURVE('',#3354,#3361,#1058,.T.);
#4316=EDGE_CURVE('',#3372,#3359,#1822,.T.);
#4317=EDGE_CURVE('',#3372,#3326,#1823,.T.);
#4318=EDGE_CURVE('',#3291,#3372,#1824,.T.);
#4319=EDGE_CURVE('',#3373,#3366,#1825,.T.);
#4320=EDGE_CURVE('',#3373,#3374,#1826,.T.);
#4321=EDGE_CURVE('',#3374,#3296,#1827,.T.);
#4322=EDGE_CURVE('',#3365,#3375,#1828,.T.);
#4323=EDGE_CURVE('',#3375,#3376,#1829,.T.);
#4324=EDGE_CURVE('',#3376,#3373,#1830,.T.);
#4325=EDGE_CURVE('',#3377,#3364,#1831,.T.);
#4326=EDGE_CURVE('',#3375,#3377,#1832,.T.);
#4327=EDGE_CURVE('',#3367,#3378,#1833,.T.);
#4328=EDGE_CURVE('',#3377,#3378,#1834,.T.);
#4329=EDGE_CURVE('',#3379,#3380,#1835,.T.);
#4330=EDGE_CURVE('',#3381,#3379,#171,.T.);
#4331=EDGE_CURVE('',#3382,#3381,#1836,.T.);
#4332=EDGE_CURVE('',#3383,#3382,#172,.T.);
#4333=EDGE_CURVE('',#3384,#3383,#1837,.T.);
#4334=EDGE_CURVE('',#3385,#3384,#1838,.T.);
#4335=EDGE_CURVE('',#3386,#3385,#1839,.T.);
#4336=EDGE_CURVE('',#3378,#3386,#1840,.T.);
#4337=EDGE_CURVE('',#3369,#3387,#1841,.T.);
#4338=EDGE_CURVE('',#3388,#3387,#1842,.T.);
#4339=EDGE_CURVE('',#3389,#3388,#1843,.T.);
#4340=EDGE_CURVE('',#3389,#3390,#1844,.T.);
#4341=EDGE_CURVE('',#3390,#3380,#1845,.T.);
#4342=EDGE_CURVE('',#3301,#3285,#1846,.T.);
#4343=EDGE_CURVE('',#3379,#3308,#1847,.T.);
#4344=EDGE_CURVE('',#3380,#3391,#1848,.T.);
#4345=EDGE_CURVE('',#3392,#3391,#1849,.T.);
#4346=EDGE_CURVE('',#3307,#3392,#1850,.T.);
#4347=EDGE_CURVE('',#3313,#3393,#1851,.T.);
#4348=EDGE_CURVE('',#3394,#3393,#173,.T.);
#4349=EDGE_CURVE('',#3395,#3394,#1852,.T.);
#4350=EDGE_CURVE('',#3395,#3396,#174,.F.);
#4351=EDGE_CURVE('',#3396,#3312,#1853,.T.);
#4352=EDGE_CURVE('',#3382,#3310,#1854,.T.);
#4353=EDGE_CURVE('',#3309,#3381,#1855,.T.);
#4354=EDGE_CURVE('',#3305,#3397,#1856,.T.);
#4355=EDGE_CURVE('',#3336,#3397,#175,.T.);
#4356=EDGE_CURVE('',#3398,#3392,#176,.T.);
#4357=EDGE_CURVE('',#3398,#3306,#1857,.T.);
#4358=EDGE_CURVE('',#3311,#3383,#1858,.T.);
#4359=EDGE_CURVE('',#3399,#3396,#1859,.T.);
#4360=EDGE_CURVE('',#3400,#3399,#1860,.T.);
#4361=EDGE_CURVE('',#3400,#3384,#1861,.T.);
#4362=EDGE_CURVE('',#3315,#3401,#1862,.T.);
#4363=EDGE_CURVE('',#3402,#3401,#177,.T.);
#4364=EDGE_CURVE('',#3402,#3314,#1863,.T.);
#4365=EDGE_CURVE('',#3403,#3316,#1864,.T.);
#4366=EDGE_CURVE('',#3401,#3403,#1865,.T.);
#4367=EDGE_CURVE('',#3403,#3296,#178,.T.);
#4368=EDGE_CURVE('',#3404,#3405,#1866,.T.);
#4369=EDGE_CURVE('',#3405,#3406,#1867,.T.);
#4370=EDGE_CURVE('',#3406,#3407,#1868,.T.);
#4371=EDGE_CURVE('',#3407,#3404,#1869,.T.);
#4372=EDGE_CURVE('',#3405,#3408,#1870,.T.);
#4373=EDGE_CURVE('',#3408,#3409,#1871,.T.);
#4374=EDGE_CURVE('',#3409,#3406,#1872,.T.);
#4375=EDGE_CURVE('',#3408,#3376,#1873,.T.);
#4376=EDGE_CURVE('',#3375,#3409,#1874,.T.);
#4377=EDGE_CURVE('',#3407,#3410,#1875,.T.);
#4378=EDGE_CURVE('',#3410,#3411,#1876,.T.);
#4379=EDGE_CURVE('',#3411,#3404,#1877,.T.);
#4380=EDGE_CURVE('',#3407,#3412,#1878,.T.);
#4381=EDGE_CURVE('',#3412,#3413,#1879,.T.);
#4382=EDGE_CURVE('',#3413,#3410,#1880,.T.);
#4383=EDGE_CURVE('',#3414,#3406,#1881,.T.);
#4384=EDGE_CURVE('',#3414,#3400,#1882,.T.);
#4385=EDGE_CURVE('',#3399,#3412,#1883,.T.);
#4386=EDGE_CURVE('',#3415,#3409,#1884,.T.);
#4387=EDGE_CURVE('',#3416,#3415,#1885,.T.);
#4388=EDGE_CURVE('',#3416,#3414,#1886,.T.);
#4389=EDGE_CURVE('',#3415,#3377,#1887,.T.);
#4390=EDGE_CURVE('',#3417,#3403,#1888,.T.);
#4391=EDGE_CURVE('',#3374,#3417,#179,.T.);
#4392=EDGE_CURVE('',#3418,#3401,#1889,.T.);
#4393=EDGE_CURVE('',#3417,#3418,#1890,.T.);
#4394=EDGE_CURVE('',#3419,#3402,#1891,.T.);
#4395=EDGE_CURVE('',#3418,#3419,#180,.T.);
#4396=EDGE_CURVE('',#3420,#3393,#1892,.T.);
#4397=EDGE_CURVE('',#3393,#3402,#1893,.T.);
#4398=EDGE_CURVE('',#3419,#3420,#1894,.T.);
#4399=EDGE_CURVE('',#3421,#3394,#22,.F.);
#4400=EDGE_CURVE('',#3420,#3421,#181,.T.);
#4401=EDGE_CURVE('',#3421,#3411,#1895,.T.);
#4402=EDGE_CURVE('',#3422,#3422,#182,.T.);
#4403=EDGE_CURVE('',#3423,#3424,#1896,.T.);
#4404=EDGE_CURVE('',#3424,#3425,#1897,.T.);
#4405=EDGE_CURVE('',#3425,#3426,#1898,.T.);
#4406=EDGE_CURVE('',#3426,#3427,#1899,.T.);
#4407=EDGE_CURVE('',#3427,#3423,#1900,.T.);
#4408=EDGE_CURVE('',#3427,#3344,#1901,.T.);
#4409=EDGE_CURVE('',#3351,#3423,#1902,.T.);
#4410=EDGE_CURVE('',#3391,#3425,#1903,.T.);
#4411=EDGE_CURVE('',#3424,#3428,#1904,.T.);
#4412=EDGE_CURVE('',#3428,#3392,#1905,.T.);
#4413=EDGE_CURVE('',#3429,#3350,#1906,.T.);
#4414=EDGE_CURVE('',#3430,#3429,#183,.T.);
#4415=EDGE_CURVE('',#3431,#3430,#1907,.T.);
#4416=EDGE_CURVE('',#3432,#3431,#184,.T.);
#4417=EDGE_CURVE('',#3433,#3432,#1908,.T.);
#4418=EDGE_CURVE('',#3428,#3433,#185,.T.);
#4419=EDGE_CURVE('',#3434,#3434,#186,.T.);
#4420=EDGE_CURVE('',#3429,#3327,#1909,.T.);
#4421=EDGE_CURVE('',#3433,#3398,#1910,.T.);
#4422=EDGE_CURVE('',#3432,#3397,#1911,.T.);
#4423=EDGE_CURVE('',#3397,#3398,#1912,.T.);
#4424=EDGE_CURVE('',#3431,#3336,#1913,.T.);
#4425=EDGE_CURVE('',#3430,#3335,#1914,.T.);
#4426=EDGE_CURVE('',#3435,#3426,#1915,.T.);
#4427=EDGE_CURVE('',#3436,#3435,#1916,.T.);
#4428=EDGE_CURVE('',#3427,#3436,#1917,.T.);
#4429=EDGE_CURVE('',#3390,#3435,#1918,.T.);
#4430=EDGE_CURVE('',#3387,#3356,#1919,.T.);
#4431=EDGE_CURVE('',#3358,#3437,#1920,.T.);
#4432=EDGE_CURVE('',#3437,#3349,#1921,.T.);
#4433=EDGE_CURVE('',#3357,#3438,#1922,.T.);
#4434=EDGE_CURVE('',#3439,#3438,#1923,.T.);
#4435=EDGE_CURVE('',#3440,#3439,#1924,.T.);
#4436=EDGE_CURVE('',#3441,#3440,#1925,.T.);
#4437=EDGE_CURVE('',#3442,#3441,#1926,.T.);
#4438=EDGE_CURVE('',#3437,#3442,#1927,.T.);
#4439=EDGE_CURVE('',#3339,#3443,#1928,.T.);
#4440=EDGE_CURVE('',#3444,#3343,#1929,.T.);
#4441=EDGE_CURVE('',#3444,#3445,#1930,.T.);
#4442=EDGE_CURVE('',#3446,#3445,#1931,.T.);
#4443=EDGE_CURVE('',#3447,#3446,#1932,.T.);
#4444=EDGE_CURVE('',#3443,#3447,#1933,.T.);
#4445=EDGE_CURVE('',#3447,#3439,#1934,.T.);
#4446=EDGE_CURVE('',#3438,#3443,#1935,.T.);
#4447=EDGE_CURVE('',#3440,#3446,#1936,.T.);
#4448=EDGE_CURVE('',#3445,#3441,#1937,.T.);
#4449=EDGE_CURVE('',#3442,#3444,#1938,.T.);
#4450=EDGE_CURVE('',#3416,#3385,#1939,.F.);
#4451=EDGE_CURVE('',#3395,#3413,#1940,.T.);
#4452=EDGE_CURVE('',#3386,#3415,#1941,.T.);
#4453=EDGE_CURVE('',#3346,#3387,#1942,.T.);
#4454=EDGE_CURVE('',#3345,#3388,#1943,.T.);
#4455=EDGE_CURVE('',#3389,#3436,#1944,.T.);
#4456=EDGE_CURVE('',#3345,#3436,#1945,.T.);
#4457=EDGE_CURVE('',#3448,#3448,#187,.T.);
#4458=EDGE_CURVE('',#3449,#3449,#188,.T.);
#4459=EDGE_CURVE('',#3422,#3449,#1946,.T.);
#4460=EDGE_CURVE('',#3448,#3434,#1947,.T.);
#4461=ORIENTED_EDGE('',*,*,#3450,.F.);
#4462=ORIENTED_EDGE('',*,*,#3451,.F.);
#4463=ORIENTED_EDGE('',*,*,#3452,.T.);
#4464=ORIENTED_EDGE('',*,*,#3453,.T.);
#4465=ORIENTED_EDGE('',*,*,#3454,.F.);
#4466=ORIENTED_EDGE('',*,*,#3455,.T.);
#4467=ORIENTED_EDGE('',*,*,#3456,.T.);
#4468=ORIENTED_EDGE('',*,*,#3451,.T.);
#4469=ORIENTED_EDGE('',*,*,#3457,.F.);
#4470=ORIENTED_EDGE('',*,*,#3458,.F.);
#4471=ORIENTED_EDGE('',*,*,#3459,.T.);
#4472=ORIENTED_EDGE('',*,*,#3460,.F.);
#4473=ORIENTED_EDGE('',*,*,#3461,.F.);
#4474=ORIENTED_EDGE('',*,*,#3462,.F.);
#4475=ORIENTED_EDGE('',*,*,#3453,.F.);
#4476=ORIENTED_EDGE('',*,*,#3463,.T.);
#4477=ORIENTED_EDGE('',*,*,#3464,.F.);
#4478=ORIENTED_EDGE('',*,*,#3465,.T.);
#4479=ORIENTED_EDGE('',*,*,#3466,.T.);
#4480=ORIENTED_EDGE('',*,*,#3467,.T.);
#4481=ORIENTED_EDGE('',*,*,#3468,.T.);
#4482=ORIENTED_EDGE('',*,*,#3469,.T.);
#4483=ORIENTED_EDGE('',*,*,#3470,.T.);
#4484=ORIENTED_EDGE('',*,*,#3465,.F.);
#4485=ORIENTED_EDGE('',*,*,#3471,.T.);
#4486=ORIENTED_EDGE('',*,*,#3472,.T.);
#4487=ORIENTED_EDGE('',*,*,#3473,.T.);
#4488=ORIENTED_EDGE('',*,*,#3469,.F.);
#4489=ORIENTED_EDGE('',*,*,#3474,.T.);
#4490=ORIENTED_EDGE('',*,*,#3467,.F.);
#4491=ORIENTED_EDGE('',*,*,#3475,.T.);
#4492=ORIENTED_EDGE('',*,*,#3472,.F.);
#4493=ORIENTED_EDGE('',*,*,#3476,.T.);
#4494=ORIENTED_EDGE('',*,*,#3475,.F.);
#4495=ORIENTED_EDGE('',*,*,#3477,.T.);
#4496=ORIENTED_EDGE('',*,*,#3478,.F.);
#4497=ORIENTED_EDGE('',*,*,#3479,.F.);
#4498=ORIENTED_EDGE('',*,*,#3466,.F.);
#4499=ORIENTED_EDGE('',*,*,#3480,.T.);
#4500=ORIENTED_EDGE('',*,*,#3481,.F.);
#4501=ORIENTED_EDGE('',*,*,#3477,.F.);
#4502=ORIENTED_EDGE('',*,*,#3482,.F.);
#4503=ORIENTED_EDGE('',*,*,#3483,.F.);
#4504=ORIENTED_EDGE('',*,*,#3484,.F.);
#4505=ORIENTED_EDGE('',*,*,#3485,.F.);
#4506=ORIENTED_EDGE('',*,*,#3486,.F.);
#4507=ORIENTED_EDGE('',*,*,#3487,.F.);
#4508=ORIENTED_EDGE('',*,*,#3488,.T.);
#4509=ORIENTED_EDGE('',*,*,#3489,.F.);
#4510=ORIENTED_EDGE('',*,*,#3490,.F.);
#4511=ORIENTED_EDGE('',*,*,#3491,.F.);
#4512=ORIENTED_EDGE('',*,*,#3492,.F.);
#4513=ORIENTED_EDGE('',*,*,#3493,.F.);
#4514=ORIENTED_EDGE('',*,*,#3494,.F.);
#4515=ORIENTED_EDGE('',*,*,#3495,.F.);
#4516=ORIENTED_EDGE('',*,*,#3496,.F.);
#4517=ORIENTED_EDGE('',*,*,#3497,.F.);
#4518=ORIENTED_EDGE('',*,*,#3498,.F.);
#4519=ORIENTED_EDGE('',*,*,#3499,.F.);
#4520=ORIENTED_EDGE('',*,*,#3500,.F.);
#4521=ORIENTED_EDGE('',*,*,#3501,.F.);
#4522=ORIENTED_EDGE('',*,*,#3502,.F.);
#4523=ORIENTED_EDGE('',*,*,#3503,.F.);
#4524=ORIENTED_EDGE('',*,*,#3504,.F.);
#4525=ORIENTED_EDGE('',*,*,#3505,.F.);
#4526=ORIENTED_EDGE('',*,*,#3506,.F.);
#4527=ORIENTED_EDGE('',*,*,#3507,.F.);
#4528=ORIENTED_EDGE('',*,*,#3508,.F.);
#4529=ORIENTED_EDGE('',*,*,#3509,.F.);
#4530=ORIENTED_EDGE('',*,*,#3510,.F.);
#4531=ORIENTED_EDGE('',*,*,#3511,.F.);
#4532=ORIENTED_EDGE('',*,*,#3512,.F.);
#4533=ORIENTED_EDGE('',*,*,#3513,.F.);
#4534=ORIENTED_EDGE('',*,*,#3514,.F.);
#4535=ORIENTED_EDGE('',*,*,#3468,.F.);
#4536=ORIENTED_EDGE('',*,*,#3476,.F.);
#4537=ORIENTED_EDGE('',*,*,#3474,.F.);
#4538=ORIENTED_EDGE('',*,*,#3471,.F.);
#4539=ORIENTED_EDGE('',*,*,#3515,.T.);
#4540=ORIENTED_EDGE('',*,*,#3516,.T.);
#4541=ORIENTED_EDGE('',*,*,#3517,.T.);
#4542=ORIENTED_EDGE('',*,*,#3518,.T.);
#4543=ORIENTED_EDGE('',*,*,#3519,.T.);
#4544=ORIENTED_EDGE('',*,*,#3520,.T.);
#4545=ORIENTED_EDGE('',*,*,#3515,.F.);
#4546=ORIENTED_EDGE('',*,*,#3478,.T.);
#4547=ORIENTED_EDGE('',*,*,#3521,.T.);
#4548=ORIENTED_EDGE('',*,*,#3522,.T.);
#4549=ORIENTED_EDGE('',*,*,#3519,.F.);
#4550=ORIENTED_EDGE('',*,*,#3481,.T.);
#4551=ORIENTED_EDGE('',*,*,#3517,.F.);
#4552=ORIENTED_EDGE('',*,*,#3523,.T.);
#4553=ORIENTED_EDGE('',*,*,#3521,.F.);
#4554=ORIENTED_EDGE('',*,*,#3524,.T.);
#4555=ORIENTED_EDGE('',*,*,#3473,.F.);
#4556=ORIENTED_EDGE('',*,*,#3479,.T.);
#4557=ORIENTED_EDGE('',*,*,#3518,.F.);
#4558=ORIENTED_EDGE('',*,*,#3525,.F.);
#4559=ORIENTED_EDGE('',*,*,#3526,.F.);
#4560=ORIENTED_EDGE('',*,*,#3527,.F.);
#4561=ORIENTED_EDGE('',*,*,#3528,.F.);
#4562=ORIENTED_EDGE('',*,*,#3529,.F.);
#4563=ORIENTED_EDGE('',*,*,#3530,.F.);
#4564=ORIENTED_EDGE('',*,*,#3531,.F.);
#4565=ORIENTED_EDGE('',*,*,#3532,.F.);
#4566=ORIENTED_EDGE('',*,*,#3533,.F.);
#4567=ORIENTED_EDGE('',*,*,#3534,.F.);
#4568=ORIENTED_EDGE('',*,*,#3535,.F.);
#4569=ORIENTED_EDGE('',*,*,#3536,.F.);
#4570=ORIENTED_EDGE('',*,*,#3537,.F.);
#4571=ORIENTED_EDGE('',*,*,#3538,.F.);
#4572=ORIENTED_EDGE('',*,*,#3539,.F.);
#4573=ORIENTED_EDGE('',*,*,#3540,.F.);
#4574=ORIENTED_EDGE('',*,*,#3541,.F.);
#4575=ORIENTED_EDGE('',*,*,#3542,.F.);
#4576=ORIENTED_EDGE('',*,*,#3543,.F.);
#4577=ORIENTED_EDGE('',*,*,#3544,.T.);
#4578=ORIENTED_EDGE('',*,*,#3545,.T.);
#4579=ORIENTED_EDGE('',*,*,#3546,.T.);
#4580=ORIENTED_EDGE('',*,*,#3547,.T.);
#4581=ORIENTED_EDGE('',*,*,#3548,.T.);
#4582=ORIENTED_EDGE('',*,*,#3549,.T.);
#4583=ORIENTED_EDGE('',*,*,#3550,.T.);
#4584=ORIENTED_EDGE('',*,*,#3551,.T.);
#4585=ORIENTED_EDGE('',*,*,#3552,.T.);
#4586=ORIENTED_EDGE('',*,*,#3553,.T.);
#4587=ORIENTED_EDGE('',*,*,#3554,.T.);
#4588=ORIENTED_EDGE('',*,*,#3555,.T.);
#4589=ORIENTED_EDGE('',*,*,#3556,.T.);
#4590=ORIENTED_EDGE('',*,*,#3557,.T.);
#4591=ORIENTED_EDGE('',*,*,#3558,.T.);
#4592=ORIENTED_EDGE('',*,*,#3559,.T.);
#4593=ORIENTED_EDGE('',*,*,#3560,.T.);
#4594=ORIENTED_EDGE('',*,*,#3561,.T.);
#4595=ORIENTED_EDGE('',*,*,#3562,.T.);
#4596=ORIENTED_EDGE('',*,*,#3563,.T.);
#4597=ORIENTED_EDGE('',*,*,#3516,.F.);
#4598=ORIENTED_EDGE('',*,*,#3520,.F.);
#4599=ORIENTED_EDGE('',*,*,#3522,.F.);
#4600=ORIENTED_EDGE('',*,*,#3523,.F.);
#4601=ORIENTED_EDGE('',*,*,#3564,.T.);
#4602=ORIENTED_EDGE('',*,*,#3565,.T.);
#4603=ORIENTED_EDGE('',*,*,#3566,.T.);
#4604=ORIENTED_EDGE('',*,*,#3567,.T.);
#4605=ORIENTED_EDGE('',*,*,#3568,.T.);
#4606=ORIENTED_EDGE('',*,*,#3569,.F.);
#4607=ORIENTED_EDGE('',*,*,#3568,.F.);
#4608=ORIENTED_EDGE('',*,*,#3570,.F.);
#4609=ORIENTED_EDGE('',*,*,#3571,.F.);
#4610=ORIENTED_EDGE('',*,*,#3572,.F.);
#4611=ORIENTED_EDGE('',*,*,#3573,.F.);
#4612=ORIENTED_EDGE('',*,*,#3574,.T.);
#4613=ORIENTED_EDGE('',*,*,#3575,.F.);
#4614=ORIENTED_EDGE('',*,*,#3576,.T.);
#4615=ORIENTED_EDGE('',*,*,#3577,.T.);
#4616=ORIENTED_EDGE('',*,*,#3567,.F.);
#4617=ORIENTED_EDGE('',*,*,#3578,.F.);
#4618=ORIENTED_EDGE('',*,*,#3579,.F.);
#4619=ORIENTED_EDGE('',*,*,#3580,.F.);
#4620=ORIENTED_EDGE('',*,*,#3581,.F.);
#4621=ORIENTED_EDGE('',*,*,#3582,.F.);
#4622=ORIENTED_EDGE('',*,*,#3570,.T.);
#4623=ORIENTED_EDGE('',*,*,#3583,.T.);
#4624=ORIENTED_EDGE('',*,*,#3566,.F.);
#4625=ORIENTED_EDGE('',*,*,#3584,.T.);
#4626=ORIENTED_EDGE('',*,*,#3585,.T.);
#4627=ORIENTED_EDGE('',*,*,#3586,.T.);
#4628=ORIENTED_EDGE('',*,*,#3587,.T.);
#4629=ORIENTED_EDGE('',*,*,#3482,.T.);
#4630=ORIENTED_EDGE('',*,*,#3585,.F.);
#4631=ORIENTED_EDGE('',*,*,#3588,.T.);
#4632=ORIENTED_EDGE('',*,*,#3589,.T.);
#4633=ORIENTED_EDGE('',*,*,#3484,.T.);
#4634=ORIENTED_EDGE('',*,*,#3590,.T.);
#4635=ORIENTED_EDGE('',*,*,#3591,.T.);
#4636=ORIENTED_EDGE('',*,*,#3592,.T.);
#4637=ORIENTED_EDGE('',*,*,#3486,.T.);
#4638=ORIENTED_EDGE('',*,*,#3593,.T.);
#4639=ORIENTED_EDGE('',*,*,#3594,.T.);
#4640=ORIENTED_EDGE('',*,*,#3595,.T.);
#4641=ORIENTED_EDGE('',*,*,#3564,.F.);
#4642=ORIENTED_EDGE('',*,*,#3596,.T.);
#4643=ORIENTED_EDGE('',*,*,#3597,.T.);
#4644=ORIENTED_EDGE('',*,*,#3598,.T.);
#4645=ORIENTED_EDGE('',*,*,#3597,.F.);
#4646=ORIENTED_EDGE('',*,*,#3599,.T.);
#4647=ORIENTED_EDGE('',*,*,#3600,.T.);
#4648=ORIENTED_EDGE('',*,*,#3601,.T.);
#4649=ORIENTED_EDGE('',*,*,#3600,.F.);
#4650=ORIENTED_EDGE('',*,*,#3602,.T.);
#4651=ORIENTED_EDGE('',*,*,#3603,.T.);
#4652=ORIENTED_EDGE('',*,*,#3604,.T.);
#4653=ORIENTED_EDGE('',*,*,#3603,.F.);
#4654=ORIENTED_EDGE('',*,*,#3605,.T.);
#4655=ORIENTED_EDGE('',*,*,#3606,.T.);
#4656=ORIENTED_EDGE('',*,*,#3607,.T.);
#4657=ORIENTED_EDGE('',*,*,#3606,.F.);
#4658=ORIENTED_EDGE('',*,*,#3608,.T.);
#4659=ORIENTED_EDGE('',*,*,#3592,.F.);
#4660=ORIENTED_EDGE('',*,*,#3609,.T.);
#4661=ORIENTED_EDGE('',*,*,#3593,.F.);
#4662=ORIENTED_EDGE('',*,*,#3485,.T.);
#4663=ORIENTED_EDGE('',*,*,#3589,.F.);
#4664=ORIENTED_EDGE('',*,*,#3610,.T.);
#4665=ORIENTED_EDGE('',*,*,#3590,.F.);
#4666=ORIENTED_EDGE('',*,*,#3483,.T.);
#4667=ORIENTED_EDGE('',*,*,#3587,.F.);
#4668=ORIENTED_EDGE('',*,*,#3583,.F.);
#4669=ORIENTED_EDGE('',*,*,#3494,.T.);
#4670=ORIENTED_EDGE('',*,*,#3611,.F.);
#4671=ORIENTED_EDGE('',*,*,#3578,.T.);
#4672=ORIENTED_EDGE('',*,*,#3608,.F.);
#4673=ORIENTED_EDGE('',*,*,#3612,.T.);
#4674=ORIENTED_EDGE('',*,*,#3613,.T.);
#4675=ORIENTED_EDGE('',*,*,#3487,.T.);
#4676=ORIENTED_EDGE('',*,*,#3605,.F.);
#4677=ORIENTED_EDGE('',*,*,#3602,.F.);
#4678=ORIENTED_EDGE('',*,*,#3599,.F.);
#4679=ORIENTED_EDGE('',*,*,#3596,.F.);
#4680=ORIENTED_EDGE('',*,*,#3569,.T.);
#4681=ORIENTED_EDGE('',*,*,#3577,.F.);
#4682=ORIENTED_EDGE('',*,*,#3614,.F.);
#4683=ORIENTED_EDGE('',*,*,#3615,.F.);
#4684=ORIENTED_EDGE('',*,*,#3616,.F.);
#4685=ORIENTED_EDGE('',*,*,#3617,.T.);
#4686=ORIENTED_EDGE('',*,*,#3618,.F.);
#4687=ORIENTED_EDGE('',*,*,#3619,.F.);
#4688=ORIENTED_EDGE('',*,*,#3620,.F.);
#4689=ORIENTED_EDGE('',*,*,#3621,.T.);
#4690=ORIENTED_EDGE('',*,*,#3622,.F.);
#4691=ORIENTED_EDGE('',*,*,#3623,.F.);
#4692=ORIENTED_EDGE('',*,*,#3624,.F.);
#4693=ORIENTED_EDGE('',*,*,#3625,.F.);
#4694=ORIENTED_EDGE('',*,*,#3626,.F.);
#4695=ORIENTED_EDGE('',*,*,#3627,.F.);
#4696=ORIENTED_EDGE('',*,*,#3628,.F.);
#4697=ORIENTED_EDGE('',*,*,#3629,.F.);
#4698=ORIENTED_EDGE('',*,*,#3612,.F.);
#4699=ORIENTED_EDGE('',*,*,#3630,.T.);
#4700=ORIENTED_EDGE('',*,*,#3631,.T.);
#4701=ORIENTED_EDGE('',*,*,#3632,.T.);
#4702=ORIENTED_EDGE('',*,*,#3633,.F.);
#4703=ORIENTED_EDGE('',*,*,#3634,.T.);
#4704=ORIENTED_EDGE('',*,*,#3635,.T.);
#4705=ORIENTED_EDGE('',*,*,#3636,.T.);
#4706=ORIENTED_EDGE('',*,*,#3637,.T.);
#4707=ORIENTED_EDGE('',*,*,#3638,.T.);
#4708=ORIENTED_EDGE('',*,*,#3639,.T.);
#4709=ORIENTED_EDGE('',*,*,#3640,.T.);
#4710=ORIENTED_EDGE('',*,*,#3641,.T.);
#4711=ORIENTED_EDGE('',*,*,#3530,.T.);
#4712=ORIENTED_EDGE('',*,*,#3642,.T.);
#4713=ORIENTED_EDGE('',*,*,#3643,.T.);
#4714=ORIENTED_EDGE('',*,*,#3639,.F.);
#4715=ORIENTED_EDGE('',*,*,#3529,.T.);
#4716=ORIENTED_EDGE('',*,*,#3644,.T.);
#4717=ORIENTED_EDGE('',*,*,#3645,.T.);
#4718=ORIENTED_EDGE('',*,*,#3642,.F.);
#4719=ORIENTED_EDGE('',*,*,#3528,.T.);
#4720=ORIENTED_EDGE('',*,*,#3646,.T.);
#4721=ORIENTED_EDGE('',*,*,#3647,.T.);
#4722=ORIENTED_EDGE('',*,*,#3644,.F.);
#4723=ORIENTED_EDGE('',*,*,#3648,.T.);
#4724=ORIENTED_EDGE('',*,*,#3646,.F.);
#4725=ORIENTED_EDGE('',*,*,#3527,.T.);
#4726=ORIENTED_EDGE('',*,*,#3649,.T.);
#4727=ORIENTED_EDGE('',*,*,#3650,.T.);
#4728=ORIENTED_EDGE('',*,*,#3649,.F.);
#4729=ORIENTED_EDGE('',*,*,#3526,.T.);
#4730=ORIENTED_EDGE('',*,*,#3651,.T.);
#4731=ORIENTED_EDGE('',*,*,#3652,.T.);
#4732=ORIENTED_EDGE('',*,*,#3651,.F.);
#4733=ORIENTED_EDGE('',*,*,#3653,.T.);
#4734=ORIENTED_EDGE('',*,*,#3635,.F.);
#4735=ORIENTED_EDGE('',*,*,#3654,.T.);
#4736=ORIENTED_EDGE('',*,*,#3641,.F.);
#4737=ORIENTED_EDGE('',*,*,#3655,.T.);
#4738=ORIENTED_EDGE('',*,*,#3656,.T.);
#4739=ORIENTED_EDGE('',*,*,#3657,.T.);
#4740=ORIENTED_EDGE('',*,*,#3637,.F.);
#4741=ORIENTED_EDGE('',*,*,#3658,.T.);
#4742=ORIENTED_EDGE('',*,*,#3633,.T.);
#4743=ORIENTED_EDGE('',*,*,#3659,.T.);
#4744=ORIENTED_EDGE('',*,*,#3656,.F.);
#4745=ORIENTED_EDGE('',*,*,#3660,.T.);
#4746=ORIENTED_EDGE('',*,*,#3631,.F.);
#4747=ORIENTED_EDGE('',*,*,#3638,.F.);
#4748=ORIENTED_EDGE('',*,*,#3661,.T.);
#4749=ORIENTED_EDGE('',*,*,#3662,.T.);
#4750=ORIENTED_EDGE('',*,*,#3531,.T.);
#4751=ORIENTED_EDGE('',*,*,#3601,.F.);
#4752=ORIENTED_EDGE('',*,*,#3663,.T.);
#4753=ORIENTED_EDGE('',*,*,#3657,.F.);
#4754=ORIENTED_EDGE('',*,*,#3664,.T.);
#4755=ORIENTED_EDGE('',*,*,#3598,.F.);
#4756=ORIENTED_EDGE('',*,*,#3664,.F.);
#4757=ORIENTED_EDGE('',*,*,#3632,.F.);
#4758=ORIENTED_EDGE('',*,*,#3665,.F.);
#4759=ORIENTED_EDGE('',*,*,#3594,.F.);
#4760=ORIENTED_EDGE('',*,*,#3665,.T.);
#4761=ORIENTED_EDGE('',*,*,#3660,.F.);
#4762=ORIENTED_EDGE('',*,*,#3666,.T.);
#4763=ORIENTED_EDGE('',*,*,#3565,.F.);
#4764=ORIENTED_EDGE('',*,*,#3595,.F.);
#4765=ORIENTED_EDGE('',*,*,#3666,.F.);
#4766=ORIENTED_EDGE('',*,*,#3655,.F.);
#4767=ORIENTED_EDGE('',*,*,#3640,.F.);
#4768=ORIENTED_EDGE('',*,*,#3643,.F.);
#4769=ORIENTED_EDGE('',*,*,#3667,.F.);
#4770=ORIENTED_EDGE('',*,*,#3586,.F.);
#4771=ORIENTED_EDGE('',*,*,#3584,.F.);
#4772=ORIENTED_EDGE('',*,*,#3668,.T.);
#4773=ORIENTED_EDGE('',*,*,#3613,.F.);
#4774=ORIENTED_EDGE('',*,*,#3629,.T.);
#4775=ORIENTED_EDGE('',*,*,#3669,.T.);
#4776=ORIENTED_EDGE('',*,*,#3670,.T.);
#4777=ORIENTED_EDGE('',*,*,#3669,.F.);
#4778=ORIENTED_EDGE('',*,*,#3628,.T.);
#4779=ORIENTED_EDGE('',*,*,#3671,.T.);
#4780=ORIENTED_EDGE('',*,*,#3672,.T.);
#4781=ORIENTED_EDGE('',*,*,#3671,.F.);
#4782=ORIENTED_EDGE('',*,*,#3627,.T.);
#4783=ORIENTED_EDGE('',*,*,#3673,.T.);
#4784=ORIENTED_EDGE('',*,*,#3626,.T.);
#4785=ORIENTED_EDGE('',*,*,#3674,.T.);
#4786=ORIENTED_EDGE('',*,*,#3675,.T.);
#4787=ORIENTED_EDGE('',*,*,#3673,.F.);
#4788=ORIENTED_EDGE('',*,*,#3668,.F.);
#4789=ORIENTED_EDGE('',*,*,#3676,.T.);
#4790=ORIENTED_EDGE('',*,*,#3677,.F.);
#4791=ORIENTED_EDGE('',*,*,#3488,.F.);
#4792=ORIENTED_EDGE('',*,*,#3670,.F.);
#4793=ORIENTED_EDGE('',*,*,#3678,.F.);
#4794=ORIENTED_EDGE('',*,*,#3679,.F.);
#4795=ORIENTED_EDGE('',*,*,#3676,.F.);
#4796=ORIENTED_EDGE('',*,*,#3672,.F.);
#4797=ORIENTED_EDGE('',*,*,#3680,.T.);
#4798=ORIENTED_EDGE('',*,*,#3681,.F.);
#4799=ORIENTED_EDGE('',*,*,#3678,.T.);
#4800=ORIENTED_EDGE('',*,*,#3675,.F.);
#4801=ORIENTED_EDGE('',*,*,#3682,.F.);
#4802=ORIENTED_EDGE('',*,*,#3683,.F.);
#4803=ORIENTED_EDGE('',*,*,#3684,.F.);
#4804=ORIENTED_EDGE('',*,*,#3680,.F.);
#4805=ORIENTED_EDGE('',*,*,#3610,.F.);
#4806=ORIENTED_EDGE('',*,*,#3667,.T.);
#4807=ORIENTED_EDGE('',*,*,#3645,.F.);
#4808=ORIENTED_EDGE('',*,*,#3685,.T.);
#4809=ORIENTED_EDGE('',*,*,#3588,.F.);
#4810=ORIENTED_EDGE('',*,*,#3685,.F.);
#4811=ORIENTED_EDGE('',*,*,#3647,.F.);
#4812=ORIENTED_EDGE('',*,*,#3686,.F.);
#4813=ORIENTED_EDGE('',*,*,#3609,.F.);
#4814=ORIENTED_EDGE('',*,*,#3686,.T.);
#4815=ORIENTED_EDGE('',*,*,#3648,.F.);
#4816=ORIENTED_EDGE('',*,*,#3687,.T.);
#4817=ORIENTED_EDGE('',*,*,#3688,.T.);
#4818=ORIENTED_EDGE('',*,*,#3571,.T.);
#4819=ORIENTED_EDGE('',*,*,#3582,.T.);
#4820=ORIENTED_EDGE('',*,*,#3689,.T.);
#4821=ORIENTED_EDGE('',*,*,#3690,.T.);
#4822=ORIENTED_EDGE('',*,*,#3689,.F.);
#4823=ORIENTED_EDGE('',*,*,#3581,.T.);
#4824=ORIENTED_EDGE('',*,*,#3691,.T.);
#4825=ORIENTED_EDGE('',*,*,#3692,.T.);
#4826=ORIENTED_EDGE('',*,*,#3691,.F.);
#4827=ORIENTED_EDGE('',*,*,#3580,.T.);
#4828=ORIENTED_EDGE('',*,*,#3693,.T.);
#4829=ORIENTED_EDGE('',*,*,#3694,.T.);
#4830=ORIENTED_EDGE('',*,*,#3693,.F.);
#4831=ORIENTED_EDGE('',*,*,#3579,.T.);
#4832=ORIENTED_EDGE('',*,*,#3611,.T.);
#4833=ORIENTED_EDGE('',*,*,#3688,.F.);
#4834=ORIENTED_EDGE('',*,*,#3695,.F.);
#4835=ORIENTED_EDGE('',*,*,#3696,.F.);
#4836=ORIENTED_EDGE('',*,*,#3697,.T.);
#4837=ORIENTED_EDGE('',*,*,#3572,.T.);
#4838=ORIENTED_EDGE('',*,*,#3690,.F.);
#4839=ORIENTED_EDGE('',*,*,#3698,.T.);
#4840=ORIENTED_EDGE('',*,*,#3699,.F.);
#4841=ORIENTED_EDGE('',*,*,#3695,.T.);
#4842=ORIENTED_EDGE('',*,*,#3692,.F.);
#4843=ORIENTED_EDGE('',*,*,#3700,.F.);
#4844=ORIENTED_EDGE('',*,*,#3456,.F.);
#4845=ORIENTED_EDGE('',*,*,#3701,.F.);
#4846=ORIENTED_EDGE('',*,*,#3698,.F.);
#4847=ORIENTED_EDGE('',*,*,#3694,.F.);
#4848=ORIENTED_EDGE('',*,*,#3493,.T.);
#4849=ORIENTED_EDGE('',*,*,#3702,.F.);
#4850=ORIENTED_EDGE('',*,*,#3703,.F.);
#4851=ORIENTED_EDGE('',*,*,#3463,.F.);
#4852=ORIENTED_EDGE('',*,*,#3452,.F.);
#4853=ORIENTED_EDGE('',*,*,#3700,.T.);
#4854=ORIENTED_EDGE('',*,*,#3704,.T.);
#4855=ORIENTED_EDGE('',*,*,#3532,.T.);
#4856=ORIENTED_EDGE('',*,*,#3662,.F.);
#4857=ORIENTED_EDGE('',*,*,#3705,.T.);
#4858=ORIENTED_EDGE('',*,*,#3706,.T.);
#4859=ORIENTED_EDGE('',*,*,#3533,.T.);
#4860=ORIENTED_EDGE('',*,*,#3704,.F.);
#4861=ORIENTED_EDGE('',*,*,#3707,.T.);
#4862=ORIENTED_EDGE('',*,*,#3708,.T.);
#4863=ORIENTED_EDGE('',*,*,#3534,.T.);
#4864=ORIENTED_EDGE('',*,*,#3706,.F.);
#4865=ORIENTED_EDGE('',*,*,#3709,.T.);
#4866=ORIENTED_EDGE('',*,*,#3710,.T.);
#4867=ORIENTED_EDGE('',*,*,#3535,.T.);
#4868=ORIENTED_EDGE('',*,*,#3708,.F.);
#4869=ORIENTED_EDGE('',*,*,#3711,.T.);
#4870=ORIENTED_EDGE('',*,*,#3712,.T.);
#4871=ORIENTED_EDGE('',*,*,#3536,.T.);
#4872=ORIENTED_EDGE('',*,*,#3710,.F.);
#4873=ORIENTED_EDGE('',*,*,#3460,.T.);
#4874=ORIENTED_EDGE('',*,*,#3713,.T.);
#4875=ORIENTED_EDGE('',*,*,#3537,.T.);
#4876=ORIENTED_EDGE('',*,*,#3712,.F.);
#4877=ORIENTED_EDGE('',*,*,#3714,.T.);
#4878=ORIENTED_EDGE('',*,*,#3715,.T.);
#4879=ORIENTED_EDGE('',*,*,#3538,.T.);
#4880=ORIENTED_EDGE('',*,*,#3713,.F.);
#4881=ORIENTED_EDGE('',*,*,#3716,.T.);
#4882=ORIENTED_EDGE('',*,*,#3717,.T.);
#4883=ORIENTED_EDGE('',*,*,#3539,.T.);
#4884=ORIENTED_EDGE('',*,*,#3715,.F.);
#4885=ORIENTED_EDGE('',*,*,#3718,.T.);
#4886=ORIENTED_EDGE('',*,*,#3719,.T.);
#4887=ORIENTED_EDGE('',*,*,#3540,.T.);
#4888=ORIENTED_EDGE('',*,*,#3717,.F.);
#4889=ORIENTED_EDGE('',*,*,#3720,.T.);
#4890=ORIENTED_EDGE('',*,*,#3721,.T.);
#4891=ORIENTED_EDGE('',*,*,#3541,.T.);
#4892=ORIENTED_EDGE('',*,*,#3719,.F.);
#4893=ORIENTED_EDGE('',*,*,#3722,.T.);
#4894=ORIENTED_EDGE('',*,*,#3723,.T.);
#4895=ORIENTED_EDGE('',*,*,#3542,.T.);
#4896=ORIENTED_EDGE('',*,*,#3721,.F.);
#4897=ORIENTED_EDGE('',*,*,#3724,.T.);
#4898=ORIENTED_EDGE('',*,*,#3653,.F.);
#4899=ORIENTED_EDGE('',*,*,#3543,.T.);
#4900=ORIENTED_EDGE('',*,*,#3723,.F.);
#4901=ORIENTED_EDGE('',*,*,#3725,.T.);
#4902=ORIENTED_EDGE('',*,*,#3591,.F.);
#4903=ORIENTED_EDGE('',*,*,#3687,.F.);
#4904=ORIENTED_EDGE('',*,*,#3650,.F.);
#4905=ORIENTED_EDGE('',*,*,#3652,.F.);
#4906=ORIENTED_EDGE('',*,*,#3634,.F.);
#4907=ORIENTED_EDGE('',*,*,#3663,.F.);
#4908=ORIENTED_EDGE('',*,*,#3604,.F.);
#4909=ORIENTED_EDGE('',*,*,#3607,.F.);
#4910=ORIENTED_EDGE('',*,*,#3724,.F.);
#4911=ORIENTED_EDGE('',*,*,#3726,.T.);
#4912=ORIENTED_EDGE('',*,*,#3727,.F.);
#4913=ORIENTED_EDGE('',*,*,#3728,.T.);
#4914=ORIENTED_EDGE('',*,*,#3722,.F.);
#4915=ORIENTED_EDGE('',*,*,#3729,.F.);
#4916=ORIENTED_EDGE('',*,*,#3730,.F.);
#4917=ORIENTED_EDGE('',*,*,#3731,.F.);
#4918=ORIENTED_EDGE('',*,*,#3732,.F.);
#4919=ORIENTED_EDGE('',*,*,#3733,.F.);
#4920=ORIENTED_EDGE('',*,*,#3726,.F.);
#4921=ORIENTED_EDGE('',*,*,#3720,.F.);
#4922=ORIENTED_EDGE('',*,*,#3734,.T.);
#4923=ORIENTED_EDGE('',*,*,#3735,.F.);
#4924=ORIENTED_EDGE('',*,*,#3729,.T.);
#4925=ORIENTED_EDGE('',*,*,#3718,.F.);
#4926=ORIENTED_EDGE('',*,*,#3736,.F.);
#4927=ORIENTED_EDGE('',*,*,#3737,.F.);
#4928=ORIENTED_EDGE('',*,*,#3738,.F.);
#4929=ORIENTED_EDGE('',*,*,#3739,.F.);
#4930=ORIENTED_EDGE('',*,*,#3740,.F.);
#4931=ORIENTED_EDGE('',*,*,#3741,.F.);
#4932=ORIENTED_EDGE('',*,*,#3742,.F.);
#4933=ORIENTED_EDGE('',*,*,#3743,.T.);
#4934=ORIENTED_EDGE('',*,*,#3744,.F.);
#4935=ORIENTED_EDGE('',*,*,#3734,.F.);
#4936=ORIENTED_EDGE('',*,*,#3716,.F.);
#4937=ORIENTED_EDGE('',*,*,#3745,.T.);
#4938=ORIENTED_EDGE('',*,*,#3746,.F.);
#4939=ORIENTED_EDGE('',*,*,#3736,.T.);
#4940=ORIENTED_EDGE('',*,*,#3714,.F.);
#4941=ORIENTED_EDGE('',*,*,#3459,.F.);
#4942=ORIENTED_EDGE('',*,*,#3747,.F.);
#4943=ORIENTED_EDGE('',*,*,#3745,.F.);
#4944=ORIENTED_EDGE('',*,*,#3461,.T.);
#4945=ORIENTED_EDGE('',*,*,#3711,.F.);
#4946=ORIENTED_EDGE('',*,*,#3748,.F.);
#4947=ORIENTED_EDGE('',*,*,#3749,.F.);
#4948=ORIENTED_EDGE('',*,*,#3750,.F.);
#4949=ORIENTED_EDGE('',*,*,#3751,.F.);
#4950=ORIENTED_EDGE('',*,*,#3752,.F.);
#4951=ORIENTED_EDGE('',*,*,#3753,.F.);
#4952=ORIENTED_EDGE('',*,*,#3754,.T.);
#4953=ORIENTED_EDGE('',*,*,#3454,.T.);
#4954=ORIENTED_EDGE('',*,*,#3450,.T.);
#4955=ORIENTED_EDGE('',*,*,#3462,.T.);
#4956=ORIENTED_EDGE('',*,*,#3709,.F.);
#4957=ORIENTED_EDGE('',*,*,#3755,.T.);
#4958=ORIENTED_EDGE('',*,*,#3756,.F.);
#4959=ORIENTED_EDGE('',*,*,#3748,.T.);
#4960=ORIENTED_EDGE('',*,*,#3707,.F.);
#4961=ORIENTED_EDGE('',*,*,#3757,.F.);
#4962=ORIENTED_EDGE('',*,*,#3758,.T.);
#4963=ORIENTED_EDGE('',*,*,#3759,.F.);
#4964=ORIENTED_EDGE('',*,*,#3755,.F.);
#4965=ORIENTED_EDGE('',*,*,#3705,.F.);
#4966=ORIENTED_EDGE('',*,*,#3760,.T.);
#4967=ORIENTED_EDGE('',*,*,#3761,.F.);
#4968=ORIENTED_EDGE('',*,*,#3757,.T.);
#4969=ORIENTED_EDGE('',*,*,#3636,.F.);
#4970=ORIENTED_EDGE('',*,*,#3725,.F.);
#4971=ORIENTED_EDGE('',*,*,#3728,.F.);
#4972=ORIENTED_EDGE('',*,*,#3762,.F.);
#4973=ORIENTED_EDGE('',*,*,#3763,.F.);
#4974=ORIENTED_EDGE('',*,*,#3760,.F.);
#4975=ORIENTED_EDGE('',*,*,#3661,.F.);
#4976=ORIENTED_EDGE('',*,*,#3654,.F.);
#4977=ORIENTED_EDGE('',*,*,#3659,.F.);
#4978=ORIENTED_EDGE('',*,*,#3630,.F.);
#4979=ORIENTED_EDGE('',*,*,#3658,.F.);
#4980=ORIENTED_EDGE('',*,*,#3681,.T.);
#4981=ORIENTED_EDGE('',*,*,#3764,.T.);
#4982=ORIENTED_EDGE('',*,*,#3740,.T.);
#4983=ORIENTED_EDGE('',*,*,#3765,.T.);
#4984=ORIENTED_EDGE('',*,*,#3739,.T.);
#4985=ORIENTED_EDGE('',*,*,#3766,.T.);
#4986=ORIENTED_EDGE('',*,*,#3679,.T.);
#4987=ORIENTED_EDGE('',*,*,#3765,.F.);
#4988=ORIENTED_EDGE('',*,*,#3738,.T.);
#4989=ORIENTED_EDGE('',*,*,#3767,.T.);
#4990=ORIENTED_EDGE('',*,*,#3677,.T.);
#4991=ORIENTED_EDGE('',*,*,#3766,.F.);
#4992=ORIENTED_EDGE('',*,*,#3492,.T.);
#4993=ORIENTED_EDGE('',*,*,#3768,.T.);
#4994=ORIENTED_EDGE('',*,*,#3458,.T.);
#4995=ORIENTED_EDGE('',*,*,#3769,.T.);
#4996=ORIENTED_EDGE('',*,*,#3702,.T.);
#4997=ORIENTED_EDGE('',*,*,#3703,.T.);
#4998=ORIENTED_EDGE('',*,*,#3769,.F.);
#4999=ORIENTED_EDGE('',*,*,#3457,.T.);
#5000=ORIENTED_EDGE('',*,*,#3464,.T.);
#5001=ORIENTED_EDGE('',*,*,#3770,.T.);
#5002=ORIENTED_EDGE('',*,*,#3747,.T.);
#5003=ORIENTED_EDGE('',*,*,#3768,.F.);
#5004=ORIENTED_EDGE('',*,*,#3491,.T.);
#5005=ORIENTED_EDGE('',*,*,#3771,.T.);
#5006=ORIENTED_EDGE('',*,*,#3746,.T.);
#5007=ORIENTED_EDGE('',*,*,#3770,.F.);
#5008=ORIENTED_EDGE('',*,*,#3490,.T.);
#5009=ORIENTED_EDGE('',*,*,#3737,.T.);
#5010=ORIENTED_EDGE('',*,*,#3771,.F.);
#5011=ORIENTED_EDGE('',*,*,#3489,.T.);
#5012=ORIENTED_EDGE('',*,*,#3767,.F.);
#5013=ORIENTED_EDGE('',*,*,#3753,.T.);
#5014=ORIENTED_EDGE('',*,*,#3772,.T.);
#5015=ORIENTED_EDGE('',*,*,#3699,.T.);
#5016=ORIENTED_EDGE('',*,*,#3773,.T.);
#5017=ORIENTED_EDGE('',*,*,#3701,.T.);
#5018=ORIENTED_EDGE('',*,*,#3455,.F.);
#5019=ORIENTED_EDGE('',*,*,#3754,.F.);
#5020=ORIENTED_EDGE('',*,*,#3773,.F.);
#5021=ORIENTED_EDGE('',*,*,#3774,.F.);
#5022=ORIENTED_EDGE('',*,*,#3775,.F.);
#5023=ORIENTED_EDGE('',*,*,#3776,.F.);
#5024=ORIENTED_EDGE('',*,*,#3777,.F.);
#5025=ORIENTED_EDGE('',*,*,#3778,.F.);
#5026=ORIENTED_EDGE('',*,*,#3779,.F.);
#5027=ORIENTED_EDGE('',*,*,#3621,.F.);
#5028=ORIENTED_EDGE('',*,*,#3780,.F.);
#5029=ORIENTED_EDGE('',*,*,#3781,.F.);
#5030=ORIENTED_EDGE('',*,*,#3617,.F.);
#5031=ORIENTED_EDGE('',*,*,#3782,.F.);
#5032=ORIENTED_EDGE('',*,*,#3783,.F.);
#5033=ORIENTED_EDGE('',*,*,#3784,.F.);
#5034=ORIENTED_EDGE('',*,*,#3785,.F.);
#5035=ORIENTED_EDGE('',*,*,#3786,.F.);
#5036=ORIENTED_EDGE('',*,*,#3787,.F.);
#5037=ORIENTED_EDGE('',*,*,#3774,.T.);
#5038=ORIENTED_EDGE('',*,*,#3788,.F.);
#5039=ORIENTED_EDGE('',*,*,#3789,.F.);
#5040=ORIENTED_EDGE('',*,*,#3790,.F.);
#5041=ORIENTED_EDGE('',*,*,#3780,.T.);
#5042=ORIENTED_EDGE('',*,*,#3620,.T.);
#5043=ORIENTED_EDGE('',*,*,#3791,.T.);
#5044=ORIENTED_EDGE('',*,*,#3788,.T.);
#5045=ORIENTED_EDGE('',*,*,#3785,.T.);
#5046=ORIENTED_EDGE('',*,*,#3792,.F.);
#5047=ORIENTED_EDGE('',*,*,#3793,.F.);
#5048=ORIENTED_EDGE('',*,*,#3794,.F.);
#5049=ORIENTED_EDGE('',*,*,#3784,.T.);
#5050=ORIENTED_EDGE('',*,*,#3795,.T.);
#5051=ORIENTED_EDGE('',*,*,#3796,.T.);
#5052=ORIENTED_EDGE('',*,*,#3792,.T.);
#5053=ORIENTED_EDGE('',*,*,#3783,.T.);
#5054=ORIENTED_EDGE('',*,*,#3797,.F.);
#5055=ORIENTED_EDGE('',*,*,#3798,.F.);
#5056=ORIENTED_EDGE('',*,*,#3795,.F.);
#5057=ORIENTED_EDGE('',*,*,#3782,.T.);
#5058=ORIENTED_EDGE('',*,*,#3616,.T.);
#5059=ORIENTED_EDGE('',*,*,#3799,.T.);
#5060=ORIENTED_EDGE('',*,*,#3797,.T.);
#5061=ORIENTED_EDGE('',*,*,#3497,.T.);
#5062=ORIENTED_EDGE('',*,*,#3800,.F.);
#5063=ORIENTED_EDGE('',*,*,#3545,.F.);
#5064=ORIENTED_EDGE('',*,*,#3801,.F.);
#5065=ORIENTED_EDGE('',*,*,#3496,.T.);
#5066=ORIENTED_EDGE('',*,*,#3802,.F.);
#5067=ORIENTED_EDGE('',*,*,#3546,.F.);
#5068=ORIENTED_EDGE('',*,*,#3800,.T.);
#5069=ORIENTED_EDGE('',*,*,#3470,.F.);
#5070=ORIENTED_EDGE('',*,*,#3525,.T.);
#5071=ORIENTED_EDGE('',*,*,#3524,.F.);
#5072=ORIENTED_EDGE('',*,*,#3480,.F.);
#5073=ORIENTED_EDGE('',*,*,#3501,.T.);
#5074=ORIENTED_EDGE('',*,*,#3803,.F.);
#5075=ORIENTED_EDGE('',*,*,#3563,.F.);
#5076=ORIENTED_EDGE('',*,*,#3804,.T.);
#5077=ORIENTED_EDGE('',*,*,#3500,.T.);
#5078=ORIENTED_EDGE('',*,*,#3805,.T.);
#5079=ORIENTED_EDGE('',*,*,#3560,.F.);
#5080=ORIENTED_EDGE('',*,*,#3803,.T.);
#5081=ORIENTED_EDGE('',*,*,#3505,.T.);
#5082=ORIENTED_EDGE('',*,*,#3806,.F.);
#5083=ORIENTED_EDGE('',*,*,#3553,.F.);
#5084=ORIENTED_EDGE('',*,*,#3807,.F.);
#5085=ORIENTED_EDGE('',*,*,#3504,.T.);
#5086=ORIENTED_EDGE('',*,*,#3808,.F.);
#5087=ORIENTED_EDGE('',*,*,#3554,.F.);
#5088=ORIENTED_EDGE('',*,*,#3806,.T.);
#5089=ORIENTED_EDGE('',*,*,#3509,.T.);
#5090=ORIENTED_EDGE('',*,*,#3809,.F.);
#5091=ORIENTED_EDGE('',*,*,#3550,.F.);
#5092=ORIENTED_EDGE('',*,*,#3810,.T.);
#5093=ORIENTED_EDGE('',*,*,#3508,.T.);
#5094=ORIENTED_EDGE('',*,*,#3811,.F.);
#5095=ORIENTED_EDGE('',*,*,#3551,.F.);
#5096=ORIENTED_EDGE('',*,*,#3809,.T.);
#5097=ORIENTED_EDGE('',*,*,#3513,.T.);
#5098=ORIENTED_EDGE('',*,*,#3812,.F.);
#5099=ORIENTED_EDGE('',*,*,#3558,.F.);
#5100=ORIENTED_EDGE('',*,*,#3813,.T.);
#5101=ORIENTED_EDGE('',*,*,#3512,.T.);
#5102=ORIENTED_EDGE('',*,*,#3814,.F.);
#5103=ORIENTED_EDGE('',*,*,#3559,.F.);
#5104=ORIENTED_EDGE('',*,*,#3812,.T.);
#5105=ORIENTED_EDGE('',*,*,#3684,.T.);
#5106=ORIENTED_EDGE('',*,*,#3815,.T.);
#5107=ORIENTED_EDGE('',*,*,#3816,.T.);
#5108=ORIENTED_EDGE('',*,*,#3741,.T.);
#5109=ORIENTED_EDGE('',*,*,#3764,.F.);
#5110=ORIENTED_EDGE('',*,*,#3683,.T.);
#5111=ORIENTED_EDGE('',*,*,#3817,.T.);
#5112=ORIENTED_EDGE('',*,*,#3818,.T.);
#5113=ORIENTED_EDGE('',*,*,#3819,.T.);
#5114=ORIENTED_EDGE('',*,*,#3815,.F.);
#5115=ORIENTED_EDGE('',*,*,#3682,.T.);
#5116=ORIENTED_EDGE('',*,*,#3674,.F.);
#5117=ORIENTED_EDGE('',*,*,#3625,.T.);
#5118=ORIENTED_EDGE('',*,*,#3820,.F.);
#5119=ORIENTED_EDGE('',*,*,#3821,.T.);
#5120=ORIENTED_EDGE('',*,*,#3822,.T.);
#5121=ORIENTED_EDGE('',*,*,#3817,.F.);
#5122=ORIENTED_EDGE('',*,*,#3752,.T.);
#5123=ORIENTED_EDGE('',*,*,#3823,.T.);
#5124=ORIENTED_EDGE('',*,*,#3824,.T.);
#5125=ORIENTED_EDGE('',*,*,#3696,.T.);
#5126=ORIENTED_EDGE('',*,*,#3772,.F.);
#5127=ORIENTED_EDGE('',*,*,#3573,.T.);
#5128=ORIENTED_EDGE('',*,*,#3697,.F.);
#5129=ORIENTED_EDGE('',*,*,#3824,.F.);
#5130=ORIENTED_EDGE('',*,*,#3825,.F.);
#5131=ORIENTED_EDGE('',*,*,#3826,.T.);
#5132=ORIENTED_EDGE('',*,*,#3827,.T.);
#5133=ORIENTED_EDGE('',*,*,#3828,.T.);
#5134=ORIENTED_EDGE('',*,*,#3829,.F.);
#5135=ORIENTED_EDGE('',*,*,#3830,.T.);
#5136=ORIENTED_EDGE('',*,*,#3831,.T.);
#5137=ORIENTED_EDGE('',*,*,#3832,.T.);
#5138=ORIENTED_EDGE('',*,*,#3833,.T.);
#5139=ORIENTED_EDGE('',*,*,#3832,.F.);
#5140=ORIENTED_EDGE('',*,*,#3834,.T.);
#5141=ORIENTED_EDGE('',*,*,#3835,.T.);
#5142=ORIENTED_EDGE('',*,*,#3836,.T.);
#5143=ORIENTED_EDGE('',*,*,#3835,.F.);
#5144=ORIENTED_EDGE('',*,*,#3837,.T.);
#5145=ORIENTED_EDGE('',*,*,#3838,.T.);
#5146=ORIENTED_EDGE('',*,*,#3839,.T.);
#5147=ORIENTED_EDGE('',*,*,#3838,.F.);
#5148=ORIENTED_EDGE('',*,*,#3840,.T.);
#5149=ORIENTED_EDGE('',*,*,#3841,.T.);
#5150=ORIENTED_EDGE('',*,*,#3842,.T.);
#5151=ORIENTED_EDGE('',*,*,#3843,.F.);
#5152=ORIENTED_EDGE('',*,*,#3844,.T.);
#5153=ORIENTED_EDGE('',*,*,#3845,.F.);
#5154=ORIENTED_EDGE('',*,*,#3846,.T.);
#5155=ORIENTED_EDGE('',*,*,#3841,.F.);
#5156=ORIENTED_EDGE('',*,*,#3827,.F.);
#5157=ORIENTED_EDGE('',*,*,#3847,.F.);
#5158=ORIENTED_EDGE('',*,*,#3848,.T.);
#5159=ORIENTED_EDGE('',*,*,#3849,.T.);
#5160=ORIENTED_EDGE('',*,*,#3850,.F.);
#5161=ORIENTED_EDGE('',*,*,#3851,.F.);
#5162=ORIENTED_EDGE('',*,*,#3852,.T.);
#5163=ORIENTED_EDGE('',*,*,#3853,.F.);
#5164=ORIENTED_EDGE('',*,*,#3854,.F.);
#5165=ORIENTED_EDGE('',*,*,#3855,.F.);
#5166=ORIENTED_EDGE('',*,*,#3833,.F.);
#5167=ORIENTED_EDGE('',*,*,#3856,.T.);
#5168=ORIENTED_EDGE('',*,*,#3857,.T.);
#5169=ORIENTED_EDGE('',*,*,#3858,.T.);
#5170=ORIENTED_EDGE('',*,*,#3859,.T.);
#5171=ORIENTED_EDGE('',*,*,#3858,.F.);
#5172=ORIENTED_EDGE('',*,*,#3860,.T.);
#5173=ORIENTED_EDGE('',*,*,#3847,.T.);
#5174=ORIENTED_EDGE('',*,*,#3836,.F.);
#5175=ORIENTED_EDGE('',*,*,#3861,.F.);
#5176=ORIENTED_EDGE('',*,*,#3862,.T.);
#5177=ORIENTED_EDGE('',*,*,#3863,.T.);
#5178=ORIENTED_EDGE('',*,*,#3864,.F.);
#5179=ORIENTED_EDGE('',*,*,#3865,.F.);
#5180=ORIENTED_EDGE('',*,*,#3866,.T.);
#5181=ORIENTED_EDGE('',*,*,#3867,.F.);
#5182=ORIENTED_EDGE('',*,*,#3868,.F.);
#5183=ORIENTED_EDGE('',*,*,#3869,.T.);
#5184=ORIENTED_EDGE('',*,*,#3870,.T.);
#5185=ORIENTED_EDGE('',*,*,#3856,.F.);
#5186=ORIENTED_EDGE('',*,*,#3839,.F.);
#5187=ORIENTED_EDGE('',*,*,#3871,.T.);
#5188=ORIENTED_EDGE('',*,*,#3872,.T.);
#5189=ORIENTED_EDGE('',*,*,#3873,.T.);
#5190=ORIENTED_EDGE('',*,*,#3874,.T.);
#5191=ORIENTED_EDGE('',*,*,#3873,.F.);
#5192=ORIENTED_EDGE('',*,*,#3875,.T.);
#5193=ORIENTED_EDGE('',*,*,#3861,.T.);
#5194=ORIENTED_EDGE('',*,*,#3846,.F.);
#5195=ORIENTED_EDGE('',*,*,#3876,.F.);
#5196=ORIENTED_EDGE('',*,*,#3877,.F.);
#5197=ORIENTED_EDGE('',*,*,#3878,.F.);
#5198=ORIENTED_EDGE('',*,*,#3879,.T.);
#5199=ORIENTED_EDGE('',*,*,#3880,.F.);
#5200=ORIENTED_EDGE('',*,*,#3881,.F.);
#5201=ORIENTED_EDGE('',*,*,#3882,.T.);
#5202=ORIENTED_EDGE('',*,*,#3883,.T.);
#5203=ORIENTED_EDGE('',*,*,#3871,.F.);
#5204=ORIENTED_EDGE('',*,*,#3816,.F.);
#5205=ORIENTED_EDGE('',*,*,#3819,.F.);
#5206=ORIENTED_EDGE('',*,*,#3884,.T.);
#5207=ORIENTED_EDGE('',*,*,#3885,.F.);
#5208=ORIENTED_EDGE('',*,*,#3742,.T.);
#5209=ORIENTED_EDGE('',*,*,#3886,.T.);
#5210=ORIENTED_EDGE('',*,*,#3887,.T.);
#5211=ORIENTED_EDGE('',*,*,#3888,.T.);
#5212=ORIENTED_EDGE('',*,*,#3889,.T.);
#5213=ORIENTED_EDGE('',*,*,#3888,.F.);
#5214=ORIENTED_EDGE('',*,*,#3890,.T.);
#5215=ORIENTED_EDGE('',*,*,#3891,.T.);
#5216=ORIENTED_EDGE('',*,*,#3892,.T.);
#5217=ORIENTED_EDGE('',*,*,#3893,.T.);
#5218=ORIENTED_EDGE('',*,*,#3894,.T.);
#5219=ORIENTED_EDGE('',*,*,#3891,.F.);
#5220=ORIENTED_EDGE('',*,*,#3895,.T.);
#5221=ORIENTED_EDGE('',*,*,#3893,.F.);
#5222=ORIENTED_EDGE('',*,*,#3896,.T.);
#5223=ORIENTED_EDGE('',*,*,#3897,.T.);
#5224=ORIENTED_EDGE('',*,*,#3898,.T.);
#5225=ORIENTED_EDGE('',*,*,#3899,.T.);
#5226=ORIENTED_EDGE('',*,*,#3900,.T.);
#5227=ORIENTED_EDGE('',*,*,#3897,.F.);
#5228=ORIENTED_EDGE('',*,*,#3731,.T.);
#5229=ORIENTED_EDGE('',*,*,#3896,.F.);
#5230=ORIENTED_EDGE('',*,*,#3901,.T.);
#5231=ORIENTED_EDGE('',*,*,#3902,.F.);
#5232=ORIENTED_EDGE('',*,*,#3732,.T.);
#5233=ORIENTED_EDGE('',*,*,#3895,.F.);
#5234=ORIENTED_EDGE('',*,*,#3903,.F.);
#5235=ORIENTED_EDGE('',*,*,#3904,.F.);
#5236=ORIENTED_EDGE('',*,*,#3901,.F.);
#5237=ORIENTED_EDGE('',*,*,#3890,.F.);
#5238=ORIENTED_EDGE('',*,*,#3905,.T.);
#5239=ORIENTED_EDGE('',*,*,#3906,.F.);
#5240=ORIENTED_EDGE('',*,*,#3903,.T.);
#5241=ORIENTED_EDGE('',*,*,#3887,.F.);
#5242=ORIENTED_EDGE('',*,*,#3907,.F.);
#5243=ORIENTED_EDGE('',*,*,#3908,.F.);
#5244=ORIENTED_EDGE('',*,*,#3759,.T.);
#5245=ORIENTED_EDGE('',*,*,#3758,.F.);
#5246=ORIENTED_EDGE('',*,*,#3909,.F.);
#5247=ORIENTED_EDGE('',*,*,#3910,.F.);
#5248=ORIENTED_EDGE('',*,*,#3905,.F.);
#5249=ORIENTED_EDGE('',*,*,#3911,.T.);
#5250=ORIENTED_EDGE('',*,*,#3906,.T.);
#5251=ORIENTED_EDGE('',*,*,#3912,.T.);
#5252=ORIENTED_EDGE('',*,*,#3913,.T.);
#5253=ORIENTED_EDGE('',*,*,#3914,.T.);
#5254=ORIENTED_EDGE('',*,*,#3904,.T.);
#5255=ORIENTED_EDGE('',*,*,#3911,.F.);
#5256=ORIENTED_EDGE('',*,*,#3915,.T.);
#5257=ORIENTED_EDGE('',*,*,#3916,.T.);
#5258=ORIENTED_EDGE('',*,*,#3902,.T.);
#5259=ORIENTED_EDGE('',*,*,#3914,.F.);
#5260=ORIENTED_EDGE('',*,*,#3917,.T.);
#5261=ORIENTED_EDGE('',*,*,#3918,.T.);
#5262=ORIENTED_EDGE('',*,*,#3733,.T.);
#5263=ORIENTED_EDGE('',*,*,#3916,.F.);
#5264=ORIENTED_EDGE('',*,*,#3919,.T.);
#5265=ORIENTED_EDGE('',*,*,#3920,.T.);
#5266=ORIENTED_EDGE('',*,*,#3727,.T.);
#5267=ORIENTED_EDGE('',*,*,#3918,.F.);
#5268=ORIENTED_EDGE('',*,*,#3921,.T.);
#5269=ORIENTED_EDGE('',*,*,#3922,.T.);
#5270=ORIENTED_EDGE('',*,*,#3762,.T.);
#5271=ORIENTED_EDGE('',*,*,#3920,.F.);
#5272=ORIENTED_EDGE('',*,*,#3923,.T.);
#5273=ORIENTED_EDGE('',*,*,#3924,.T.);
#5274=ORIENTED_EDGE('',*,*,#3925,.T.);
#5275=ORIENTED_EDGE('',*,*,#3922,.F.);
#5276=ORIENTED_EDGE('',*,*,#3926,.T.);
#5277=ORIENTED_EDGE('',*,*,#3912,.F.);
#5278=ORIENTED_EDGE('',*,*,#3910,.T.);
#5279=ORIENTED_EDGE('',*,*,#3924,.F.);
#5280=ORIENTED_EDGE('',*,*,#3927,.T.);
#5281=ORIENTED_EDGE('',*,*,#3925,.F.);
#5282=ORIENTED_EDGE('',*,*,#3909,.T.);
#5283=ORIENTED_EDGE('',*,*,#3761,.T.);
#5284=ORIENTED_EDGE('',*,*,#3763,.T.);
#5285=ORIENTED_EDGE('',*,*,#3913,.F.);
#5286=ORIENTED_EDGE('',*,*,#3927,.F.);
#5287=ORIENTED_EDGE('',*,*,#3926,.F.);
#5288=ORIENTED_EDGE('',*,*,#3923,.F.);
#5289=ORIENTED_EDGE('',*,*,#3921,.F.);
#5290=ORIENTED_EDGE('',*,*,#3919,.F.);
#5291=ORIENTED_EDGE('',*,*,#3917,.F.);
#5292=ORIENTED_EDGE('',*,*,#3915,.F.);
#5293=ORIENTED_EDGE('',*,*,#3928,.T.);
#5294=ORIENTED_EDGE('',*,*,#3929,.T.);
#5295=ORIENTED_EDGE('',*,*,#3930,.T.);
#5296=ORIENTED_EDGE('',*,*,#3931,.T.);
#5297=ORIENTED_EDGE('',*,*,#3932,.T.);
#5298=ORIENTED_EDGE('',*,*,#3933,.T.);
#5299=ORIENTED_EDGE('',*,*,#3934,.T.);
#5300=ORIENTED_EDGE('',*,*,#3935,.T.);
#5301=ORIENTED_EDGE('',*,*,#3936,.T.);
#5302=ORIENTED_EDGE('',*,*,#3937,.T.);
#5303=ORIENTED_EDGE('',*,*,#3938,.T.);
#5304=ORIENTED_EDGE('',*,*,#3939,.T.);
#5305=ORIENTED_EDGE('',*,*,#3744,.T.);
#5306=ORIENTED_EDGE('',*,*,#3940,.T.);
#5307=ORIENTED_EDGE('',*,*,#3843,.T.);
#5308=ORIENTED_EDGE('',*,*,#3941,.T.);
#5309=ORIENTED_EDGE('',*,*,#3942,.T.);
#5310=ORIENTED_EDGE('',*,*,#3743,.F.);
#5311=ORIENTED_EDGE('',*,*,#3885,.T.);
#5312=ORIENTED_EDGE('',*,*,#3943,.T.);
#5313=ORIENTED_EDGE('',*,*,#3821,.F.);
#5314=ORIENTED_EDGE('',*,*,#3944,.F.);
#5315=ORIENTED_EDGE('',*,*,#3844,.F.);
#5316=ORIENTED_EDGE('',*,*,#3940,.F.);
#5317=ORIENTED_EDGE('',*,*,#3730,.T.);
#5318=ORIENTED_EDGE('',*,*,#3735,.T.);
#5319=ORIENTED_EDGE('',*,*,#3942,.F.);
#5320=ORIENTED_EDGE('',*,*,#3945,.T.);
#5321=ORIENTED_EDGE('',*,*,#3899,.F.);
#5322=ORIENTED_EDGE('',*,*,#3831,.F.);
#5323=ORIENTED_EDGE('',*,*,#3946,.F.);
#5324=ORIENTED_EDGE('',*,*,#3947,.F.);
#5325=ORIENTED_EDGE('',*,*,#3889,.F.);
#5326=ORIENTED_EDGE('',*,*,#3892,.F.);
#5327=ORIENTED_EDGE('',*,*,#3894,.F.);
#5328=ORIENTED_EDGE('',*,*,#3898,.F.);
#5329=ORIENTED_EDGE('',*,*,#3900,.F.);
#5330=ORIENTED_EDGE('',*,*,#3945,.F.);
#5331=ORIENTED_EDGE('',*,*,#3941,.F.);
#5332=ORIENTED_EDGE('',*,*,#3842,.F.);
#5333=ORIENTED_EDGE('',*,*,#3840,.F.);
#5334=ORIENTED_EDGE('',*,*,#3837,.F.);
#5335=ORIENTED_EDGE('',*,*,#3834,.F.);
#5336=ORIENTED_EDGE('',*,*,#3749,.T.);
#5337=ORIENTED_EDGE('',*,*,#3948,.F.);
#5338=ORIENTED_EDGE('',*,*,#3946,.T.);
#5339=ORIENTED_EDGE('',*,*,#3830,.F.);
#5340=ORIENTED_EDGE('',*,*,#3949,.F.);
#5341=ORIENTED_EDGE('',*,*,#3908,.T.);
#5342=ORIENTED_EDGE('',*,*,#3907,.T.);
#5343=ORIENTED_EDGE('',*,*,#3886,.F.);
#5344=ORIENTED_EDGE('',*,*,#3947,.T.);
#5345=ORIENTED_EDGE('',*,*,#3948,.T.);
#5346=ORIENTED_EDGE('',*,*,#3756,.T.);
#5347=ORIENTED_EDGE('',*,*,#3950,.T.);
#5348=ORIENTED_EDGE('',*,*,#3575,.T.);
#5349=ORIENTED_EDGE('',*,*,#3951,.T.);
#5350=ORIENTED_EDGE('',*,*,#3952,.F.);
#5351=ORIENTED_EDGE('',*,*,#3750,.T.);
#5352=ORIENTED_EDGE('',*,*,#3949,.T.);
#5353=ORIENTED_EDGE('',*,*,#3829,.T.);
#5354=ORIENTED_EDGE('',*,*,#3823,.F.);
#5355=ORIENTED_EDGE('',*,*,#3751,.T.);
#5356=ORIENTED_EDGE('',*,*,#3952,.T.);
#5357=ORIENTED_EDGE('',*,*,#3953,.T.);
#5358=ORIENTED_EDGE('',*,*,#3825,.T.);
#5359=ORIENTED_EDGE('',*,*,#3944,.T.);
#5360=ORIENTED_EDGE('',*,*,#3820,.T.);
#5361=ORIENTED_EDGE('',*,*,#3624,.T.);
#5362=ORIENTED_EDGE('',*,*,#3954,.F.);
#5363=ORIENTED_EDGE('',*,*,#3955,.F.);
#5364=ORIENTED_EDGE('',*,*,#3876,.T.);
#5365=ORIENTED_EDGE('',*,*,#3845,.T.);
#5366=ORIENTED_EDGE('',*,*,#3818,.F.);
#5367=ORIENTED_EDGE('',*,*,#3822,.F.);
#5368=ORIENTED_EDGE('',*,*,#3943,.F.);
#5369=ORIENTED_EDGE('',*,*,#3884,.F.);
#5370=ORIENTED_EDGE('',*,*,#3950,.F.);
#5371=ORIENTED_EDGE('',*,*,#3828,.F.);
#5372=ORIENTED_EDGE('',*,*,#3855,.T.);
#5373=ORIENTED_EDGE('',*,*,#3956,.F.);
#5374=ORIENTED_EDGE('',*,*,#3957,.F.);
#5375=ORIENTED_EDGE('',*,*,#3614,.T.);
#5376=ORIENTED_EDGE('',*,*,#3576,.F.);
#5377=ORIENTED_EDGE('',*,*,#3953,.F.);
#5378=ORIENTED_EDGE('',*,*,#3951,.F.);
#5379=ORIENTED_EDGE('',*,*,#3574,.F.);
#5380=ORIENTED_EDGE('',*,*,#3826,.F.);
#5381=ORIENTED_EDGE('',*,*,#3777,.T.);
#5382=ORIENTED_EDGE('',*,*,#3958,.T.);
#5383=ORIENTED_EDGE('',*,*,#3959,.T.);
#5384=ORIENTED_EDGE('',*,*,#3960,.T.);
#5385=ORIENTED_EDGE('',*,*,#3776,.T.);
#5386=ORIENTED_EDGE('',*,*,#3961,.F.);
#5387=ORIENTED_EDGE('',*,*,#3962,.F.);
#5388=ORIENTED_EDGE('',*,*,#3958,.F.);
#5389=ORIENTED_EDGE('',*,*,#3775,.T.);
#5390=ORIENTED_EDGE('',*,*,#3790,.T.);
#5391=ORIENTED_EDGE('',*,*,#3963,.T.);
#5392=ORIENTED_EDGE('',*,*,#3961,.T.);
#5393=ORIENTED_EDGE('',*,*,#3781,.T.);
#5394=ORIENTED_EDGE('',*,*,#3964,.T.);
#5395=ORIENTED_EDGE('',*,*,#3965,.T.);
#5396=ORIENTED_EDGE('',*,*,#3966,.F.);
#5397=ORIENTED_EDGE('',*,*,#3618,.T.);
#5398=ORIENTED_EDGE('',*,*,#3779,.T.);
#5399=ORIENTED_EDGE('',*,*,#3967,.T.);
#5400=ORIENTED_EDGE('',*,*,#3968,.T.);
#5401=ORIENTED_EDGE('',*,*,#3622,.T.);
#5402=ORIENTED_EDGE('',*,*,#3969,.F.);
#5403=ORIENTED_EDGE('',*,*,#3852,.F.);
#5404=ORIENTED_EDGE('',*,*,#3970,.F.);
#5405=ORIENTED_EDGE('',*,*,#3971,.F.);
#5406=ORIENTED_EDGE('',*,*,#3972,.F.);
#5407=ORIENTED_EDGE('',*,*,#3973,.F.);
#5408=ORIENTED_EDGE('',*,*,#3974,.F.);
#5409=ORIENTED_EDGE('',*,*,#3975,.F.);
#5410=ORIENTED_EDGE('',*,*,#3971,.T.);
#5411=ORIENTED_EDGE('',*,*,#3976,.F.);
#5412=ORIENTED_EDGE('',*,*,#3977,.F.);
#5413=ORIENTED_EDGE('',*,*,#3978,.F.);
#5414=ORIENTED_EDGE('',*,*,#3970,.T.);
#5415=ORIENTED_EDGE('',*,*,#3851,.T.);
#5416=ORIENTED_EDGE('',*,*,#3979,.T.);
#5417=ORIENTED_EDGE('',*,*,#3976,.T.);
#5418=ORIENTED_EDGE('',*,*,#3969,.T.);
#5419=ORIENTED_EDGE('',*,*,#3980,.T.);
#5420=ORIENTED_EDGE('',*,*,#3981,.T.);
#5421=ORIENTED_EDGE('',*,*,#3853,.T.);
#5422=ORIENTED_EDGE('',*,*,#3982,.F.);
#5423=ORIENTED_EDGE('',*,*,#3879,.F.);
#5424=ORIENTED_EDGE('',*,*,#3983,.F.);
#5425=ORIENTED_EDGE('',*,*,#3984,.F.);
#5426=ORIENTED_EDGE('',*,*,#3985,.F.);
#5427=ORIENTED_EDGE('',*,*,#3986,.F.);
#5428=ORIENTED_EDGE('',*,*,#3987,.F.);
#5429=ORIENTED_EDGE('',*,*,#3988,.F.);
#5430=ORIENTED_EDGE('',*,*,#3984,.T.);
#5431=ORIENTED_EDGE('',*,*,#3989,.F.);
#5432=ORIENTED_EDGE('',*,*,#3990,.F.);
#5433=ORIENTED_EDGE('',*,*,#3991,.F.);
#5434=ORIENTED_EDGE('',*,*,#3983,.T.);
#5435=ORIENTED_EDGE('',*,*,#3878,.T.);
#5436=ORIENTED_EDGE('',*,*,#3992,.T.);
#5437=ORIENTED_EDGE('',*,*,#3989,.T.);
#5438=ORIENTED_EDGE('',*,*,#3982,.T.);
#5439=ORIENTED_EDGE('',*,*,#3993,.T.);
#5440=ORIENTED_EDGE('',*,*,#3994,.T.);
#5441=ORIENTED_EDGE('',*,*,#3880,.T.);
#5442=ORIENTED_EDGE('',*,*,#3995,.F.);
#5443=ORIENTED_EDGE('',*,*,#3996,.F.);
#5444=ORIENTED_EDGE('',*,*,#3997,.F.);
#5445=ORIENTED_EDGE('',*,*,#3998,.F.);
#5446=ORIENTED_EDGE('',*,*,#3866,.F.);
#5447=ORIENTED_EDGE('',*,*,#3999,.F.);
#5448=ORIENTED_EDGE('',*,*,#4000,.F.);
#5449=ORIENTED_EDGE('',*,*,#4001,.F.);
#5450=ORIENTED_EDGE('',*,*,#4002,.F.);
#5451=ORIENTED_EDGE('',*,*,#4003,.F.);
#5452=ORIENTED_EDGE('',*,*,#3862,.F.);
#5453=ORIENTED_EDGE('',*,*,#3875,.F.);
#5454=ORIENTED_EDGE('',*,*,#3872,.F.);
#5455=ORIENTED_EDGE('',*,*,#3883,.F.);
#5456=ORIENTED_EDGE('',*,*,#4004,.F.);
#5457=ORIENTED_EDGE('',*,*,#4005,.F.);
#5458=ORIENTED_EDGE('',*,*,#4006,.F.);
#5459=ORIENTED_EDGE('',*,*,#3848,.F.);
#5460=ORIENTED_EDGE('',*,*,#3860,.F.);
#5461=ORIENTED_EDGE('',*,*,#3857,.F.);
#5462=ORIENTED_EDGE('',*,*,#3870,.F.);
#5463=ORIENTED_EDGE('',*,*,#4007,.F.);
#5464=ORIENTED_EDGE('',*,*,#3995,.T.);
#5465=ORIENTED_EDGE('',*,*,#4008,.F.);
#5466=ORIENTED_EDGE('',*,*,#4009,.F.);
#5467=ORIENTED_EDGE('',*,*,#4010,.F.);
#5468=ORIENTED_EDGE('',*,*,#4001,.T.);
#5469=ORIENTED_EDGE('',*,*,#4011,.T.);
#5470=ORIENTED_EDGE('',*,*,#4012,.T.);
#5471=ORIENTED_EDGE('',*,*,#4008,.T.);
#5472=ORIENTED_EDGE('',*,*,#4000,.T.);
#5473=ORIENTED_EDGE('',*,*,#4013,.F.);
#5474=ORIENTED_EDGE('',*,*,#4014,.F.);
#5475=ORIENTED_EDGE('',*,*,#4011,.F.);
#5476=ORIENTED_EDGE('',*,*,#3999,.T.);
#5477=ORIENTED_EDGE('',*,*,#3865,.T.);
#5478=ORIENTED_EDGE('',*,*,#4015,.F.);
#5479=ORIENTED_EDGE('',*,*,#4016,.T.);
#5480=ORIENTED_EDGE('',*,*,#4013,.T.);
#5481=ORIENTED_EDGE('',*,*,#4005,.T.);
#5482=ORIENTED_EDGE('',*,*,#4017,.T.);
#5483=ORIENTED_EDGE('',*,*,#4018,.T.);
#5484=ORIENTED_EDGE('',*,*,#4019,.T.);
#5485=ORIENTED_EDGE('',*,*,#4007,.T.);
#5486=ORIENTED_EDGE('',*,*,#3869,.F.);
#5487=ORIENTED_EDGE('',*,*,#4020,.F.);
#5488=ORIENTED_EDGE('',*,*,#4021,.F.);
#5489=ORIENTED_EDGE('',*,*,#4017,.F.);
#5490=ORIENTED_EDGE('',*,*,#4002,.T.);
#5491=ORIENTED_EDGE('',*,*,#4022,.T.);
#5492=ORIENTED_EDGE('',*,*,#4023,.T.);
#5493=ORIENTED_EDGE('',*,*,#4024,.T.);
#5494=ORIENTED_EDGE('',*,*,#4004,.T.);
#5495=ORIENTED_EDGE('',*,*,#3882,.F.);
#5496=ORIENTED_EDGE('',*,*,#4025,.F.);
#5497=ORIENTED_EDGE('',*,*,#4026,.F.);
#5498=ORIENTED_EDGE('',*,*,#4022,.F.);
#5499=ORIENTED_EDGE('',*,*,#4027,.F.);
#5500=ORIENTED_EDGE('',*,*,#4028,.F.);
#5501=ORIENTED_EDGE('',*,*,#4029,.F.);
#5502=ORIENTED_EDGE('',*,*,#4030,.F.);
#5503=ORIENTED_EDGE('',*,*,#4031,.F.);
#5504=ORIENTED_EDGE('',*,*,#4032,.F.);
#5505=ORIENTED_EDGE('',*,*,#3874,.F.);
#5506=ORIENTED_EDGE('',*,*,#4033,.F.);
#5507=ORIENTED_EDGE('',*,*,#4034,.F.);
#5508=ORIENTED_EDGE('',*,*,#4035,.F.);
#5509=ORIENTED_EDGE('',*,*,#4036,.F.);
#5510=ORIENTED_EDGE('',*,*,#4037,.F.);
#5511=ORIENTED_EDGE('',*,*,#4038,.F.);
#5512=ORIENTED_EDGE('',*,*,#3859,.F.);
#5513=ORIENTED_EDGE('',*,*,#4039,.T.);
#5514=ORIENTED_EDGE('',*,*,#4032,.T.);
#5515=ORIENTED_EDGE('',*,*,#4040,.F.);
#5516=ORIENTED_EDGE('',*,*,#3931,.F.);
#5517=ORIENTED_EDGE('',*,*,#4040,.T.);
#5518=ORIENTED_EDGE('',*,*,#4031,.T.);
#5519=ORIENTED_EDGE('',*,*,#4041,.F.);
#5520=ORIENTED_EDGE('',*,*,#3932,.F.);
#5521=ORIENTED_EDGE('',*,*,#4042,.F.);
#5522=ORIENTED_EDGE('',*,*,#3935,.F.);
#5523=ORIENTED_EDGE('',*,*,#4043,.F.);
#5524=ORIENTED_EDGE('',*,*,#4037,.T.);
#5525=ORIENTED_EDGE('',*,*,#4044,.F.);
#5526=ORIENTED_EDGE('',*,*,#3936,.F.);
#5527=ORIENTED_EDGE('',*,*,#4042,.T.);
#5528=ORIENTED_EDGE('',*,*,#4036,.T.);
#5529=ORIENTED_EDGE('',*,*,#3930,.F.);
#5530=ORIENTED_EDGE('',*,*,#4045,.T.);
#5531=ORIENTED_EDGE('',*,*,#4027,.T.);
#5532=ORIENTED_EDGE('',*,*,#4039,.F.);
#5533=ORIENTED_EDGE('',*,*,#3934,.F.);
#5534=ORIENTED_EDGE('',*,*,#4046,.T.);
#5535=ORIENTED_EDGE('',*,*,#4038,.T.);
#5536=ORIENTED_EDGE('',*,*,#4043,.T.);
#5537=ORIENTED_EDGE('',*,*,#4046,.F.);
#5538=ORIENTED_EDGE('',*,*,#3939,.F.);
#5539=ORIENTED_EDGE('',*,*,#4047,.T.);
#5540=ORIENTED_EDGE('',*,*,#4033,.T.);
#5541=ORIENTED_EDGE('',*,*,#4006,.T.);
#5542=ORIENTED_EDGE('',*,*,#4019,.F.);
#5543=ORIENTED_EDGE('',*,*,#4048,.F.);
#5544=ORIENTED_EDGE('',*,*,#4049,.F.);
#5545=ORIENTED_EDGE('',*,*,#3849,.F.);
#5546=ORIENTED_EDGE('',*,*,#4049,.T.);
#5547=ORIENTED_EDGE('',*,*,#4050,.T.);
#5548=ORIENTED_EDGE('',*,*,#4051,.T.);
#5549=ORIENTED_EDGE('',*,*,#3850,.T.);
#5550=ORIENTED_EDGE('',*,*,#4048,.T.);
#5551=ORIENTED_EDGE('',*,*,#4018,.F.);
#5552=ORIENTED_EDGE('',*,*,#4021,.T.);
#5553=ORIENTED_EDGE('',*,*,#4052,.F.);
#5554=ORIENTED_EDGE('',*,*,#4053,.F.);
#5555=ORIENTED_EDGE('',*,*,#4054,.F.);
#5556=ORIENTED_EDGE('',*,*,#4055,.F.);
#5557=ORIENTED_EDGE('',*,*,#4056,.F.);
#5558=ORIENTED_EDGE('',*,*,#4057,.T.);
#5559=ORIENTED_EDGE('',*,*,#4023,.F.);
#5560=ORIENTED_EDGE('',*,*,#4026,.T.);
#5561=ORIENTED_EDGE('',*,*,#4058,.F.);
#5562=ORIENTED_EDGE('',*,*,#4059,.F.);
#5563=ORIENTED_EDGE('',*,*,#4060,.F.);
#5564=ORIENTED_EDGE('',*,*,#4061,.F.);
#5565=ORIENTED_EDGE('',*,*,#4062,.F.);
#5566=ORIENTED_EDGE('',*,*,#4063,.F.);
#5567=ORIENTED_EDGE('',*,*,#4064,.F.);
#5568=ORIENTED_EDGE('',*,*,#4065,.F.);
#5569=ORIENTED_EDGE('',*,*,#4066,.F.);
#5570=ORIENTED_EDGE('',*,*,#4067,.F.);
#5571=ORIENTED_EDGE('',*,*,#4068,.F.);
#5572=ORIENTED_EDGE('',*,*,#4069,.F.);
#5573=ORIENTED_EDGE('',*,*,#4070,.F.);
#5574=ORIENTED_EDGE('',*,*,#4071,.F.);
#5575=ORIENTED_EDGE('',*,*,#4072,.F.);
#5576=ORIENTED_EDGE('',*,*,#4073,.F.);
#5577=ORIENTED_EDGE('',*,*,#4074,.F.);
#5578=ORIENTED_EDGE('',*,*,#4075,.F.);
#5579=ORIENTED_EDGE('',*,*,#4050,.F.);
#5580=ORIENTED_EDGE('',*,*,#4003,.T.);
#5581=ORIENTED_EDGE('',*,*,#4024,.F.);
#5582=ORIENTED_EDGE('',*,*,#4057,.F.);
#5583=ORIENTED_EDGE('',*,*,#4076,.F.);
#5584=ORIENTED_EDGE('',*,*,#3863,.F.);
#5585=ORIENTED_EDGE('',*,*,#4076,.T.);
#5586=ORIENTED_EDGE('',*,*,#4056,.T.);
#5587=ORIENTED_EDGE('',*,*,#4077,.T.);
#5588=ORIENTED_EDGE('',*,*,#4015,.T.);
#5589=ORIENTED_EDGE('',*,*,#3864,.T.);
#5590=ORIENTED_EDGE('',*,*,#3998,.T.);
#5591=ORIENTED_EDGE('',*,*,#4078,.T.);
#5592=ORIENTED_EDGE('',*,*,#4079,.T.);
#5593=ORIENTED_EDGE('',*,*,#4080,.T.);
#5594=ORIENTED_EDGE('',*,*,#3867,.T.);
#5595=ORIENTED_EDGE('',*,*,#4081,.T.);
#5596=ORIENTED_EDGE('',*,*,#4034,.T.);
#5597=ORIENTED_EDGE('',*,*,#4047,.F.);
#5598=ORIENTED_EDGE('',*,*,#3938,.F.);
#5599=ORIENTED_EDGE('',*,*,#4081,.F.);
#5600=ORIENTED_EDGE('',*,*,#3937,.F.);
#5601=ORIENTED_EDGE('',*,*,#4044,.T.);
#5602=ORIENTED_EDGE('',*,*,#4035,.T.);
#5603=ORIENTED_EDGE('',*,*,#4082,.F.);
#5604=ORIENTED_EDGE('',*,*,#3933,.F.);
#5605=ORIENTED_EDGE('',*,*,#4041,.T.);
#5606=ORIENTED_EDGE('',*,*,#4030,.T.);
#5607=ORIENTED_EDGE('',*,*,#4083,.T.);
#5608=ORIENTED_EDGE('',*,*,#3928,.F.);
#5609=ORIENTED_EDGE('',*,*,#4082,.T.);
#5610=ORIENTED_EDGE('',*,*,#4029,.T.);
#5611=ORIENTED_EDGE('',*,*,#4083,.F.);
#5612=ORIENTED_EDGE('',*,*,#4028,.T.);
#5613=ORIENTED_EDGE('',*,*,#4045,.F.);
#5614=ORIENTED_EDGE('',*,*,#3929,.F.);
#5615=ORIENTED_EDGE('',*,*,#3955,.T.);
#5616=ORIENTED_EDGE('',*,*,#4084,.F.);
#5617=ORIENTED_EDGE('',*,*,#4062,.T.);
#5618=ORIENTED_EDGE('',*,*,#4085,.T.);
#5619=ORIENTED_EDGE('',*,*,#3877,.T.);
#5620=ORIENTED_EDGE('',*,*,#3954,.T.);
#5621=ORIENTED_EDGE('',*,*,#3623,.T.);
#5622=ORIENTED_EDGE('',*,*,#4086,.T.);
#5623=ORIENTED_EDGE('',*,*,#4063,.T.);
#5624=ORIENTED_EDGE('',*,*,#4084,.T.);
#5625=ORIENTED_EDGE('',*,*,#3956,.T.);
#5626=ORIENTED_EDGE('',*,*,#3854,.T.);
#5627=ORIENTED_EDGE('',*,*,#4087,.T.);
#5628=ORIENTED_EDGE('',*,*,#4072,.T.);
#5629=ORIENTED_EDGE('',*,*,#4088,.T.);
#5630=ORIENTED_EDGE('',*,*,#3957,.T.);
#5631=ORIENTED_EDGE('',*,*,#4088,.F.);
#5632=ORIENTED_EDGE('',*,*,#4071,.T.);
#5633=ORIENTED_EDGE('',*,*,#4089,.T.);
#5634=ORIENTED_EDGE('',*,*,#3615,.T.);
#5635=ORIENTED_EDGE('',*,*,#3965,.F.);
#5636=ORIENTED_EDGE('',*,*,#4090,.T.);
#5637=ORIENTED_EDGE('',*,*,#4091,.T.);
#5638=ORIENTED_EDGE('',*,*,#4068,.T.);
#5639=ORIENTED_EDGE('',*,*,#4092,.F.);
#5640=ORIENTED_EDGE('',*,*,#4093,.T.);
#5641=ORIENTED_EDGE('',*,*,#4070,.T.);
#5642=ORIENTED_EDGE('',*,*,#4094,.T.);
#5643=ORIENTED_EDGE('',*,*,#3798,.T.);
#5644=ORIENTED_EDGE('',*,*,#3799,.F.);
#5645=ORIENTED_EDGE('',*,*,#4089,.F.);
#5646=ORIENTED_EDGE('',*,*,#4093,.F.);
#5647=ORIENTED_EDGE('',*,*,#3796,.F.);
#5648=ORIENTED_EDGE('',*,*,#4094,.F.);
#5649=ORIENTED_EDGE('',*,*,#4095,.F.);
#5650=ORIENTED_EDGE('',*,*,#3786,.T.);
#5651=ORIENTED_EDGE('',*,*,#3794,.T.);
#5652=ORIENTED_EDGE('',*,*,#4096,.T.);
#5653=ORIENTED_EDGE('',*,*,#4097,.T.);
#5654=ORIENTED_EDGE('',*,*,#4095,.T.);
#5655=ORIENTED_EDGE('',*,*,#4069,.T.);
#5656=ORIENTED_EDGE('',*,*,#4098,.T.);
#5657=ORIENTED_EDGE('',*,*,#3793,.T.);
#5658=ORIENTED_EDGE('',*,*,#4098,.F.);
#5659=ORIENTED_EDGE('',*,*,#4091,.F.);
#5660=ORIENTED_EDGE('',*,*,#4096,.F.);
#5661=ORIENTED_EDGE('',*,*,#3966,.T.);
#5662=ORIENTED_EDGE('',*,*,#4092,.T.);
#5663=ORIENTED_EDGE('',*,*,#4067,.T.);
#5664=ORIENTED_EDGE('',*,*,#4099,.T.);
#5665=ORIENTED_EDGE('',*,*,#3619,.T.);
#5666=ORIENTED_EDGE('',*,*,#4087,.F.);
#5667=ORIENTED_EDGE('',*,*,#3981,.F.);
#5668=ORIENTED_EDGE('',*,*,#4100,.F.);
#5669=ORIENTED_EDGE('',*,*,#4101,.F.);
#5670=ORIENTED_EDGE('',*,*,#4102,.F.);
#5671=ORIENTED_EDGE('',*,*,#4103,.F.);
#5672=ORIENTED_EDGE('',*,*,#4102,.T.);
#5673=ORIENTED_EDGE('',*,*,#4073,.T.);
#5674=ORIENTED_EDGE('',*,*,#4100,.T.);
#5675=ORIENTED_EDGE('',*,*,#4104,.T.);
#5676=ORIENTED_EDGE('',*,*,#3974,.T.);
#5677=ORIENTED_EDGE('',*,*,#4105,.T.);
#5678=ORIENTED_EDGE('',*,*,#4103,.T.);
#5679=ORIENTED_EDGE('',*,*,#4106,.T.);
#5680=ORIENTED_EDGE('',*,*,#4107,.F.);
#5681=ORIENTED_EDGE('',*,*,#4108,.F.);
#5682=ORIENTED_EDGE('',*,*,#4109,.F.);
#5683=ORIENTED_EDGE('',*,*,#4108,.T.);
#5684=ORIENTED_EDGE('',*,*,#4074,.T.);
#5685=ORIENTED_EDGE('',*,*,#4101,.T.);
#5686=ORIENTED_EDGE('',*,*,#4110,.T.);
#5687=ORIENTED_EDGE('',*,*,#3972,.T.);
#5688=ORIENTED_EDGE('',*,*,#3978,.T.);
#5689=ORIENTED_EDGE('',*,*,#4109,.T.);
#5690=ORIENTED_EDGE('',*,*,#4111,.T.);
#5691=ORIENTED_EDGE('',*,*,#3979,.F.);
#5692=ORIENTED_EDGE('',*,*,#4051,.F.);
#5693=ORIENTED_EDGE('',*,*,#4112,.F.);
#5694=ORIENTED_EDGE('',*,*,#4112,.T.);
#5695=ORIENTED_EDGE('',*,*,#4075,.T.);
#5696=ORIENTED_EDGE('',*,*,#4107,.T.);
#5697=ORIENTED_EDGE('',*,*,#3977,.T.);
#5698=ORIENTED_EDGE('',*,*,#3975,.T.);
#5699=ORIENTED_EDGE('',*,*,#4106,.F.);
#5700=ORIENTED_EDGE('',*,*,#4104,.F.);
#5701=ORIENTED_EDGE('',*,*,#3980,.F.);
#5702=ORIENTED_EDGE('',*,*,#4113,.F.);
#5703=ORIENTED_EDGE('',*,*,#4114,.F.);
#5704=ORIENTED_EDGE('',*,*,#4115,.F.);
#5705=ORIENTED_EDGE('',*,*,#4116,.F.);
#5706=ORIENTED_EDGE('',*,*,#4117,.F.);
#5707=ORIENTED_EDGE('',*,*,#4012,.F.);
#5708=ORIENTED_EDGE('',*,*,#4114,.T.);
#5709=ORIENTED_EDGE('',*,*,#4009,.T.);
#5710=ORIENTED_EDGE('',*,*,#4117,.T.);
#5711=ORIENTED_EDGE('',*,*,#4054,.T.);
#5712=ORIENTED_EDGE('',*,*,#4077,.F.);
#5713=ORIENTED_EDGE('',*,*,#4055,.T.);
#5714=ORIENTED_EDGE('',*,*,#4116,.T.);
#5715=ORIENTED_EDGE('',*,*,#4014,.T.);
#5716=ORIENTED_EDGE('',*,*,#4016,.F.);
#5717=ORIENTED_EDGE('',*,*,#4079,.F.);
#5718=ORIENTED_EDGE('',*,*,#4118,.T.);
#5719=ORIENTED_EDGE('',*,*,#4115,.T.);
#5720=ORIENTED_EDGE('',*,*,#4053,.T.);
#5721=ORIENTED_EDGE('',*,*,#4119,.F.);
#5722=ORIENTED_EDGE('',*,*,#3996,.T.);
#5723=ORIENTED_EDGE('',*,*,#4010,.T.);
#5724=ORIENTED_EDGE('',*,*,#4113,.T.);
#5725=ORIENTED_EDGE('',*,*,#4120,.T.);
#5726=ORIENTED_EDGE('',*,*,#3997,.T.);
#5727=ORIENTED_EDGE('',*,*,#4120,.F.);
#5728=ORIENTED_EDGE('',*,*,#4118,.F.);
#5729=ORIENTED_EDGE('',*,*,#4078,.F.);
#5730=ORIENTED_EDGE('',*,*,#4020,.T.);
#5731=ORIENTED_EDGE('',*,*,#3868,.T.);
#5732=ORIENTED_EDGE('',*,*,#4080,.F.);
#5733=ORIENTED_EDGE('',*,*,#4119,.T.);
#5734=ORIENTED_EDGE('',*,*,#4052,.T.);
#5735=ORIENTED_EDGE('',*,*,#3994,.F.);
#5736=ORIENTED_EDGE('',*,*,#4121,.F.);
#5737=ORIENTED_EDGE('',*,*,#4122,.F.);
#5738=ORIENTED_EDGE('',*,*,#4099,.F.);
#5739=ORIENTED_EDGE('',*,*,#4123,.F.);
#5740=ORIENTED_EDGE('',*,*,#3791,.F.);
#5741=ORIENTED_EDGE('',*,*,#4124,.F.);
#5742=ORIENTED_EDGE('',*,*,#4125,.F.);
#5743=ORIENTED_EDGE('',*,*,#4126,.F.);
#5744=ORIENTED_EDGE('',*,*,#4125,.T.);
#5745=ORIENTED_EDGE('',*,*,#4059,.T.);
#5746=ORIENTED_EDGE('',*,*,#4121,.T.);
#5747=ORIENTED_EDGE('',*,*,#4127,.T.);
#5748=ORIENTED_EDGE('',*,*,#3987,.T.);
#5749=ORIENTED_EDGE('',*,*,#4128,.T.);
#5750=ORIENTED_EDGE('',*,*,#4126,.T.);
#5751=ORIENTED_EDGE('',*,*,#4129,.T.);
#5752=ORIENTED_EDGE('',*,*,#3963,.F.);
#5753=ORIENTED_EDGE('',*,*,#4130,.F.);
#5754=ORIENTED_EDGE('',*,*,#4131,.F.);
#5755=ORIENTED_EDGE('',*,*,#4123,.T.);
#5756=ORIENTED_EDGE('',*,*,#4066,.T.);
#5757=ORIENTED_EDGE('',*,*,#4130,.T.);
#5758=ORIENTED_EDGE('',*,*,#3789,.T.);
#5759=ORIENTED_EDGE('',*,*,#4132,.F.);
#5760=ORIENTED_EDGE('',*,*,#4133,.F.);
#5761=ORIENTED_EDGE('',*,*,#4134,.F.);
#5762=ORIENTED_EDGE('',*,*,#4133,.T.);
#5763=ORIENTED_EDGE('',*,*,#4060,.T.);
#5764=ORIENTED_EDGE('',*,*,#4124,.T.);
#5765=ORIENTED_EDGE('',*,*,#4135,.T.);
#5766=ORIENTED_EDGE('',*,*,#3985,.T.);
#5767=ORIENTED_EDGE('',*,*,#3991,.T.);
#5768=ORIENTED_EDGE('',*,*,#4134,.T.);
#5769=ORIENTED_EDGE('',*,*,#4136,.T.);
#5770=ORIENTED_EDGE('',*,*,#3959,.F.);
#5771=ORIENTED_EDGE('',*,*,#4137,.F.);
#5772=ORIENTED_EDGE('',*,*,#4138,.F.);
#5773=ORIENTED_EDGE('',*,*,#4131,.T.);
#5774=ORIENTED_EDGE('',*,*,#4065,.T.);
#5775=ORIENTED_EDGE('',*,*,#4137,.T.);
#5776=ORIENTED_EDGE('',*,*,#3962,.T.);
#5777=ORIENTED_EDGE('',*,*,#4085,.F.);
#5778=ORIENTED_EDGE('',*,*,#4139,.F.);
#5779=ORIENTED_EDGE('',*,*,#3992,.F.);
#5780=ORIENTED_EDGE('',*,*,#4139,.T.);
#5781=ORIENTED_EDGE('',*,*,#4061,.T.);
#5782=ORIENTED_EDGE('',*,*,#4132,.T.);
#5783=ORIENTED_EDGE('',*,*,#3990,.T.);
#5784=ORIENTED_EDGE('',*,*,#3968,.F.);
#5785=ORIENTED_EDGE('',*,*,#4140,.F.);
#5786=ORIENTED_EDGE('',*,*,#4086,.F.);
#5787=ORIENTED_EDGE('',*,*,#4138,.T.);
#5788=ORIENTED_EDGE('',*,*,#4064,.T.);
#5789=ORIENTED_EDGE('',*,*,#4140,.T.);
#5790=ORIENTED_EDGE('',*,*,#4141,.T.);
#5791=ORIENTED_EDGE('',*,*,#4025,.T.);
#5792=ORIENTED_EDGE('',*,*,#3881,.T.);
#5793=ORIENTED_EDGE('',*,*,#4122,.T.);
#5794=ORIENTED_EDGE('',*,*,#4058,.T.);
#5795=ORIENTED_EDGE('',*,*,#3988,.T.);
#5796=ORIENTED_EDGE('',*,*,#4129,.F.);
#5797=ORIENTED_EDGE('',*,*,#4127,.F.);
#5798=ORIENTED_EDGE('',*,*,#3993,.F.);
#5799=ORIENTED_EDGE('',*,*,#3778,.T.);
#5800=ORIENTED_EDGE('',*,*,#3960,.F.);
#5801=ORIENTED_EDGE('',*,*,#4141,.F.);
#5802=ORIENTED_EDGE('',*,*,#3967,.F.);
#5803=ORIENTED_EDGE('',*,*,#3498,.T.);
#5804=ORIENTED_EDGE('',*,*,#3801,.T.);
#5805=ORIENTED_EDGE('',*,*,#3544,.F.);
#5806=ORIENTED_EDGE('',*,*,#4142,.T.);
#5807=ORIENTED_EDGE('',*,*,#3495,.T.);
#5808=ORIENTED_EDGE('',*,*,#4142,.F.);
#5809=ORIENTED_EDGE('',*,*,#3547,.F.);
#5810=ORIENTED_EDGE('',*,*,#3802,.T.);
#5811=ORIENTED_EDGE('',*,*,#3507,.T.);
#5812=ORIENTED_EDGE('',*,*,#4143,.T.);
#5813=ORIENTED_EDGE('',*,*,#3548,.F.);
#5814=ORIENTED_EDGE('',*,*,#3811,.T.);
#5815=ORIENTED_EDGE('',*,*,#3510,.T.);
#5816=ORIENTED_EDGE('',*,*,#3810,.F.);
#5817=ORIENTED_EDGE('',*,*,#3549,.F.);
#5818=ORIENTED_EDGE('',*,*,#4143,.F.);
#5819=ORIENTED_EDGE('',*,*,#3506,.T.);
#5820=ORIENTED_EDGE('',*,*,#3807,.T.);
#5821=ORIENTED_EDGE('',*,*,#3552,.F.);
#5822=ORIENTED_EDGE('',*,*,#4144,.T.);
#5823=ORIENTED_EDGE('',*,*,#3503,.T.);
#5824=ORIENTED_EDGE('',*,*,#4144,.F.);
#5825=ORIENTED_EDGE('',*,*,#3555,.F.);
#5826=ORIENTED_EDGE('',*,*,#3808,.T.);
#5827=ORIENTED_EDGE('',*,*,#3511,.T.);
#5828=ORIENTED_EDGE('',*,*,#4145,.T.);
#5829=ORIENTED_EDGE('',*,*,#3556,.F.);
#5830=ORIENTED_EDGE('',*,*,#3814,.T.);
#5831=ORIENTED_EDGE('',*,*,#3514,.T.);
#5832=ORIENTED_EDGE('',*,*,#3813,.F.);
#5833=ORIENTED_EDGE('',*,*,#3557,.F.);
#5834=ORIENTED_EDGE('',*,*,#4145,.F.);
#5835=ORIENTED_EDGE('',*,*,#3502,.T.);
#5836=ORIENTED_EDGE('',*,*,#3804,.F.);
#5837=ORIENTED_EDGE('',*,*,#3562,.F.);
#5838=ORIENTED_EDGE('',*,*,#4146,.T.);
#5839=ORIENTED_EDGE('',*,*,#3499,.T.);
#5840=ORIENTED_EDGE('',*,*,#4146,.F.);
#5841=ORIENTED_EDGE('',*,*,#3561,.F.);
#5842=ORIENTED_EDGE('',*,*,#3805,.F.);
#5843=ORIENTED_EDGE('',*,*,#3973,.T.);
#5844=ORIENTED_EDGE('',*,*,#4111,.F.);
#5845=ORIENTED_EDGE('',*,*,#4110,.F.);
#5846=ORIENTED_EDGE('',*,*,#4105,.F.);
#5847=ORIENTED_EDGE('',*,*,#3787,.T.);
#5848=ORIENTED_EDGE('',*,*,#4097,.F.);
#5849=ORIENTED_EDGE('',*,*,#4090,.F.);
#5850=ORIENTED_EDGE('',*,*,#3964,.F.);
#5851=ORIENTED_EDGE('',*,*,#3986,.T.);
#5852=ORIENTED_EDGE('',*,*,#4136,.F.);
#5853=ORIENTED_EDGE('',*,*,#4135,.F.);
#5854=ORIENTED_EDGE('',*,*,#4128,.F.);
#5855=ORIENTED_EDGE('',*,*,#4147,.T.);
#5856=ORIENTED_EDGE('',*,*,#4148,.T.);
#5857=ORIENTED_EDGE('',*,*,#4149,.T.);
#5858=ORIENTED_EDGE('',*,*,#4148,.F.);
#5859=ORIENTED_EDGE('',*,*,#4150,.F.);
#5860=ORIENTED_EDGE('',*,*,#4151,.F.);
#5861=ORIENTED_EDGE('',*,*,#4152,.F.);
#5862=ORIENTED_EDGE('',*,*,#4153,.F.);
#5863=ORIENTED_EDGE('',*,*,#4154,.F.);
#5864=ORIENTED_EDGE('',*,*,#4155,.F.);
#5865=ORIENTED_EDGE('',*,*,#4156,.F.);
#5866=ORIENTED_EDGE('',*,*,#4157,.F.);
#5867=ORIENTED_EDGE('',*,*,#4158,.F.);
#5868=ORIENTED_EDGE('',*,*,#4159,.F.);
#5869=ORIENTED_EDGE('',*,*,#4160,.F.);
#5870=ORIENTED_EDGE('',*,*,#4161,.F.);
#5871=ORIENTED_EDGE('',*,*,#4162,.F.);
#5872=ORIENTED_EDGE('',*,*,#4163,.F.);
#5873=ORIENTED_EDGE('',*,*,#4164,.F.);
#5874=ORIENTED_EDGE('',*,*,#4165,.T.);
#5875=ORIENTED_EDGE('',*,*,#4166,.F.);
#5876=ORIENTED_EDGE('',*,*,#4167,.F.);
#5877=ORIENTED_EDGE('',*,*,#4147,.F.);
#5878=ORIENTED_EDGE('',*,*,#4149,.F.);
#5879=ORIENTED_EDGE('',*,*,#4168,.T.);
#5880=ORIENTED_EDGE('',*,*,#4169,.T.);
#5881=ORIENTED_EDGE('',*,*,#4168,.F.);
#5882=ORIENTED_EDGE('',*,*,#4167,.T.);
#5883=ORIENTED_EDGE('',*,*,#4170,.T.);
#5884=ORIENTED_EDGE('',*,*,#4171,.T.);
#5885=ORIENTED_EDGE('',*,*,#4170,.F.);
#5886=ORIENTED_EDGE('',*,*,#4171,.F.);
#5887=ORIENTED_EDGE('',*,*,#4172,.T.);
#5888=ORIENTED_EDGE('',*,*,#4173,.T.);
#5889=ORIENTED_EDGE('',*,*,#4172,.F.);
#5890=ORIENTED_EDGE('',*,*,#4174,.T.);
#5891=ORIENTED_EDGE('',*,*,#4175,.T.);
#5892=ORIENTED_EDGE('',*,*,#4176,.T.);
#5893=ORIENTED_EDGE('',*,*,#4177,.T.);
#5894=ORIENTED_EDGE('',*,*,#4178,.T.);
#5895=ORIENTED_EDGE('',*,*,#4179,.T.);
#5896=ORIENTED_EDGE('',*,*,#4180,.T.);
#5897=ORIENTED_EDGE('',*,*,#4181,.F.);
#5898=ORIENTED_EDGE('',*,*,#4182,.T.);
#5899=ORIENTED_EDGE('',*,*,#4183,.T.);
#5900=ORIENTED_EDGE('',*,*,#4177,.F.);
#5901=ORIENTED_EDGE('',*,*,#4184,.F.);
#5902=ORIENTED_EDGE('',*,*,#4174,.F.);
#5903=ORIENTED_EDGE('',*,*,#4185,.F.);
#5904=ORIENTED_EDGE('',*,*,#4186,.F.);
#5905=ORIENTED_EDGE('',*,*,#4187,.F.);
#5906=ORIENTED_EDGE('',*,*,#4188,.F.);
#5907=ORIENTED_EDGE('',*,*,#4189,.F.);
#5908=ORIENTED_EDGE('',*,*,#4190,.F.);
#5909=ORIENTED_EDGE('',*,*,#4191,.F.);
#5910=ORIENTED_EDGE('',*,*,#4192,.F.);
#5911=ORIENTED_EDGE('',*,*,#4183,.F.);
#5912=ORIENTED_EDGE('',*,*,#4193,.T.);
#5913=ORIENTED_EDGE('',*,*,#4194,.F.);
#5914=ORIENTED_EDGE('',*,*,#4185,.T.);
#5915=ORIENTED_EDGE('',*,*,#4178,.F.);
#5916=ORIENTED_EDGE('',*,*,#4195,.T.);
#5917=ORIENTED_EDGE('',*,*,#4196,.T.);
#5918=ORIENTED_EDGE('',*,*,#4197,.T.);
#5919=ORIENTED_EDGE('',*,*,#4198,.T.);
#5920=ORIENTED_EDGE('',*,*,#4196,.F.);
#5921=ORIENTED_EDGE('',*,*,#4199,.F.);
#5922=ORIENTED_EDGE('',*,*,#4200,.F.);
#5923=ORIENTED_EDGE('',*,*,#4165,.F.);
#5924=ORIENTED_EDGE('',*,*,#4195,.F.);
#5925=ORIENTED_EDGE('',*,*,#4201,.T.);
#5926=ORIENTED_EDGE('',*,*,#4202,.T.);
#5927=ORIENTED_EDGE('',*,*,#4203,.T.);
#5928=ORIENTED_EDGE('',*,*,#4164,.T.);
#5929=ORIENTED_EDGE('',*,*,#4204,.T.);
#5930=ORIENTED_EDGE('',*,*,#4205,.T.);
#5931=ORIENTED_EDGE('',*,*,#4197,.F.);
#5932=ORIENTED_EDGE('',*,*,#4204,.F.);
#5933=ORIENTED_EDGE('',*,*,#4163,.T.);
#5934=ORIENTED_EDGE('',*,*,#4206,.T.);
#5935=ORIENTED_EDGE('',*,*,#4207,.T.);
#5936=ORIENTED_EDGE('',*,*,#4206,.F.);
#5937=ORIENTED_EDGE('',*,*,#4162,.T.);
#5938=ORIENTED_EDGE('',*,*,#4208,.T.);
#5939=ORIENTED_EDGE('',*,*,#4209,.T.);
#5940=ORIENTED_EDGE('',*,*,#4208,.F.);
#5941=ORIENTED_EDGE('',*,*,#4161,.T.);
#5942=ORIENTED_EDGE('',*,*,#4210,.T.);
#5943=ORIENTED_EDGE('',*,*,#4211,.T.);
#5944=ORIENTED_EDGE('',*,*,#4210,.F.);
#5945=ORIENTED_EDGE('',*,*,#4160,.T.);
#5946=ORIENTED_EDGE('',*,*,#4212,.T.);
#5947=ORIENTED_EDGE('',*,*,#4213,.T.);
#5948=ORIENTED_EDGE('',*,*,#4212,.F.);
#5949=ORIENTED_EDGE('',*,*,#4159,.T.);
#5950=ORIENTED_EDGE('',*,*,#4214,.T.);
#5951=ORIENTED_EDGE('',*,*,#4215,.T.);
#5952=ORIENTED_EDGE('',*,*,#4214,.F.);
#5953=ORIENTED_EDGE('',*,*,#4158,.T.);
#5954=ORIENTED_EDGE('',*,*,#4216,.T.);
#5955=ORIENTED_EDGE('',*,*,#4217,.T.);
#5956=ORIENTED_EDGE('',*,*,#4216,.F.);
#5957=ORIENTED_EDGE('',*,*,#4157,.T.);
#5958=ORIENTED_EDGE('',*,*,#4218,.T.);
#5959=ORIENTED_EDGE('',*,*,#4219,.T.);
#5960=ORIENTED_EDGE('',*,*,#4218,.F.);
#5961=ORIENTED_EDGE('',*,*,#4156,.T.);
#5962=ORIENTED_EDGE('',*,*,#4220,.T.);
#5963=ORIENTED_EDGE('',*,*,#4221,.T.);
#5964=ORIENTED_EDGE('',*,*,#4220,.F.);
#5965=ORIENTED_EDGE('',*,*,#4155,.T.);
#5966=ORIENTED_EDGE('',*,*,#4222,.T.);
#5967=ORIENTED_EDGE('',*,*,#4223,.T.);
#5968=ORIENTED_EDGE('',*,*,#4222,.F.);
#5969=ORIENTED_EDGE('',*,*,#4154,.T.);
#5970=ORIENTED_EDGE('',*,*,#4224,.T.);
#5971=ORIENTED_EDGE('',*,*,#4225,.T.);
#5972=ORIENTED_EDGE('',*,*,#4224,.F.);
#5973=ORIENTED_EDGE('',*,*,#4153,.T.);
#5974=ORIENTED_EDGE('',*,*,#4226,.T.);
#5975=ORIENTED_EDGE('',*,*,#4227,.T.);
#5976=ORIENTED_EDGE('',*,*,#4226,.F.);
#5977=ORIENTED_EDGE('',*,*,#4152,.T.);
#5978=ORIENTED_EDGE('',*,*,#4228,.T.);
#5979=ORIENTED_EDGE('',*,*,#4229,.T.);
#5980=ORIENTED_EDGE('',*,*,#4228,.F.);
#5981=ORIENTED_EDGE('',*,*,#4151,.T.);
#5982=ORIENTED_EDGE('',*,*,#4230,.T.);
#5983=ORIENTED_EDGE('',*,*,#4231,.T.);
#5984=ORIENTED_EDGE('',*,*,#4184,.T.);
#5985=ORIENTED_EDGE('',*,*,#4230,.F.);
#5986=ORIENTED_EDGE('',*,*,#4150,.T.);
#5987=ORIENTED_EDGE('',*,*,#4175,.F.);
#5988=ORIENTED_EDGE('',*,*,#4232,.T.);
#5989=ORIENTED_EDGE('',*,*,#4181,.T.);
#5990=ORIENTED_EDGE('',*,*,#4233,.T.);
#5991=ORIENTED_EDGE('',*,*,#4234,.T.);
#5992=ORIENTED_EDGE('',*,*,#4235,.T.);
#5993=ORIENTED_EDGE('',*,*,#4236,.T.);
#5994=ORIENTED_EDGE('',*,*,#4202,.F.);
#5995=ORIENTED_EDGE('',*,*,#4237,.T.);
#5996=ORIENTED_EDGE('',*,*,#4238,.T.);
#5997=ORIENTED_EDGE('',*,*,#4239,.T.);
#5998=ORIENTED_EDGE('',*,*,#4235,.F.);
#5999=ORIENTED_EDGE('',*,*,#4240,.T.);
#6000=ORIENTED_EDGE('',*,*,#4241,.T.);
#6001=ORIENTED_EDGE('',*,*,#4238,.F.);
#6002=ORIENTED_EDGE('',*,*,#4242,.T.);
#6003=ORIENTED_EDGE('',*,*,#4234,.F.);
#6004=ORIENTED_EDGE('',*,*,#4232,.F.);
#6005=ORIENTED_EDGE('',*,*,#4243,.F.);
#6006=ORIENTED_EDGE('',*,*,#4244,.F.);
#6007=ORIENTED_EDGE('',*,*,#4193,.F.);
#6008=ORIENTED_EDGE('',*,*,#4182,.F.);
#6009=ORIENTED_EDGE('',*,*,#4242,.F.);
#6010=ORIENTED_EDGE('',*,*,#4245,.T.);
#6011=ORIENTED_EDGE('',*,*,#4246,.F.);
#6012=ORIENTED_EDGE('',*,*,#4247,.T.);
#6013=ORIENTED_EDGE('',*,*,#4248,.T.);
#6014=ORIENTED_EDGE('',*,*,#4243,.T.);
#6015=ORIENTED_EDGE('',*,*,#4240,.F.);
#6016=ORIENTED_EDGE('',*,*,#4249,.F.);
#6017=ORIENTED_EDGE('',*,*,#4250,.F.);
#6018=ORIENTED_EDGE('',*,*,#4251,.F.);
#6019=ORIENTED_EDGE('',*,*,#4252,.F.);
#6020=ORIENTED_EDGE('',*,*,#4253,.T.);
#6021=ORIENTED_EDGE('',*,*,#4254,.F.);
#6022=ORIENTED_EDGE('',*,*,#4255,.F.);
#6023=ORIENTED_EDGE('',*,*,#4256,.F.);
#6024=ORIENTED_EDGE('',*,*,#4257,.F.);
#6025=ORIENTED_EDGE('',*,*,#4245,.F.);
#6026=ORIENTED_EDGE('',*,*,#4237,.F.);
#6027=ORIENTED_EDGE('',*,*,#4258,.T.);
#6028=ORIENTED_EDGE('',*,*,#4259,.F.);
#6029=ORIENTED_EDGE('',*,*,#4249,.T.);
#6030=ORIENTED_EDGE('',*,*,#4205,.F.);
#6031=ORIENTED_EDGE('',*,*,#4260,.F.);
#6032=ORIENTED_EDGE('',*,*,#4261,.F.);
#6033=ORIENTED_EDGE('',*,*,#4258,.F.);
#6034=ORIENTED_EDGE('',*,*,#4201,.F.);
#6035=ORIENTED_EDGE('',*,*,#4198,.F.);
#6036=ORIENTED_EDGE('',*,*,#4262,.T.);
#6037=ORIENTED_EDGE('',*,*,#4263,.T.);
#6038=ORIENTED_EDGE('',*,*,#4264,.T.);
#6039=ORIENTED_EDGE('',*,*,#4252,.T.);
#6040=ORIENTED_EDGE('',*,*,#4265,.T.);
#6041=ORIENTED_EDGE('',*,*,#4251,.T.);
#6042=ORIENTED_EDGE('',*,*,#4266,.T.);
#6043=ORIENTED_EDGE('',*,*,#4267,.T.);
#6044=ORIENTED_EDGE('',*,*,#4268,.T.);
#6045=ORIENTED_EDGE('',*,*,#4265,.F.);
#6046=ORIENTED_EDGE('',*,*,#4262,.F.);
#6047=ORIENTED_EDGE('',*,*,#4269,.T.);
#6048=ORIENTED_EDGE('',*,*,#4270,.T.);
#6049=ORIENTED_EDGE('',*,*,#4271,.T.);
#6050=ORIENTED_EDGE('',*,*,#4268,.F.);
#6051=ORIENTED_EDGE('',*,*,#4272,.F.);
#6052=ORIENTED_EDGE('',*,*,#4273,.F.);
#6053=ORIENTED_EDGE('',*,*,#4274,.F.);
#6054=ORIENTED_EDGE('',*,*,#4275,.F.);
#6055=ORIENTED_EDGE('',*,*,#4276,.F.);
#6056=ORIENTED_EDGE('',*,*,#4277,.F.);
#6057=ORIENTED_EDGE('',*,*,#4278,.T.);
#6058=ORIENTED_EDGE('',*,*,#4269,.F.);
#6059=ORIENTED_EDGE('',*,*,#4267,.F.);
#6060=ORIENTED_EDGE('',*,*,#4279,.T.);
#6061=ORIENTED_EDGE('',*,*,#4280,.T.);
#6062=ORIENTED_EDGE('',*,*,#4281,.T.);
#6063=ORIENTED_EDGE('',*,*,#4272,.T.);
#6064=ORIENTED_EDGE('',*,*,#4282,.T.);
#6065=ORIENTED_EDGE('',*,*,#4283,.T.);
#6066=ORIENTED_EDGE('',*,*,#4257,.T.);
#6067=ORIENTED_EDGE('',*,*,#4284,.T.);
#6068=ORIENTED_EDGE('',*,*,#4285,.T.);
#6069=ORIENTED_EDGE('',*,*,#4246,.T.);
#6070=ORIENTED_EDGE('',*,*,#4283,.F.);
#6071=ORIENTED_EDGE('',*,*,#4286,.T.);
#6072=ORIENTED_EDGE('',*,*,#4287,.T.);
#6073=ORIENTED_EDGE('',*,*,#4288,.T.);
#6074=ORIENTED_EDGE('',*,*,#4284,.F.);
#6075=ORIENTED_EDGE('',*,*,#4256,.T.);
#6076=ORIENTED_EDGE('',*,*,#4289,.T.);
#6077=ORIENTED_EDGE('',*,*,#4276,.T.);
#6078=ORIENTED_EDGE('',*,*,#4290,.T.);
#6079=ORIENTED_EDGE('',*,*,#4289,.F.);
#6080=ORIENTED_EDGE('',*,*,#4255,.T.);
#6081=ORIENTED_EDGE('',*,*,#4291,.T.);
#6082=ORIENTED_EDGE('',*,*,#4254,.T.);
#6083=ORIENTED_EDGE('',*,*,#4292,.F.);
#6084=ORIENTED_EDGE('',*,*,#4293,.F.);
#6085=ORIENTED_EDGE('',*,*,#4294,.T.);
#6086=ORIENTED_EDGE('',*,*,#4291,.F.);
#6087=ORIENTED_EDGE('',*,*,#4295,.T.);
#6088=ORIENTED_EDGE('',*,*,#4296,.T.);
#6089=ORIENTED_EDGE('',*,*,#4297,.T.);
#6090=ORIENTED_EDGE('',*,*,#4298,.T.);
#6091=ORIENTED_EDGE('',*,*,#4299,.T.);
#6092=ORIENTED_EDGE('',*,*,#4300,.T.);
#6093=ORIENTED_EDGE('',*,*,#4301,.T.);
#6094=ORIENTED_EDGE('',*,*,#4302,.T.);
#6095=ORIENTED_EDGE('',*,*,#4190,.T.);
#6096=ORIENTED_EDGE('',*,*,#4303,.T.);
#6097=ORIENTED_EDGE('',*,*,#4304,.T.);
#6098=ORIENTED_EDGE('',*,*,#4303,.F.);
#6099=ORIENTED_EDGE('',*,*,#4189,.T.);
#6100=ORIENTED_EDGE('',*,*,#4305,.T.);
#6101=ORIENTED_EDGE('',*,*,#4306,.T.);
#6102=ORIENTED_EDGE('',*,*,#4305,.F.);
#6103=ORIENTED_EDGE('',*,*,#4188,.T.);
#6104=ORIENTED_EDGE('',*,*,#4307,.T.);
#6105=ORIENTED_EDGE('',*,*,#4308,.T.);
#6106=ORIENTED_EDGE('',*,*,#4307,.F.);
#6107=ORIENTED_EDGE('',*,*,#4309,.T.);
#6108=ORIENTED_EDGE('',*,*,#4310,.T.);
#6109=ORIENTED_EDGE('',*,*,#4311,.T.);
#6110=ORIENTED_EDGE('',*,*,#4312,.T.);
#6111=ORIENTED_EDGE('',*,*,#4310,.F.);
#6112=ORIENTED_EDGE('',*,*,#4313,.T.);
#6113=ORIENTED_EDGE('',*,*,#4298,.F.);
#6114=ORIENTED_EDGE('',*,*,#4296,.F.);
#6115=ORIENTED_EDGE('',*,*,#4314,.T.);
#6116=ORIENTED_EDGE('',*,*,#4285,.F.);
#6117=ORIENTED_EDGE('',*,*,#4315,.T.);
#6118=ORIENTED_EDGE('',*,*,#4314,.F.);
#6119=ORIENTED_EDGE('',*,*,#4295,.F.);
#6120=ORIENTED_EDGE('',*,*,#4316,.F.);
#6121=ORIENTED_EDGE('',*,*,#4317,.T.);
#6122=ORIENTED_EDGE('',*,*,#4247,.F.);
#6123=ORIENTED_EDGE('',*,*,#4313,.F.);
#6124=ORIENTED_EDGE('',*,*,#4309,.F.);
#6125=ORIENTED_EDGE('',*,*,#4187,.T.);
#6126=ORIENTED_EDGE('',*,*,#4318,.T.);
#6127=ORIENTED_EDGE('',*,*,#4316,.T.);
#6128=ORIENTED_EDGE('',*,*,#4299,.F.);
#6129=ORIENTED_EDGE('',*,*,#4302,.F.);
#6130=ORIENTED_EDGE('',*,*,#4319,.F.);
#6131=ORIENTED_EDGE('',*,*,#4320,.T.);
#6132=ORIENTED_EDGE('',*,*,#4321,.T.);
#6133=ORIENTED_EDGE('',*,*,#4191,.T.);
#6134=ORIENTED_EDGE('',*,*,#4301,.F.);
#6135=ORIENTED_EDGE('',*,*,#4322,.T.);
#6136=ORIENTED_EDGE('',*,*,#4323,.T.);
#6137=ORIENTED_EDGE('',*,*,#4324,.T.);
#6138=ORIENTED_EDGE('',*,*,#4319,.T.);
#6139=ORIENTED_EDGE('',*,*,#4300,.F.);
#6140=ORIENTED_EDGE('',*,*,#4325,.F.);
#6141=ORIENTED_EDGE('',*,*,#4326,.F.);
#6142=ORIENTED_EDGE('',*,*,#4322,.F.);
#6143=ORIENTED_EDGE('',*,*,#4304,.F.);
#6144=ORIENTED_EDGE('',*,*,#4327,.T.);
#6145=ORIENTED_EDGE('',*,*,#4328,.F.);
#6146=ORIENTED_EDGE('',*,*,#4325,.T.);
#6147=ORIENTED_EDGE('',*,*,#4329,.F.);
#6148=ORIENTED_EDGE('',*,*,#4330,.F.);
#6149=ORIENTED_EDGE('',*,*,#4331,.F.);
#6150=ORIENTED_EDGE('',*,*,#4332,.F.);
#6151=ORIENTED_EDGE('',*,*,#4333,.F.);
#6152=ORIENTED_EDGE('',*,*,#4334,.F.);
#6153=ORIENTED_EDGE('',*,*,#4335,.F.);
#6154=ORIENTED_EDGE('',*,*,#4336,.F.);
#6155=ORIENTED_EDGE('',*,*,#4327,.F.);
#6156=ORIENTED_EDGE('',*,*,#4306,.F.);
#6157=ORIENTED_EDGE('',*,*,#4308,.F.);
#6158=ORIENTED_EDGE('',*,*,#4337,.T.);
#6159=ORIENTED_EDGE('',*,*,#4338,.F.);
#6160=ORIENTED_EDGE('',*,*,#4339,.F.);
#6161=ORIENTED_EDGE('',*,*,#4340,.T.);
#6162=ORIENTED_EDGE('',*,*,#4341,.T.);
#6163=ORIENTED_EDGE('',*,*,#4194,.T.);
#6164=ORIENTED_EDGE('',*,*,#4244,.T.);
#6165=ORIENTED_EDGE('',*,*,#4248,.F.);
#6166=ORIENTED_EDGE('',*,*,#4317,.F.);
#6167=ORIENTED_EDGE('',*,*,#4318,.F.);
#6168=ORIENTED_EDGE('',*,*,#4186,.T.);
#6169=ORIENTED_EDGE('',*,*,#4176,.F.);
#6170=ORIENTED_EDGE('',*,*,#4166,.T.);
#6171=ORIENTED_EDGE('',*,*,#4200,.T.);
#6172=ORIENTED_EDGE('',*,*,#4342,.T.);
#6173=ORIENTED_EDGE('',*,*,#4179,.F.);
#6174=ORIENTED_EDGE('',*,*,#4180,.F.);
#6175=ORIENTED_EDGE('',*,*,#4342,.F.);
#6176=ORIENTED_EDGE('',*,*,#4199,.T.);
#6177=ORIENTED_EDGE('',*,*,#4203,.F.);
#6178=ORIENTED_EDGE('',*,*,#4236,.F.);
#6179=ORIENTED_EDGE('',*,*,#4239,.F.);
#6180=ORIENTED_EDGE('',*,*,#4241,.F.);
#6181=ORIENTED_EDGE('',*,*,#4233,.F.);
#6182=ORIENTED_EDGE('',*,*,#4213,.F.);
#6183=ORIENTED_EDGE('',*,*,#4343,.F.);
#6184=ORIENTED_EDGE('',*,*,#4329,.T.);
#6185=ORIENTED_EDGE('',*,*,#4344,.T.);
#6186=ORIENTED_EDGE('',*,*,#4345,.F.);
#6187=ORIENTED_EDGE('',*,*,#4346,.F.);
#6188=ORIENTED_EDGE('',*,*,#4223,.F.);
#6189=ORIENTED_EDGE('',*,*,#4347,.T.);
#6190=ORIENTED_EDGE('',*,*,#4348,.F.);
#6191=ORIENTED_EDGE('',*,*,#4349,.F.);
#6192=ORIENTED_EDGE('',*,*,#4350,.T.);
#6193=ORIENTED_EDGE('',*,*,#4351,.T.);
#6194=ORIENTED_EDGE('',*,*,#4217,.F.);
#6195=ORIENTED_EDGE('',*,*,#4352,.F.);
#6196=ORIENTED_EDGE('',*,*,#4331,.T.);
#6197=ORIENTED_EDGE('',*,*,#4353,.F.);
#6198=ORIENTED_EDGE('',*,*,#4207,.F.);
#6199=ORIENTED_EDGE('',*,*,#4354,.T.);
#6200=ORIENTED_EDGE('',*,*,#4355,.F.);
#6201=ORIENTED_EDGE('',*,*,#4260,.T.);
#6202=ORIENTED_EDGE('',*,*,#4211,.F.);
#6203=ORIENTED_EDGE('',*,*,#4346,.T.);
#6204=ORIENTED_EDGE('',*,*,#4356,.F.);
#6205=ORIENTED_EDGE('',*,*,#4357,.T.);
#6206=ORIENTED_EDGE('',*,*,#4215,.F.);
#6207=ORIENTED_EDGE('',*,*,#4353,.T.);
#6208=ORIENTED_EDGE('',*,*,#4330,.T.);
#6209=ORIENTED_EDGE('',*,*,#4343,.T.);
#6210=ORIENTED_EDGE('',*,*,#4219,.F.);
#6211=ORIENTED_EDGE('',*,*,#4358,.T.);
#6212=ORIENTED_EDGE('',*,*,#4332,.T.);
#6213=ORIENTED_EDGE('',*,*,#4352,.T.);
#6214=ORIENTED_EDGE('',*,*,#4221,.F.);
#6215=ORIENTED_EDGE('',*,*,#4351,.F.);
#6216=ORIENTED_EDGE('',*,*,#4359,.F.);
#6217=ORIENTED_EDGE('',*,*,#4360,.F.);
#6218=ORIENTED_EDGE('',*,*,#4361,.T.);
#6219=ORIENTED_EDGE('',*,*,#4333,.T.);
#6220=ORIENTED_EDGE('',*,*,#4358,.F.);
#6221=ORIENTED_EDGE('',*,*,#4227,.F.);
#6222=ORIENTED_EDGE('',*,*,#4362,.T.);
#6223=ORIENTED_EDGE('',*,*,#4363,.F.);
#6224=ORIENTED_EDGE('',*,*,#4364,.T.);
#6225=ORIENTED_EDGE('',*,*,#4229,.F.);
#6226=ORIENTED_EDGE('',*,*,#4365,.F.);
#6227=ORIENTED_EDGE('',*,*,#4366,.F.);
#6228=ORIENTED_EDGE('',*,*,#4362,.F.);
#6229=ORIENTED_EDGE('',*,*,#4231,.F.);
#6230=ORIENTED_EDGE('',*,*,#4192,.T.);
#6231=ORIENTED_EDGE('',*,*,#4367,.F.);
#6232=ORIENTED_EDGE('',*,*,#4365,.T.);
#6233=ORIENTED_EDGE('',*,*,#4368,.T.);
#6234=ORIENTED_EDGE('',*,*,#4369,.T.);
#6235=ORIENTED_EDGE('',*,*,#4370,.T.);
#6236=ORIENTED_EDGE('',*,*,#4371,.T.);
#6237=ORIENTED_EDGE('',*,*,#4369,.F.);
#6238=ORIENTED_EDGE('',*,*,#4372,.T.);
#6239=ORIENTED_EDGE('',*,*,#4373,.T.);
#6240=ORIENTED_EDGE('',*,*,#4374,.T.);
#6241=ORIENTED_EDGE('',*,*,#4375,.T.);
#6242=ORIENTED_EDGE('',*,*,#4323,.F.);
#6243=ORIENTED_EDGE('',*,*,#4376,.T.);
#6244=ORIENTED_EDGE('',*,*,#4373,.F.);
#6245=ORIENTED_EDGE('',*,*,#4377,.T.);
#6246=ORIENTED_EDGE('',*,*,#4378,.T.);
#6247=ORIENTED_EDGE('',*,*,#4379,.T.);
#6248=ORIENTED_EDGE('',*,*,#4371,.F.);
#6249=ORIENTED_EDGE('',*,*,#4377,.F.);
#6250=ORIENTED_EDGE('',*,*,#4380,.T.);
#6251=ORIENTED_EDGE('',*,*,#4381,.T.);
#6252=ORIENTED_EDGE('',*,*,#4382,.T.);
#6253=ORIENTED_EDGE('',*,*,#4370,.F.);
#6254=ORIENTED_EDGE('',*,*,#4383,.F.);
#6255=ORIENTED_EDGE('',*,*,#4384,.T.);
#6256=ORIENTED_EDGE('',*,*,#4360,.T.);
#6257=ORIENTED_EDGE('',*,*,#4385,.T.);
#6258=ORIENTED_EDGE('',*,*,#4380,.F.);
#6259=ORIENTED_EDGE('',*,*,#4374,.F.);
#6260=ORIENTED_EDGE('',*,*,#4386,.F.);
#6261=ORIENTED_EDGE('',*,*,#4387,.F.);
#6262=ORIENTED_EDGE('',*,*,#4388,.T.);
#6263=ORIENTED_EDGE('',*,*,#4383,.T.);
#6264=ORIENTED_EDGE('',*,*,#4376,.F.);
#6265=ORIENTED_EDGE('',*,*,#4326,.T.);
#6266=ORIENTED_EDGE('',*,*,#4389,.F.);
#6267=ORIENTED_EDGE('',*,*,#4386,.T.);
#6268=ORIENTED_EDGE('',*,*,#4390,.T.);
#6269=ORIENTED_EDGE('',*,*,#4367,.T.);
#6270=ORIENTED_EDGE('',*,*,#4321,.F.);
#6271=ORIENTED_EDGE('',*,*,#4391,.T.);
#6272=ORIENTED_EDGE('',*,*,#4392,.T.);
#6273=ORIENTED_EDGE('',*,*,#4366,.T.);
#6274=ORIENTED_EDGE('',*,*,#4390,.F.);
#6275=ORIENTED_EDGE('',*,*,#4393,.T.);
#6276=ORIENTED_EDGE('',*,*,#4394,.T.);
#6277=ORIENTED_EDGE('',*,*,#4363,.T.);
#6278=ORIENTED_EDGE('',*,*,#4392,.F.);
#6279=ORIENTED_EDGE('',*,*,#4395,.T.);
#6280=ORIENTED_EDGE('',*,*,#4396,.T.);
#6281=ORIENTED_EDGE('',*,*,#4397,.T.);
#6282=ORIENTED_EDGE('',*,*,#4394,.F.);
#6283=ORIENTED_EDGE('',*,*,#4398,.T.);
#6284=ORIENTED_EDGE('',*,*,#4399,.T.);
#6285=ORIENTED_EDGE('',*,*,#4348,.T.);
#6286=ORIENTED_EDGE('',*,*,#4396,.F.);
#6287=ORIENTED_EDGE('',*,*,#4400,.T.);
#6288=ORIENTED_EDGE('',*,*,#4379,.F.);
#6289=ORIENTED_EDGE('',*,*,#4401,.F.);
#6290=ORIENTED_EDGE('',*,*,#4400,.F.);
#6291=ORIENTED_EDGE('',*,*,#4398,.F.);
#6292=ORIENTED_EDGE('',*,*,#4395,.F.);
#6293=ORIENTED_EDGE('',*,*,#4393,.F.);
#6294=ORIENTED_EDGE('',*,*,#4391,.F.);
#6295=ORIENTED_EDGE('',*,*,#4320,.F.);
#6296=ORIENTED_EDGE('',*,*,#4324,.F.);
#6297=ORIENTED_EDGE('',*,*,#4375,.F.);
#6298=ORIENTED_EDGE('',*,*,#4372,.F.);
#6299=ORIENTED_EDGE('',*,*,#4368,.F.);
#6300=ORIENTED_EDGE('',*,*,#4402,.F.);
#6301=ORIENTED_EDGE('',*,*,#4403,.T.);
#6302=ORIENTED_EDGE('',*,*,#4404,.T.);
#6303=ORIENTED_EDGE('',*,*,#4405,.T.);
#6304=ORIENTED_EDGE('',*,*,#4406,.T.);
#6305=ORIENTED_EDGE('',*,*,#4407,.T.);
#6306=ORIENTED_EDGE('',*,*,#4408,.T.);
#6307=ORIENTED_EDGE('',*,*,#4281,.F.);
#6308=ORIENTED_EDGE('',*,*,#4409,.T.);
#6309=ORIENTED_EDGE('',*,*,#4407,.F.);
#6310=ORIENTED_EDGE('',*,*,#4410,.T.);
#6311=ORIENTED_EDGE('',*,*,#4404,.F.);
#6312=ORIENTED_EDGE('',*,*,#4411,.T.);
#6313=ORIENTED_EDGE('',*,*,#4412,.T.);
#6314=ORIENTED_EDGE('',*,*,#4345,.T.);
#6315=ORIENTED_EDGE('',*,*,#4403,.F.);
#6316=ORIENTED_EDGE('',*,*,#4409,.F.);
#6317=ORIENTED_EDGE('',*,*,#4280,.F.);
#6318=ORIENTED_EDGE('',*,*,#4413,.F.);
#6319=ORIENTED_EDGE('',*,*,#4414,.F.);
#6320=ORIENTED_EDGE('',*,*,#4415,.F.);
#6321=ORIENTED_EDGE('',*,*,#4416,.F.);
#6322=ORIENTED_EDGE('',*,*,#4417,.F.);
#6323=ORIENTED_EDGE('',*,*,#4418,.F.);
#6324=ORIENTED_EDGE('',*,*,#4411,.F.);
#6325=ORIENTED_EDGE('',*,*,#4419,.F.);
#6326=ORIENTED_EDGE('',*,*,#4266,.F.);
#6327=ORIENTED_EDGE('',*,*,#4250,.T.);
#6328=ORIENTED_EDGE('',*,*,#4420,.F.);
#6329=ORIENTED_EDGE('',*,*,#4413,.T.);
#6330=ORIENTED_EDGE('',*,*,#4279,.F.);
#6331=ORIENTED_EDGE('',*,*,#4421,.T.);
#6332=ORIENTED_EDGE('',*,*,#4356,.T.);
#6333=ORIENTED_EDGE('',*,*,#4412,.F.);
#6334=ORIENTED_EDGE('',*,*,#4418,.T.);
#6335=ORIENTED_EDGE('',*,*,#4422,.T.);
#6336=ORIENTED_EDGE('',*,*,#4423,.T.);
#6337=ORIENTED_EDGE('',*,*,#4421,.F.);
#6338=ORIENTED_EDGE('',*,*,#4417,.T.);
#6339=ORIENTED_EDGE('',*,*,#4424,.T.);
#6340=ORIENTED_EDGE('',*,*,#4355,.T.);
#6341=ORIENTED_EDGE('',*,*,#4422,.F.);
#6342=ORIENTED_EDGE('',*,*,#4416,.T.);
#6343=ORIENTED_EDGE('',*,*,#4425,.T.);
#6344=ORIENTED_EDGE('',*,*,#4261,.T.);
#6345=ORIENTED_EDGE('',*,*,#4424,.F.);
#6346=ORIENTED_EDGE('',*,*,#4415,.T.);
#6347=ORIENTED_EDGE('',*,*,#4420,.T.);
#6348=ORIENTED_EDGE('',*,*,#4259,.T.);
#6349=ORIENTED_EDGE('',*,*,#4425,.F.);
#6350=ORIENTED_EDGE('',*,*,#4414,.T.);
#6351=ORIENTED_EDGE('',*,*,#4406,.F.);
#6352=ORIENTED_EDGE('',*,*,#4426,.F.);
#6353=ORIENTED_EDGE('',*,*,#4427,.F.);
#6354=ORIENTED_EDGE('',*,*,#4428,.F.);
#6355=ORIENTED_EDGE('',*,*,#4344,.F.);
#6356=ORIENTED_EDGE('',*,*,#4341,.F.);
#6357=ORIENTED_EDGE('',*,*,#4429,.T.);
#6358=ORIENTED_EDGE('',*,*,#4426,.T.);
#6359=ORIENTED_EDGE('',*,*,#4405,.F.);
#6360=ORIENTED_EDGE('',*,*,#4410,.F.);
#6361=ORIENTED_EDGE('',*,*,#4209,.F.);
#6362=ORIENTED_EDGE('',*,*,#4357,.F.);
#6363=ORIENTED_EDGE('',*,*,#4423,.F.);
#6364=ORIENTED_EDGE('',*,*,#4354,.F.);
#6365=ORIENTED_EDGE('',*,*,#4282,.F.);
#6366=ORIENTED_EDGE('',*,*,#4288,.F.);
#6367=ORIENTED_EDGE('',*,*,#4430,.F.);
#6368=ORIENTED_EDGE('',*,*,#4337,.F.);
#6369=ORIENTED_EDGE('',*,*,#4311,.F.);
#6370=ORIENTED_EDGE('',*,*,#4312,.F.);
#6371=ORIENTED_EDGE('',*,*,#4297,.F.);
#6372=ORIENTED_EDGE('',*,*,#4315,.F.);
#6373=ORIENTED_EDGE('',*,*,#4286,.F.);
#6374=ORIENTED_EDGE('',*,*,#4294,.F.);
#6375=ORIENTED_EDGE('',*,*,#4431,.T.);
#6376=ORIENTED_EDGE('',*,*,#4432,.T.);
#6377=ORIENTED_EDGE('',*,*,#4277,.T.);
#6378=ORIENTED_EDGE('',*,*,#4433,.T.);
#6379=ORIENTED_EDGE('',*,*,#4434,.F.);
#6380=ORIENTED_EDGE('',*,*,#4435,.F.);
#6381=ORIENTED_EDGE('',*,*,#4436,.F.);
#6382=ORIENTED_EDGE('',*,*,#4437,.F.);
#6383=ORIENTED_EDGE('',*,*,#4438,.F.);
#6384=ORIENTED_EDGE('',*,*,#4431,.F.);
#6385=ORIENTED_EDGE('',*,*,#4293,.T.);
#6386=ORIENTED_EDGE('',*,*,#4439,.F.);
#6387=ORIENTED_EDGE('',*,*,#4263,.F.);
#6388=ORIENTED_EDGE('',*,*,#4271,.F.);
#6389=ORIENTED_EDGE('',*,*,#4440,.F.);
#6390=ORIENTED_EDGE('',*,*,#4441,.T.);
#6391=ORIENTED_EDGE('',*,*,#4442,.F.);
#6392=ORIENTED_EDGE('',*,*,#4443,.F.);
#6393=ORIENTED_EDGE('',*,*,#4444,.F.);
#6394=ORIENTED_EDGE('',*,*,#4444,.T.);
#6395=ORIENTED_EDGE('',*,*,#4445,.T.);
#6396=ORIENTED_EDGE('',*,*,#4434,.T.);
#6397=ORIENTED_EDGE('',*,*,#4446,.T.);
#6398=ORIENTED_EDGE('',*,*,#4445,.F.);
#6399=ORIENTED_EDGE('',*,*,#4443,.T.);
#6400=ORIENTED_EDGE('',*,*,#4447,.F.);
#6401=ORIENTED_EDGE('',*,*,#4435,.T.);
#6402=ORIENTED_EDGE('',*,*,#4436,.T.);
#6403=ORIENTED_EDGE('',*,*,#4447,.T.);
#6404=ORIENTED_EDGE('',*,*,#4442,.T.);
#6405=ORIENTED_EDGE('',*,*,#4448,.T.);
#6406=ORIENTED_EDGE('',*,*,#4448,.F.);
#6407=ORIENTED_EDGE('',*,*,#4441,.F.);
#6408=ORIENTED_EDGE('',*,*,#4449,.F.);
#6409=ORIENTED_EDGE('',*,*,#4437,.T.);
#6410=ORIENTED_EDGE('',*,*,#4440,.T.);
#6411=ORIENTED_EDGE('',*,*,#4270,.F.);
#6412=ORIENTED_EDGE('',*,*,#4278,.F.);
#6413=ORIENTED_EDGE('',*,*,#4432,.F.);
#6414=ORIENTED_EDGE('',*,*,#4438,.T.);
#6415=ORIENTED_EDGE('',*,*,#4449,.T.);
#6416=ORIENTED_EDGE('',*,*,#4446,.F.);
#6417=ORIENTED_EDGE('',*,*,#4433,.F.);
#6418=ORIENTED_EDGE('',*,*,#4292,.T.);
#6419=ORIENTED_EDGE('',*,*,#4253,.F.);
#6420=ORIENTED_EDGE('',*,*,#4264,.F.);
#6421=ORIENTED_EDGE('',*,*,#4439,.T.);
#6422=ORIENTED_EDGE('',*,*,#4450,.T.);
#6423=ORIENTED_EDGE('',*,*,#4334,.T.);
#6424=ORIENTED_EDGE('',*,*,#4361,.F.);
#6425=ORIENTED_EDGE('',*,*,#4384,.F.);
#6426=ORIENTED_EDGE('',*,*,#4388,.F.);
#6427=ORIENTED_EDGE('',*,*,#4359,.T.);
#6428=ORIENTED_EDGE('',*,*,#4350,.F.);
#6429=ORIENTED_EDGE('',*,*,#4451,.T.);
#6430=ORIENTED_EDGE('',*,*,#4381,.F.);
#6431=ORIENTED_EDGE('',*,*,#4385,.F.);
#6432=ORIENTED_EDGE('',*,*,#4336,.T.);
#6433=ORIENTED_EDGE('',*,*,#4452,.T.);
#6434=ORIENTED_EDGE('',*,*,#4389,.T.);
#6435=ORIENTED_EDGE('',*,*,#4328,.T.);
#6436=ORIENTED_EDGE('',*,*,#4335,.T.);
#6437=ORIENTED_EDGE('',*,*,#4450,.F.);
#6438=ORIENTED_EDGE('',*,*,#4387,.T.);
#6439=ORIENTED_EDGE('',*,*,#4452,.F.);
#6440=ORIENTED_EDGE('',*,*,#4287,.F.);
#6441=ORIENTED_EDGE('',*,*,#4290,.F.);
#6442=ORIENTED_EDGE('',*,*,#4275,.T.);
#6443=ORIENTED_EDGE('',*,*,#4453,.T.);
#6444=ORIENTED_EDGE('',*,*,#4430,.T.);
#6445=ORIENTED_EDGE('',*,*,#4274,.T.);
#6446=ORIENTED_EDGE('',*,*,#4454,.T.);
#6447=ORIENTED_EDGE('',*,*,#4338,.T.);
#6448=ORIENTED_EDGE('',*,*,#4453,.F.);
#6449=ORIENTED_EDGE('',*,*,#4427,.T.);
#6450=ORIENTED_EDGE('',*,*,#4429,.F.);
#6451=ORIENTED_EDGE('',*,*,#4340,.F.);
#6452=ORIENTED_EDGE('',*,*,#4455,.T.);
#6453=ORIENTED_EDGE('',*,*,#4456,.T.);
#6454=ORIENTED_EDGE('',*,*,#4455,.F.);
#6455=ORIENTED_EDGE('',*,*,#4339,.T.);
#6456=ORIENTED_EDGE('',*,*,#4454,.F.);
#6457=ORIENTED_EDGE('',*,*,#4408,.F.);
#6458=ORIENTED_EDGE('',*,*,#4428,.T.);
#6459=ORIENTED_EDGE('',*,*,#4456,.F.);
#6460=ORIENTED_EDGE('',*,*,#4273,.T.);
#6461=ORIENTED_EDGE('',*,*,#4173,.F.);
#6462=ORIENTED_EDGE('',*,*,#4457,.F.);
#6463=ORIENTED_EDGE('',*,*,#4169,.F.);
#6464=ORIENTED_EDGE('',*,*,#4458,.F.);
#6465=ORIENTED_EDGE('',*,*,#4402,.T.);
#6466=ORIENTED_EDGE('',*,*,#4459,.T.);
#6467=ORIENTED_EDGE('',*,*,#4458,.T.);
#6468=ORIENTED_EDGE('',*,*,#4459,.F.);
#6469=ORIENTED_EDGE('',*,*,#4457,.T.);
#6470=ORIENTED_EDGE('',*,*,#4460,.T.);
#6471=ORIENTED_EDGE('',*,*,#4419,.T.);
#6472=ORIENTED_EDGE('',*,*,#4460,.F.);
#6473=ORIENTED_EDGE('',*,*,#4378,.F.);
#6474=ORIENTED_EDGE('',*,*,#4382,.F.);
#6475=ORIENTED_EDGE('',*,*,#4451,.F.);
#6476=ORIENTED_EDGE('',*,*,#4349,.T.);
#6477=ORIENTED_EDGE('',*,*,#4399,.F.);
#6478=ORIENTED_EDGE('',*,*,#4401,.T.);
#6479=ORIENTED_EDGE('',*,*,#4225,.F.);
#6480=ORIENTED_EDGE('',*,*,#4364,.F.);
#6481=ORIENTED_EDGE('',*,*,#4397,.F.);
#6482=ORIENTED_EDGE('',*,*,#4347,.F.);
#6483=PLANE('',#7218);
#6484=PLANE('',#7219);
#6485=PLANE('',#7226);
#6486=PLANE('',#7230);
#6487=PLANE('',#7231);
#6488=PLANE('',#7234);
#6489=PLANE('',#7240);
#6490=PLANE('',#7243);
#6491=PLANE('',#7245);
#6492=PLANE('',#7252);
#6493=PLANE('',#7253);
#6494=PLANE('',#7254);
#6495=PLANE('',#7255);
#6496=PLANE('',#7256);
#6497=PLANE('',#7257);
#6498=PLANE('',#7258);
#6499=PLANE('',#7259);
#6500=PLANE('',#7260);
#6501=PLANE('',#7261);
#6502=PLANE('',#7262);
#6503=PLANE('',#7263);
#6504=PLANE('',#7264);
#6505=PLANE('',#7265);
#6506=PLANE('',#7266);
#6507=PLANE('',#7267);
#6508=PLANE('',#7268);
#6509=PLANE('',#7269);
#6510=PLANE('',#7270);
#6511=PLANE('',#7271);
#6512=PLANE('',#7272);
#6513=PLANE('',#7273);
#6514=PLANE('',#7274);
#6515=PLANE('',#7275);
#6516=PLANE('',#7276);
#6517=PLANE('',#7277);
#6518=PLANE('',#7278);
#6519=PLANE('',#7279);
#6520=PLANE('',#7280);
#6521=PLANE('',#7281);
#6522=PLANE('',#7282);
#6523=PLANE('',#7283);
#6524=PLANE('',#7284);
#6525=PLANE('',#7285);
#6526=PLANE('',#7286);
#6527=PLANE('',#7287);
#6528=PLANE('',#7288);
#6529=PLANE('',#7289);
#6530=PLANE('',#7290);
#6531=PLANE('',#7291);
#6532=PLANE('',#7292);
#6533=PLANE('',#7293);
#6534=PLANE('',#7294);
#6535=PLANE('',#7295);
#6536=PLANE('',#7296);
#6537=PLANE('',#7297);
#6538=PLANE('',#7298);
#6539=PLANE('',#7299);
#6540=PLANE('',#7300);
#6541=PLANE('',#7301);
#6542=PLANE('',#7302);
#6543=PLANE('',#7303);
#6544=PLANE('',#7304);
#6545=PLANE('',#7308);
#6546=PLANE('',#7311);
#6547=PLANE('',#7313);
#6548=PLANE('',#7316);
#6549=PLANE('',#7319);
#6550=PLANE('',#7322);
#6551=PLANE('',#7323);
#6552=PLANE('',#7326);
#6553=PLANE('',#7329);
#6554=PLANE('',#7332);
#6555=PLANE('',#7333);
#6556=PLANE('',#7336);
#6557=PLANE('',#7339);
#6558=PLANE('',#7340);
#6559=PLANE('',#7341);
#6560=PLANE('',#7342);
#6561=PLANE('',#7344);
#6562=PLANE('',#7346);
#6563=PLANE('',#7347);
#6564=PLANE('',#7348);
#6565=PLANE('',#7349);
#6566=PLANE('',#7350);
#6567=PLANE('',#7351);
#6568=PLANE('',#7352);
#6569=PLANE('',#7353);
#6570=PLANE('',#7354);
#6571=PLANE('',#7355);
#6572=PLANE('',#7356);
#6573=PLANE('',#7357);
#6574=PLANE('',#7358);
#6575=PLANE('',#7359);
#6576=PLANE('',#7360);
#6577=PLANE('',#7361);
#6578=PLANE('',#7362);
#6579=PLANE('',#7363);
#6580=PLANE('',#7364);
#6581=PLANE('',#7365);
#6582=PLANE('',#7366);
#6583=PLANE('',#7367);
#6584=PLANE('',#7368);
#6585=PLANE('',#7369);
#6586=PLANE('',#7370);
#6587=PLANE('',#7371);
#6588=PLANE('',#7372);
#6589=PLANE('',#7376);
#6590=PLANE('',#7380);
#6591=PLANE('',#7381);
#6592=PLANE('',#7386);
#6593=PLANE('',#7391);
#6594=PLANE('',#7392);
#6595=PLANE('',#7393);
#6596=PLANE('',#7397);
#6597=PLANE('',#7401);
#6598=PLANE('',#7404);
#6599=PLANE('',#7407);
#6600=PLANE('',#7410);
#6601=PLANE('',#7413);
#6602=PLANE('',#7416);
#6603=PLANE('',#7420);
#6604=PLANE('',#7422);
#6605=PLANE('',#7423);
#6606=PLANE('',#7424);
#6607=PLANE('',#7427);
#6608=PLANE('',#7429);
#6609=PLANE('',#7431);
#6610=PLANE('',#7432);
#6611=PLANE('',#7433);
#6612=PLANE('',#7434);
#6613=PLANE('',#7435);
#6614=PLANE('',#7436);
#6615=PLANE('',#7437);
#6616=PLANE('',#7438);
#6617=PLANE('',#7439);
#6618=PLANE('',#7440);
#6619=PLANE('',#7441);
#6620=PLANE('',#7442);
#6621=PLANE('',#7443);
#6622=PLANE('',#7444);
#6623=PLANE('',#7445);
#6624=PLANE('',#7446);
#6625=PLANE('',#7447);
#6626=PLANE('',#7448);
#6627=PLANE('',#7449);
#6628=PLANE('',#7450);
#6629=PLANE('',#7451);
#6630=PLANE('',#7453);
#6631=PLANE('',#7455);
#6632=PLANE('',#7456);
#6633=PLANE('',#7457);
#6634=PLANE('',#7458);
#6635=PLANE('',#7461);
#6636=PLANE('',#7464);
#6637=PLANE('',#7465);
#6638=PLANE('',#7466);
#6639=PLANE('',#7467);
#6640=PLANE('',#7468);
#6641=PLANE('',#7469);
#6642=PLANE('',#7470);
#6643=PLANE('',#7471);
#6644=PLANE('',#7472);
#6645=PLANE('',#7473);
#6646=PLANE('',#7474);
#6647=PLANE('',#7475);
#6648=PLANE('',#7476);
#6649=PLANE('',#7477);
#6650=PLANE('',#7478);
#6651=PLANE('',#7479);
#6652=PLANE('',#7480);
#6653=PLANE('',#7481);
#6654=PLANE('',#7482);
#6655=PLANE('',#7483);
#6656=PLANE('',#7484);
#6657=PLANE('',#7485);
#6658=PLANE('',#7486);
#6659=PLANE('',#7487);
#6660=PLANE('',#7488);
#6661=PLANE('',#7489);
#6662=PLANE('',#7490);
#6663=PLANE('',#7491);
#6664=PLANE('',#7492);
#6665=PLANE('',#7493);
#6666=PLANE('',#7494);
#6667=PLANE('',#7495);
#6668=PLANE('',#7496);
#6669=PLANE('',#7497);
#6670=PLANE('',#7498);
#6671=PLANE('',#7499);
#6672=PLANE('',#7500);
#6673=PLANE('',#7501);
#6674=PLANE('',#7502);
#6675=PLANE('',#7503);
#6676=PLANE('',#7504);
#6677=PLANE('',#7505);
#6678=PLANE('',#7506);
#6679=PLANE('',#7507);
#6680=PLANE('',#7508);
#6681=PLANE('',#7509);
#6682=PLANE('',#7510);
#6683=PLANE('',#7511);
#6684=PLANE('',#7512);
#6685=PLANE('',#7513);
#6686=PLANE('',#7514);
#6687=PLANE('',#7515);
#6688=PLANE('',#7516);
#6689=PLANE('',#7517);
#6690=PLANE('',#7518);
#6691=PLANE('',#7519);
#6692=PLANE('',#7520);
#6693=PLANE('',#7521);
#6694=PLANE('',#7522);
#6695=PLANE('',#7523);
#6696=PLANE('',#7524);
#6697=PLANE('',#7525);
#6698=PLANE('',#7526);
#6699=PLANE('',#7527);
#6700=PLANE('',#7528);
#6701=PLANE('',#7529);
#6702=PLANE('',#7530);
#6703=PLANE('',#7531);
#6704=PLANE('',#7532);
#6705=PLANE('',#7533);
#6706=PLANE('',#7534);
#6707=PLANE('',#7535);
#6708=PLANE('',#7536);
#6709=PLANE('',#7537);
#6710=PLANE('',#7538);
#6711=PLANE('',#7539);
#6712=PLANE('',#7540);
#6713=PLANE('',#7541);
#6714=PLANE('',#7542);
#6715=PLANE('',#7543);
#6716=PLANE('',#7544);
#6717=PLANE('',#7545);
#6718=PLANE('',#7546);
#6719=PLANE('',#7550);
#6720=PLANE('',#7565);
#6721=PLANE('',#7566);
#6722=PLANE('',#7567);
#6723=PLANE('',#7568);
#6724=PLANE('',#7569);
#6725=PLANE('',#7570);
#6726=PLANE('',#7571);
#6727=PLANE('',#7572);
#6728=PLANE('',#7575);
#6729=PLANE('',#7578);
#6730=PLANE('',#7581);
#6731=PLANE('',#7584);
#6732=PLANE('',#7587);
#6733=PLANE('',#7590);
#6734=PLANE('',#7593);
#6735=PLANE('',#7594);
#6736=PLANE('',#7598);
#6737=PLANE('',#7602);
#6738=PLANE('',#7605);
#6739=PLANE('',#7608);
#6740=PLANE('',#7609);
#6741=PLANE('',#7610);
#6742=PLANE('',#7611);
#6743=PLANE('',#7612);
#6744=PLANE('',#7613);
#6745=PLANE('',#7614);
#6746=PLANE('',#7615);
#6747=PLANE('',#7616);
#6748=PLANE('',#7617);
#6749=PLANE('',#7618);
#6750=PLANE('',#7619);
#6751=PLANE('',#7620);
#6752=PLANE('',#7621);
#6753=PLANE('',#7622);
#6754=PLANE('',#7623);
#6755=PLANE('',#7624);
#6756=PLANE('',#7625);
#6757=PLANE('',#7626);
#6758=PLANE('',#7627);
#6759=PLANE('',#7628);
#6760=PLANE('',#7629);
#6761=PLANE('',#7630);
#6762=PLANE('',#7633);
#6763=PLANE('',#7634);
#6764=PLANE('',#7635);
#6765=PLANE('',#7636);
#6766=PLANE('',#7640);
#6767=PLANE('',#7647);
#6768=PLANE('',#7650);
#6769=PLANE('',#7653);
#6770=PLANE('',#7654);
#6771=PLANE('',#7655);
#6772=PLANE('',#7656);
#6773=PLANE('',#7657);
#6774=PLANE('',#7658);
#6775=PLANE('',#7659);
#6776=PLANE('',#7660);
#6777=PLANE('',#7663);
#6778=PLANE('',#7666);
#6779=PLANE('',#7669);
#6780=PLANE('',#7671);
#6781=PLANE('',#7672);
#6782=PLANE('',#7673);
#6783=PLANE('',#7674);
#6784=PLANE('',#7679);
#6785=PLANE('',#7681);
#6786=PLANE('',#7683);
#6787=PLANE('',#7685);
#6788=PLANE('',#7686);
#6789=PLANE('',#7687);
#6790=PLANE('',#7688);
#6791=PLANE('',#7689);
#6792=PLANE('',#7690);
#6793=PLANE('',#7691);
#6794=PLANE('',#7692);
#6795=PLANE('',#7693);
#6796=PLANE('',#7694);
#6797=PLANE('',#7695);
#6798=PLANE('',#7696);
#6799=PLANE('',#7697);
#6800=PLANE('',#7698);
#6801=PLANE('',#7699);
#6802=PLANE('',#7700);
#6803=PLANE('',#7701);
#6804=PLANE('',#7702);
#6805=PLANE('',#7703);
#6806=PLANE('',#7704);
#6807=PLANE('',#7705);
#6808=PLANE('',#7706);
#6809=PLANE('',#7707);
#6810=PLANE('',#7709);
#6811=PLANE('',#7713);
#6812=PLANE('',#7714);
#6813=ADVANCED_FACE('',(#217),#6483,.T.);
#6814=ADVANCED_FACE('',(#218),#6484,.T.);
#6815=ADVANCED_FACE('',(#219),#189,.F.);
#6816=ADVANCED_FACE('',(#220),#86,.T.);
#6817=ADVANCED_FACE('',(#221),#47,.F.);
#6818=ADVANCED_FACE('',(#222),#6485,.T.);
#6819=ADVANCED_FACE('',(#223),#48,.F.);
#6820=ADVANCED_FACE('',(#224),#6486,.T.);
#6821=ADVANCED_FACE('',(#225),#6487,.F.);
#6822=ADVANCED_FACE('',(#226),#190,.F.);
#6823=ADVANCED_FACE('',(#227,#25,#26,#27,#28,#29,#30),#6488,.F.);
#6824=ADVANCED_FACE('',(#228),#49,.F.);
#6825=ADVANCED_FACE('',(#229),#6489,.T.);
#6826=ADVANCED_FACE('',(#230),#50,.F.);
#6827=ADVANCED_FACE('',(#231),#6490,.T.);
#6828=ADVANCED_FACE('',(#232),#191,.F.);
#6829=ADVANCED_FACE('',(#233,#31,#32,#33,#34,#35,#36),#6491,.F.);
#6830=ADVANCED_FACE('',(#234),#6492,.T.);
#6831=ADVANCED_FACE('',(#235),#6493,.T.);
#6832=ADVANCED_FACE('',(#236),#6494,.F.);
#6833=ADVANCED_FACE('',(#237),#6495,.T.);
#6834=ADVANCED_FACE('',(#238),#6496,.T.);
#6835=ADVANCED_FACE('',(#239),#6497,.T.);
#6836=ADVANCED_FACE('',(#240),#6498,.T.);
#6837=ADVANCED_FACE('',(#241),#6499,.T.);
#6838=ADVANCED_FACE('',(#242),#6500,.T.);
#6839=ADVANCED_FACE('',(#243),#6501,.T.);
#6840=ADVANCED_FACE('',(#244),#6502,.T.);
#6841=ADVANCED_FACE('',(#245),#6503,.T.);
#6842=ADVANCED_FACE('',(#246),#6504,.T.);
#6843=ADVANCED_FACE('',(#247),#6505,.T.);
#6844=ADVANCED_FACE('',(#248),#6506,.T.);
#6845=ADVANCED_FACE('',(#249),#6507,.T.);
#6846=ADVANCED_FACE('',(#250),#6508,.T.);
#6847=ADVANCED_FACE('',(#251),#6509,.T.);
#6848=ADVANCED_FACE('',(#252),#6510,.T.);
#6849=ADVANCED_FACE('',(#253),#6511,.T.);
#6850=ADVANCED_FACE('',(#254),#6512,.T.);
#6851=ADVANCED_FACE('',(#255),#6513,.T.);
#6852=ADVANCED_FACE('',(#256),#6514,.T.);
#6853=ADVANCED_FACE('',(#257),#6515,.T.);
#6854=ADVANCED_FACE('',(#258),#6516,.T.);
#6855=ADVANCED_FACE('',(#259),#6517,.T.);
#6856=ADVANCED_FACE('',(#260),#6518,.T.);
#6857=ADVANCED_FACE('',(#261),#6519,.T.);
#6858=ADVANCED_FACE('',(#262),#6520,.T.);
#6859=ADVANCED_FACE('',(#263),#6521,.T.);
#6860=ADVANCED_FACE('',(#264),#6522,.T.);
#6861=ADVANCED_FACE('',(#265),#6523,.F.);
#6862=ADVANCED_FACE('',(#266),#6524,.T.);
#6863=ADVANCED_FACE('',(#267),#6525,.F.);
#6864=ADVANCED_FACE('',(#268),#6526,.T.);
#6865=ADVANCED_FACE('',(#269),#6527,.T.);
#6866=ADVANCED_FACE('',(#270),#6528,.T.);
#6867=ADVANCED_FACE('',(#271),#6529,.T.);
#6868=ADVANCED_FACE('',(#272),#6530,.T.);
#6869=ADVANCED_FACE('',(#273),#6531,.T.);
#6870=ADVANCED_FACE('',(#274),#6532,.F.);
#6871=ADVANCED_FACE('',(#275),#6533,.T.);
#6872=ADVANCED_FACE('',(#276),#6534,.T.);
#6873=ADVANCED_FACE('',(#277),#6535,.T.);
#6874=ADVANCED_FACE('',(#278),#6536,.T.);
#6875=ADVANCED_FACE('',(#279),#6537,.T.);
#6876=ADVANCED_FACE('',(#280),#6538,.T.);
#6877=ADVANCED_FACE('',(#281),#6539,.T.);
#6878=ADVANCED_FACE('',(#282),#6540,.T.);
#6879=ADVANCED_FACE('',(#283),#6541,.T.);
#6880=ADVANCED_FACE('',(#284),#6542,.F.);
#6881=ADVANCED_FACE('',(#285),#6543,.T.);
#6882=ADVANCED_FACE('',(#286),#6544,.T.);
#6883=ADVANCED_FACE('',(#287),#51,.T.);
#6884=ADVANCED_FACE('',(#288),#6545,.T.);
#6885=ADVANCED_FACE('',(#289),#52,.T.);
#6886=ADVANCED_FACE('',(#290),#6546,.T.);
#6887=ADVANCED_FACE('',(#291),#53,.F.);
#6888=ADVANCED_FACE('',(#292),#6547,.T.);
#6889=ADVANCED_FACE('',(#293),#54,.T.);
#6890=ADVANCED_FACE('',(#294),#6548,.T.);
#6891=ADVANCED_FACE('',(#295),#55,.T.);
#6892=ADVANCED_FACE('',(#296),#6549,.T.);
#6893=ADVANCED_FACE('',(#297),#56,.T.);
#6894=ADVANCED_FACE('',(#298),#6550,.T.);
#6895=ADVANCED_FACE('',(#299),#6551,.F.);
#6896=ADVANCED_FACE('',(#300),#192,.T.);
#6897=ADVANCED_FACE('',(#301),#6552,.T.);
#6898=ADVANCED_FACE('',(#302),#193,.T.);
#6899=ADVANCED_FACE('',(#303),#6553,.T.);
#6900=ADVANCED_FACE('',(#304),#194,.T.);
#6901=ADVANCED_FACE('',(#305),#6554,.T.);
#6902=ADVANCED_FACE('',(#306),#6555,.F.);
#6903=ADVANCED_FACE('',(#307),#195,.T.);
#6904=ADVANCED_FACE('',(#308),#6556,.T.);
#6905=ADVANCED_FACE('',(#309),#196,.T.);
#6906=ADVANCED_FACE('',(#310),#6557,.T.);
#6907=ADVANCED_FACE('',(#311),#6558,.T.);
#6908=ADVANCED_FACE('',(#312),#6559,.T.);
#6909=ADVANCED_FACE('',(#313),#6560,.T.);
#6910=ADVANCED_FACE('',(#314),#57,.F.);
#6911=ADVANCED_FACE('',(#315),#87,.T.);
#6912=ADVANCED_FACE('',(#316),#6561,.T.);
#6913=ADVANCED_FACE('',(#317),#58,.T.);
#6914=ADVANCED_FACE('',(#318),#6562,.T.);
#6915=ADVANCED_FACE('',(#319),#6563,.T.);
#6916=ADVANCED_FACE('',(#320),#88,.T.);
#6917=ADVANCED_FACE('',(#321),#6564,.F.);
#6918=ADVANCED_FACE('',(#322),#6565,.F.);
#6919=ADVANCED_FACE('',(#323),#6566,.T.);
#6920=ADVANCED_FACE('',(#324),#6567,.T.);
#6921=ADVANCED_FACE('',(#325),#6568,.T.);
#6922=ADVANCED_FACE('',(#326),#6569,.T.);
#6923=ADVANCED_FACE('',(#327),#6570,.F.);
#6924=ADVANCED_FACE('',(#328),#6571,.T.);
#6925=ADVANCED_FACE('',(#329),#6572,.F.);
#6926=ADVANCED_FACE('',(#330),#6573,.F.);
#6927=ADVANCED_FACE('',(#331),#6574,.F.);
#6928=ADVANCED_FACE('',(#332),#6575,.F.);
#6929=ADVANCED_FACE('',(#333),#6576,.F.);
#6930=ADVANCED_FACE('',(#334),#6577,.F.);
#6931=ADVANCED_FACE('',(#335),#6578,.F.);
#6932=ADVANCED_FACE('',(#336),#6579,.F.);
#6933=ADVANCED_FACE('',(#337),#6580,.F.);
#6934=ADVANCED_FACE('',(#338),#6581,.F.);
#6935=ADVANCED_FACE('',(#339),#6582,.F.);
#6936=ADVANCED_FACE('',(#340),#6583,.T.);
#6937=ADVANCED_FACE('',(#341),#6584,.T.);
#6938=ADVANCED_FACE('',(#342),#6585,.T.);
#6939=ADVANCED_FACE('',(#343),#6586,.T.);
#6940=ADVANCED_FACE('',(#344),#6587,.T.);
#6941=ADVANCED_FACE('',(#345),#6588,.T.);
#6942=ADVANCED_FACE('',(#346),#59,.F.);
#6943=ADVANCED_FACE('',(#347),#6589,.T.);
#6944=ADVANCED_FACE('',(#348),#60,.F.);
#6945=ADVANCED_FACE('',(#349),#6590,.T.);
#6946=ADVANCED_FACE('',(#350),#6591,.F.);
#6947=ADVANCED_FACE('',(#351),#197,.F.);
#6948=ADVANCED_FACE('',(#352),#6592,.F.);
#6949=ADVANCED_FACE('',(#353),#198,.F.);
#6950=ADVANCED_FACE('',(#354),#6593,.F.);
#6951=ADVANCED_FACE('',(#355),#6594,.T.);
#6952=ADVANCED_FACE('',(#356),#6595,.T.);
#6953=ADVANCED_FACE('',(#357),#61,.T.);
#6954=ADVANCED_FACE('',(#358),#6596,.T.);
#6955=ADVANCED_FACE('',(#359),#62,.T.);
#6956=ADVANCED_FACE('',(#360),#6597,.T.);
#6957=ADVANCED_FACE('',(#361),#199,.T.);
#6958=ADVANCED_FACE('',(#362),#6598,.T.);
#6959=ADVANCED_FACE('',(#363),#200,.T.);
#6960=ADVANCED_FACE('',(#364),#6599,.T.);
#6961=ADVANCED_FACE('',(#365),#63,.T.);
#6962=ADVANCED_FACE('',(#366),#6600,.T.);
#6963=ADVANCED_FACE('',(#367),#64,.T.);
#6964=ADVANCED_FACE('',(#368),#6601,.T.);
#6965=ADVANCED_FACE('',(#369),#65,.T.);
#6966=ADVANCED_FACE('',(#370),#6602,.T.);
#6967=ADVANCED_FACE('',(#371),#66,.T.);
#6968=ADVANCED_FACE('',(#372),#6603,.T.);
#6969=ADVANCED_FACE('',(#373),#201,.T.);
#6970=ADVANCED_FACE('',(#374,#37,#38),#6604,.F.);
#6971=ADVANCED_FACE('',(#375),#6605,.T.);
#6972=ADVANCED_FACE('',(#376),#6606,.T.);
#6973=ADVANCED_FACE('',(#377),#67,.T.);
#6974=ADVANCED_FACE('',(#378),#6607,.T.);
#6975=ADVANCED_FACE('',(#379),#6608,.T.);
#6976=ADVANCED_FACE('',(#380),#68,.T.);
#6977=ADVANCED_FACE('',(#381),#6609,.T.);
#6978=ADVANCED_FACE('',(#382),#6610,.T.);
#6979=ADVANCED_FACE('',(#383),#6611,.T.);
#6980=ADVANCED_FACE('',(#384),#6612,.F.);
#6981=ADVANCED_FACE('',(#385),#6613,.T.);
#6982=ADVANCED_FACE('',(#386),#6614,.F.);
#6983=ADVANCED_FACE('',(#387),#6615,.T.);
#6984=ADVANCED_FACE('',(#388),#6616,.T.);
#6985=ADVANCED_FACE('',(#389),#6617,.T.);
#6986=ADVANCED_FACE('',(#390),#6618,.T.);
#6987=ADVANCED_FACE('',(#391),#6619,.T.);
#6988=ADVANCED_FACE('',(#392),#6620,.F.);
#6989=ADVANCED_FACE('',(#393),#6621,.T.);
#6990=ADVANCED_FACE('',(#394),#6622,.T.);
#6991=ADVANCED_FACE('',(#395),#6623,.T.);
#6992=ADVANCED_FACE('',(#396),#6624,.F.);
#6993=ADVANCED_FACE('',(#397),#6625,.T.);
#6994=ADVANCED_FACE('',(#398),#6626,.T.);
#6995=ADVANCED_FACE('',(#399),#6627,.T.);
#6996=ADVANCED_FACE('',(#400),#6628,.F.);
#6997=ADVANCED_FACE('',(#401),#6629,.T.);
#6998=ADVANCED_FACE('',(#402),#6630,.T.);
#6999=ADVANCED_FACE('',(#403),#6631,.T.);
#7000=ADVANCED_FACE('',(#404),#6632,.T.);
#7001=ADVANCED_FACE('',(#405),#6633,.T.);
#7002=ADVANCED_FACE('',(#406),#6634,.T.);
#7003=ADVANCED_FACE('',(#407),#202,.T.);
#7004=ADVANCED_FACE('',(#408),#6635,.T.);
#7005=ADVANCED_FACE('',(#409),#203,.T.);
#7006=ADVANCED_FACE('',(#410),#6636,.T.);
#7007=ADVANCED_FACE('',(#411,#39),#6637,.F.);
#7008=ADVANCED_FACE('',(#412,#40),#6638,.F.);
#7009=ADVANCED_FACE('',(#413),#6639,.T.);
#7010=ADVANCED_FACE('',(#414),#6640,.T.);
#7011=ADVANCED_FACE('',(#415),#6641,.T.);
#7012=ADVANCED_FACE('',(#416),#6642,.T.);
#7013=ADVANCED_FACE('',(#417),#6643,.T.);
#7014=ADVANCED_FACE('',(#418),#6644,.T.);
#7015=ADVANCED_FACE('',(#419),#6645,.T.);
#7016=ADVANCED_FACE('',(#420),#6646,.T.);
#7017=ADVANCED_FACE('',(#421),#6647,.T.);
#7018=ADVANCED_FACE('',(#422),#6648,.T.);
#7019=ADVANCED_FACE('',(#423),#6649,.T.);
#7020=ADVANCED_FACE('',(#424),#6650,.T.);
#7021=ADVANCED_FACE('',(#425),#6651,.T.);
#7022=ADVANCED_FACE('',(#426),#6652,.T.);
#7023=ADVANCED_FACE('',(#427),#6653,.T.);
#7024=ADVANCED_FACE('',(#428),#6654,.T.);
#7025=ADVANCED_FACE('',(#429),#6655,.T.);
#7026=ADVANCED_FACE('',(#430),#6656,.T.);
#7027=ADVANCED_FACE('',(#431),#6657,.T.);
#7028=ADVANCED_FACE('',(#432),#6658,.T.);
#7029=ADVANCED_FACE('',(#433),#6659,.T.);
#7030=ADVANCED_FACE('',(#434),#6660,.T.);
#7031=ADVANCED_FACE('',(#435),#6661,.T.);
#7032=ADVANCED_FACE('',(#436),#6662,.T.);
#7033=ADVANCED_FACE('',(#437),#6663,.T.);
#7034=ADVANCED_FACE('',(#438),#6664,.T.);
#7035=ADVANCED_FACE('',(#439),#6665,.T.);
#7036=ADVANCED_FACE('',(#440),#6666,.T.);
#7037=ADVANCED_FACE('',(#441),#6667,.T.);
#7038=ADVANCED_FACE('',(#442),#6668,.T.);
#7039=ADVANCED_FACE('',(#443),#6669,.T.);
#7040=ADVANCED_FACE('',(#444),#6670,.T.);
#7041=ADVANCED_FACE('',(#445),#6671,.T.);
#7042=ADVANCED_FACE('',(#446),#6672,.T.);
#7043=ADVANCED_FACE('',(#447),#6673,.T.);
#7044=ADVANCED_FACE('',(#448),#6674,.T.);
#7045=ADVANCED_FACE('',(#449),#6675,.T.);
#7046=ADVANCED_FACE('',(#450),#6676,.T.);
#7047=ADVANCED_FACE('',(#451),#6677,.T.);
#7048=ADVANCED_FACE('',(#452),#6678,.T.);
#7049=ADVANCED_FACE('',(#453),#6679,.T.);
#7050=ADVANCED_FACE('',(#454),#6680,.T.);
#7051=ADVANCED_FACE('',(#455),#6681,.T.);
#7052=ADVANCED_FACE('',(#456),#6682,.T.);
#7053=ADVANCED_FACE('',(#457),#6683,.T.);
#7054=ADVANCED_FACE('',(#458),#6684,.T.);
#7055=ADVANCED_FACE('',(#459),#6685,.T.);
#7056=ADVANCED_FACE('',(#460),#6686,.T.);
#7057=ADVANCED_FACE('',(#461),#6687,.T.);
#7058=ADVANCED_FACE('',(#462),#6688,.T.);
#7059=ADVANCED_FACE('',(#463),#6689,.T.);
#7060=ADVANCED_FACE('',(#464),#6690,.T.);
#7061=ADVANCED_FACE('',(#465),#6691,.T.);
#7062=ADVANCED_FACE('',(#466),#6692,.T.);
#7063=ADVANCED_FACE('',(#467),#6693,.T.);
#7064=ADVANCED_FACE('',(#468),#6694,.T.);
#7065=ADVANCED_FACE('',(#469),#6695,.T.);
#7066=ADVANCED_FACE('',(#470),#6696,.T.);
#7067=ADVANCED_FACE('',(#471),#6697,.T.);
#7068=ADVANCED_FACE('',(#472),#6698,.T.);
#7069=ADVANCED_FACE('',(#473),#6699,.T.);
#7070=ADVANCED_FACE('',(#474),#6700,.T.);
#7071=ADVANCED_FACE('',(#475),#6701,.T.);
#7072=ADVANCED_FACE('',(#476),#6702,.T.);
#7073=ADVANCED_FACE('',(#477),#6703,.T.);
#7074=ADVANCED_FACE('',(#478),#6704,.T.);
#7075=ADVANCED_FACE('',(#479),#6705,.F.);
#7076=ADVANCED_FACE('',(#480),#6706,.F.);
#7077=ADVANCED_FACE('',(#481),#6707,.F.);
#7078=ADVANCED_FACE('',(#482),#6708,.F.);
#7079=ADVANCED_FACE('',(#483),#6709,.F.);
#7080=ADVANCED_FACE('',(#484),#6710,.F.);
#7081=ADVANCED_FACE('',(#485),#6711,.F.);
#7082=ADVANCED_FACE('',(#486),#6712,.F.);
#7083=ADVANCED_FACE('',(#487),#6713,.F.);
#7084=ADVANCED_FACE('',(#488),#6714,.F.);
#7085=ADVANCED_FACE('',(#489),#6715,.F.);
#7086=ADVANCED_FACE('',(#490),#6716,.T.);
#7087=ADVANCED_FACE('',(#491),#6717,.T.);
#7088=ADVANCED_FACE('',(#492),#6718,.T.);
#7089=ADVANCED_FACE('',(#493),#69,.F.);
#7090=ADVANCED_FACE('',(#494,#41,#42),#6719,.T.);
#7091=ADVANCED_FACE('',(#495),#204,.F.);
#7092=ADVANCED_FACE('',(#496),#70,.F.);
#7093=ADVANCED_FACE('',(#497),#205,.F.);
#7094=ADVANCED_FACE('',(#498),#6720,.T.);
#7095=ADVANCED_FACE('',(#499),#6721,.T.);
#7096=ADVANCED_FACE('',(#500),#6722,.T.);
#7097=ADVANCED_FACE('',(#501),#6723,.T.);
#7098=ADVANCED_FACE('',(#502),#6724,.T.);
#7099=ADVANCED_FACE('',(#503),#6725,.T.);
#7100=ADVANCED_FACE('',(#504),#6726,.T.);
#7101=ADVANCED_FACE('',(#505),#6727,.T.);
#7102=ADVANCED_FACE('',(#506),#71,.T.);
#7103=ADVANCED_FACE('',(#507),#6728,.T.);
#7104=ADVANCED_FACE('',(#508),#72,.T.);
#7105=ADVANCED_FACE('',(#509),#6729,.T.);
#7106=ADVANCED_FACE('',(#510),#73,.F.);
#7107=ADVANCED_FACE('',(#511),#6730,.T.);
#7108=ADVANCED_FACE('',(#512),#74,.F.);
#7109=ADVANCED_FACE('',(#513),#6731,.T.);
#7110=ADVANCED_FACE('',(#514),#75,.T.);
#7111=ADVANCED_FACE('',(#515),#6732,.T.);
#7112=ADVANCED_FACE('',(#516),#76,.T.);
#7113=ADVANCED_FACE('',(#517),#6733,.T.);
#7114=ADVANCED_FACE('',(#518),#77,.T.);
#7115=ADVANCED_FACE('',(#519),#6734,.T.);
#7116=ADVANCED_FACE('',(#520),#6735,.T.);
#7117=ADVANCED_FACE('',(#521),#78,.T.);
#7118=ADVANCED_FACE('',(#522),#6736,.T.);
#7119=ADVANCED_FACE('',(#523),#79,.T.);
#7120=ADVANCED_FACE('',(#524),#6737,.T.);
#7121=ADVANCED_FACE('',(#525),#206,.T.);
#7122=ADVANCED_FACE('',(#526),#6738,.T.);
#7123=ADVANCED_FACE('',(#527),#207,.T.);
#7124=ADVANCED_FACE('',(#528),#6739,.T.);
#7125=ADVANCED_FACE('',(#529),#6740,.T.);
#7126=ADVANCED_FACE('',(#530),#6741,.T.);
#7127=ADVANCED_FACE('',(#531),#6742,.T.);
#7128=ADVANCED_FACE('',(#532),#6743,.T.);
#7129=ADVANCED_FACE('',(#533),#6744,.T.);
#7130=ADVANCED_FACE('',(#534),#6745,.T.);
#7131=ADVANCED_FACE('',(#535),#89,.T.);
#7132=ADVANCED_FACE('',(#536),#6746,.T.);
#7133=ADVANCED_FACE('',(#537),#6747,.T.);
#7134=ADVANCED_FACE('',(#538),#6748,.T.);
#7135=ADVANCED_FACE('',(#539),#6749,.T.);
#7136=ADVANCED_FACE('',(#540),#6750,.T.);
#7137=ADVANCED_FACE('',(#541),#6751,.T.);
#7138=ADVANCED_FACE('',(#542),#6752,.T.);
#7139=ADVANCED_FACE('',(#543),#6753,.T.);
#7140=ADVANCED_FACE('',(#544),#6754,.T.);
#7141=ADVANCED_FACE('',(#545),#90,.T.);
#7142=ADVANCED_FACE('',(#546),#6755,.T.);
#7143=ADVANCED_FACE('',(#547),#6756,.T.);
#7144=ADVANCED_FACE('',(#548),#6757,.T.);
#7145=ADVANCED_FACE('',(#549),#6758,.T.);
#7146=ADVANCED_FACE('',(#550),#6759,.T.);
#7147=ADVANCED_FACE('',(#551),#6760,.T.);
#7148=ADVANCED_FACE('',(#552),#6761,.F.);
#7149=ADVANCED_FACE('',(#553),#6762,.T.);
#7150=ADVANCED_FACE('',(#554),#6763,.T.);
#7151=ADVANCED_FACE('',(#555),#6764,.T.);
#7152=ADVANCED_FACE('',(#556),#6765,.T.);
#7153=ADVANCED_FACE('',(#557),#208,.T.);
#7154=ADVANCED_FACE('',(#558),#6766,.T.);
#7155=ADVANCED_FACE('',(#559),#209,.T.);
#7156=ADVANCED_FACE('',(#560),#210,.T.);
#7157=ADVANCED_FACE('',(#561),#211,.F.);
#7158=ADVANCED_FACE('',(#562),#212,.F.);
#7159=ADVANCED_FACE('',(#563),#6767,.T.);
#7160=ADVANCED_FACE('',(#564),#213,.T.);
#7161=ADVANCED_FACE('',(#565),#6768,.T.);
#7162=ADVANCED_FACE('',(#566),#214,.T.);
#7163=ADVANCED_FACE('',(#567),#6769,.T.);
#7164=ADVANCED_FACE('',(#568),#6770,.T.);
#7165=ADVANCED_FACE('',(#569),#6771,.T.);
#7166=ADVANCED_FACE('',(#570),#6772,.T.);
#7167=ADVANCED_FACE('',(#571),#6773,.T.);
#7168=ADVANCED_FACE('',(#572),#6774,.T.);
#7169=ADVANCED_FACE('',(#573),#6775,.T.);
#7170=ADVANCED_FACE('',(#574),#6776,.T.);
#7171=ADVANCED_FACE('',(#575),#80,.T.);
#7172=ADVANCED_FACE('',(#576),#6777,.T.);
#7173=ADVANCED_FACE('',(#577),#81,.T.);
#7174=ADVANCED_FACE('',(#578),#6778,.T.);
#7175=ADVANCED_FACE('',(#579),#82,.T.);
#7176=ADVANCED_FACE('',(#580,#43),#6779,.F.);
#7177=ADVANCED_FACE('',(#581),#6780,.T.);
#7178=ADVANCED_FACE('',(#582),#6781,.T.);
#7179=ADVANCED_FACE('',(#583),#6782,.T.);
#7180=ADVANCED_FACE('',(#584,#44),#6783,.F.);
#7181=ADVANCED_FACE('',(#585),#6784,.T.);
#7182=ADVANCED_FACE('',(#586),#83,.T.);
#7183=ADVANCED_FACE('',(#587),#6785,.T.);
#7184=ADVANCED_FACE('',(#588),#84,.T.);
#7185=ADVANCED_FACE('',(#589),#6786,.T.);
#7186=ADVANCED_FACE('',(#590),#85,.T.);
#7187=ADVANCED_FACE('',(#591),#6787,.T.);
#7188=ADVANCED_FACE('',(#592),#6788,.T.);
#7189=ADVANCED_FACE('',(#593),#6789,.T.);
#7190=ADVANCED_FACE('',(#594),#6790,.F.);
#7191=ADVANCED_FACE('',(#595),#6791,.T.);
#7192=ADVANCED_FACE('',(#596),#6792,.T.);
#7193=ADVANCED_FACE('',(#597),#6793,.T.);
#7194=ADVANCED_FACE('',(#598),#6794,.T.);
#7195=ADVANCED_FACE('',(#599),#6795,.T.);
#7196=ADVANCED_FACE('',(#600),#6796,.T.);
#7197=ADVANCED_FACE('',(#601),#6797,.T.);
#7198=ADVANCED_FACE('',(#602),#6798,.T.);
#7199=ADVANCED_FACE('',(#603),#6799,.T.);
#7200=ADVANCED_FACE('',(#604),#6800,.T.);
#7201=ADVANCED_FACE('',(#605),#6801,.T.);
#7202=ADVANCED_FACE('',(#606),#6802,.T.);
#7203=ADVANCED_FACE('',(#607),#6803,.T.);
#7204=ADVANCED_FACE('',(#608),#6804,.T.);
#7205=ADVANCED_FACE('',(#609),#6805,.T.);
#7206=ADVANCED_FACE('',(#610),#6806,.T.);
#7207=ADVANCED_FACE('',(#611),#6807,.T.);
#7208=ADVANCED_FACE('',(#612),#6808,.T.);
#7209=ADVANCED_FACE('',(#613,#45),#6809,.F.);
#7210=ADVANCED_FACE('',(#614,#46),#6810,.F.);
#7211=ADVANCED_FACE('',(#615),#215,.F.);
#7212=ADVANCED_FACE('',(#616),#216,.F.);
#7213=ADVANCED_FACE('',(#617),#6811,.T.);
#7214=ADVANCED_FACE('',(#618),#6812,.T.);
#7215=CLOSED_SHELL('',(#6813,#6814,#6815,#6816,#6817,#6818,#6819,#6820,
#6821,#6822,#6823,#6824,#6825,#6826,#6827,#6828,#6829,#6830,#6831,#6832,
#6833,#6834,#6835,#6836,#6837,#6838,#6839,#6840,#6841,#6842,#6843,#6844,
#6845,#6846,#6847,#6848,#6849,#6850,#6851,#6852,#6853,#6854,#6855,#6856,
#6857,#6858,#6859,#6860,#6861,#6862,#6863,#6864,#6865,#6866,#6867,#6868,
#6869,#6870,#6871,#6872,#6873,#6874,#6875,#6876,#6877,#6878,#6879,#6880,
#6881,#6882,#6883,#6884,#6885,#6886,#6887,#6888,#6889,#6890,#6891,#6892,
#6893,#6894,#6895,#6896,#6897,#6898,#6899,#6900,#6901,#6902,#6903,#6904,
#6905,#6906,#6907,#6908,#6909,#6910,#6911,#6912,#6913,#6914,#6915,#6916,
#6917,#6918,#6919,#6920,#6921,#6922,#6923,#6924,#6925,#6926,#6927,#6928,
#6929,#6930,#6931,#6932,#6933,#6934,#6935,#6936,#6937,#6938,#6939,#6940,
#6941,#6942,#6943,#6944,#6945,#6946,#6947,#6948,#6949,#6950,#6951,#6952,
#6953,#6954,#6955,#6956,#6957,#6958,#6959,#6960,#6961,#6962,#6963,#6964,
#6965,#6966,#6967,#6968,#6969,#6970,#6971,#6972,#6973,#6974,#6975,#6976,
#6977,#6978,#6979,#6980,#6981,#6982,#6983,#6984,#6985,#6986,#6987,#6988,
#6989,#6990,#6991,#6992,#6993,#6994,#6995,#6996,#6997,#6998,#6999,#7000,
#7001,#7002,#7003,#7004,#7005,#7006,#7007,#7008,#7009,#7010,#7011,#7012,
#7013,#7014,#7015,#7016,#7017,#7018,#7019,#7020,#7021,#7022,#7023,#7024,
#7025,#7026,#7027,#7028,#7029,#7030,#7031,#7032,#7033,#7034,#7035,#7036,
#7037,#7038,#7039,#7040,#7041,#7042,#7043,#7044,#7045,#7046,#7047,#7048,
#7049,#7050,#7051,#7052,#7053,#7054,#7055,#7056,#7057,#7058,#7059,#7060,
#7061,#7062,#7063,#7064,#7065,#7066,#7067,#7068,#7069,#7070,#7071,#7072,
#7073,#7074,#7075,#7076,#7077,#7078,#7079,#7080,#7081,#7082,#7083,#7084,
#7085,#7086,#7087,#7088));
#7216=CLOSED_SHELL('',(#7089,#7090,#7091,#7092,#7093,#7094,#7095,#7096,
#7097,#7098,#7099,#7100,#7101,#7102,#7103,#7104,#7105,#7106,#7107,#7108,
#7109,#7110,#7111,#7112,#7113,#7114,#7115,#7116,#7117,#7118,#7119,#7120,
#7121,#7122,#7123,#7124,#7125,#7126,#7127,#7128,#7129,#7130,#7131,#7132,
#7133,#7134,#7135,#7136,#7137,#7138,#7139,#7140,#7141,#7142,#7143,#7144,
#7145,#7146,#7147,#7148,#7149,#7150,#7151,#7152,#7153,#7154,#7155,#7156,
#7157,#7158,#7159,#7160,#7161,#7162,#7163,#7164,#7165,#7166,#7167,#7168,
#7169,#7170,#7171,#7172,#7173,#7174,#7175,#7176,#7177,#7178,#7179,#7180,
#7181,#7182,#7183,#7184,#7185,#7186,#7187,#7188,#7189,#7190,#7191,#7192,
#7193,#7194,#7195,#7196,#7197,#7198,#7199,#7200,#7201,#7202,#7203,#7204,
#7205,#7206,#7207,#7208,#7209,#7210,#7211,#7212,#7213,#7214));
#7217=AXIS2_PLACEMENT_3D('',#9600,#7715,#7716);
#7218=AXIS2_PLACEMENT_3D('',#9601,#7717,#7718);
#7219=AXIS2_PLACEMENT_3D('',#9613,#7722,#7723);
#7220=AXIS2_PLACEMENT_3D('',#9619,#7727,#7728);
#7221=AXIS2_PLACEMENT_3D('',#9627,#7729,#7730);
#7222=AXIS2_PLACEMENT_3D('',#9631,#7732,#7733);
#7223=AXIS2_PLACEMENT_3D('',#9656,#7737,#7738);
#7224=AXIS2_PLACEMENT_3D('',#9661,#7740,#7741);
#7225=AXIS2_PLACEMENT_3D('',#9664,#7743,#7744);
#7226=AXIS2_PLACEMENT_3D('',#9665,#7745,#7746);
#7227=AXIS2_PLACEMENT_3D('',#9671,#7750,#7751);
#7228=AXIS2_PLACEMENT_3D('',#9675,#7753,#7754);
#7229=AXIS2_PLACEMENT_3D('',#9676,#7755,#7756);
#7230=AXIS2_PLACEMENT_3D('',#9677,#7757,#7758);
#7231=AXIS2_PLACEMENT_3D('',#9680,#7761,#7762);
#7232=AXIS2_PLACEMENT_3D('',#9686,#7766,#7767);
#7233=AXIS2_PLACEMENT_3D('',#9689,#7769,#7770);
#7234=AXIS2_PLACEMENT_3D('',#9690,#7771,#7772);
#7235=AXIS2_PLACEMENT_3D('',#9709,#7781,#7782);
#7236=AXIS2_PLACEMENT_3D('',#9713,#7784,#7785);
#7237=AXIS2_PLACEMENT_3D('',#9757,#7808,#7809);
#7238=AXIS2_PLACEMENT_3D('',#9761,#7811,#7812);
#7239=AXIS2_PLACEMENT_3D('',#9764,#7814,#7815);
#7240=AXIS2_PLACEMENT_3D('',#9765,#7816,#7817);
#7241=AXIS2_PLACEMENT_3D('',#9769,#7820,#7821);
#7242=AXIS2_PLACEMENT_3D('',#9772,#7823,#7824);
#7243=AXIS2_PLACEMENT_3D('',#9773,#7825,#7826);
#7244=AXIS2_PLACEMENT_3D('',#9776,#7829,#7830);
#7245=AXIS2_PLACEMENT_3D('',#9778,#7832,#7833);
#7246=AXIS2_PLACEMENT_3D('',#9793,#7840,#7841);
#7247=AXIS2_PLACEMENT_3D('',#9797,#7843,#7844);
#7248=AXIS2_PLACEMENT_3D('',#9801,#7846,#7847);
#7249=AXIS2_PLACEMENT_3D('',#9805,#7849,#7850);
#7250=AXIS2_PLACEMENT_3D('',#9809,#7852,#7853);
#7251=AXIS2_PLACEMENT_3D('',#9813,#7855,#7856);
#7252=AXIS2_PLACEMENT_3D('',#9855,#7878,#7879);
#7253=AXIS2_PLACEMENT_3D('',#9868,#7886,#7887);
#7254=AXIS2_PLACEMENT_3D('',#9884,#7896,#7897);
#7255=AXIS2_PLACEMENT_3D('',#9894,#7903,#7904);
#7256=AXIS2_PLACEMENT_3D('',#9899,#7908,#7909);
#7257=AXIS2_PLACEMENT_3D('',#9903,#7912,#7913);
#7258=AXIS2_PLACEMENT_3D('',#9909,#7917,#7918);
#7259=AXIS2_PLACEMENT_3D('',#9915,#7922,#7923);
#7260=AXIS2_PLACEMENT_3D('',#9923,#7928,#7929);
#7261=AXIS2_PLACEMENT_3D('',#9929,#7933,#7934);
#7262=AXIS2_PLACEMENT_3D('',#9935,#7938,#7939);
#7263=AXIS2_PLACEMENT_3D('',#9941,#7943,#7944);
#7264=AXIS2_PLACEMENT_3D('',#9944,#7947,#7948);
#7265=AXIS2_PLACEMENT_3D('',#9946,#7950,#7951);
#7266=AXIS2_PLACEMENT_3D('',#9948,#7953,#7954);
#7267=AXIS2_PLACEMENT_3D('',#9950,#7956,#7957);
#7268=AXIS2_PLACEMENT_3D('',#9954,#7960,#7961);
#7269=AXIS2_PLACEMENT_3D('',#9986,#7978,#7979);
#7270=AXIS2_PLACEMENT_3D('',#9995,#7984,#7985);
#7271=AXIS2_PLACEMENT_3D('',#10004,#7990,#7991);
#7272=AXIS2_PLACEMENT_3D('',#10012,#7996,#7997);
#7273=AXIS2_PLACEMENT_3D('',#10016,#8000,#8001);
#7274=AXIS2_PLACEMENT_3D('',#10020,#8004,#8005);
#7275=AXIS2_PLACEMENT_3D('',#10024,#8008,#8009);
#7276=AXIS2_PLACEMENT_3D('',#10028,#8012,#8013);
#7277=AXIS2_PLACEMENT_3D('',#10032,#8016,#8017);
#7278=AXIS2_PLACEMENT_3D('',#10035,#8020,#8021);
#7279=AXIS2_PLACEMENT_3D('',#10041,#8025,#8026);
#7280=AXIS2_PLACEMENT_3D('',#10044,#8029,#8030);
#7281=AXIS2_PLACEMENT_3D('',#10047,#8033,#8034);
#7282=AXIS2_PLACEMENT_3D('',#10051,#8037,#8038);
#7283=AXIS2_PLACEMENT_3D('',#10054,#8041,#8042);
#7284=AXIS2_PLACEMENT_3D('',#10056,#8044,#8045);
#7285=AXIS2_PLACEMENT_3D('',#10058,#8047,#8048);
#7286=AXIS2_PLACEMENT_3D('',#10060,#8050,#8051);
#7287=AXIS2_PLACEMENT_3D('',#10064,#8054,#8055);
#7288=AXIS2_PLACEMENT_3D('',#10068,#8058,#8059);
#7289=AXIS2_PLACEMENT_3D('',#10072,#8062,#8063);
#7290=AXIS2_PLACEMENT_3D('',#10076,#8066,#8067);
#7291=AXIS2_PLACEMENT_3D('',#10080,#8070,#8071);
#7292=AXIS2_PLACEMENT_3D('',#10084,#8074,#8075);
#7293=AXIS2_PLACEMENT_3D('',#10088,#8078,#8079);
#7294=AXIS2_PLACEMENT_3D('',#10094,#8083,#8084);
#7295=AXIS2_PLACEMENT_3D('',#10096,#8086,#8087);
#7296=AXIS2_PLACEMENT_3D('',#10098,#8089,#8090);
#7297=AXIS2_PLACEMENT_3D('',#10100,#8092,#8093);
#7298=AXIS2_PLACEMENT_3D('',#10104,#8096,#8097);
#7299=AXIS2_PLACEMENT_3D('',#10108,#8100,#8101);
#7300=AXIS2_PLACEMENT_3D('',#10112,#8104,#8105);
#7301=AXIS2_PLACEMENT_3D('',#10114,#8107,#8108);
#7302=AXIS2_PLACEMENT_3D('',#10120,#8112,#8113);
#7303=AXIS2_PLACEMENT_3D('',#10124,#8116,#8117);
#7304=AXIS2_PLACEMENT_3D('',#10130,#8119,#8120);
#7305=AXIS2_PLACEMENT_3D('',#10132,#8121,#8122);
#7306=AXIS2_PLACEMENT_3D('',#10137,#8123,#8124);
#7307=AXIS2_PLACEMENT_3D('',#10140,#8126,#8127);
#7308=AXIS2_PLACEMENT_3D('',#10141,#8128,#8129);
#7309=AXIS2_PLACEMENT_3D('',#10145,#8132,#8133);
#7310=AXIS2_PLACEMENT_3D('',#10148,#8135,#8136);
#7311=AXIS2_PLACEMENT_3D('',#10149,#8137,#8138);
#7312=AXIS2_PLACEMENT_3D('',#10152,#8141,#8142);
#7313=AXIS2_PLACEMENT_3D('',#10154,#8144,#8145);
#7314=AXIS2_PLACEMENT_3D('',#10158,#8148,#8149);
#7315=AXIS2_PLACEMENT_3D('',#10161,#8151,#8152);
#7316=AXIS2_PLACEMENT_3D('',#10162,#8153,#8154);
#7317=AXIS2_PLACEMENT_3D('',#10166,#8157,#8158);
#7318=AXIS2_PLACEMENT_3D('',#10169,#8160,#8161);
#7319=AXIS2_PLACEMENT_3D('',#10170,#8162,#8163);
#7320=AXIS2_PLACEMENT_3D('',#10174,#8166,#8167);
#7321=AXIS2_PLACEMENT_3D('',#10177,#8169,#8170);
#7322=AXIS2_PLACEMENT_3D('',#10178,#8171,#8172);
#7323=AXIS2_PLACEMENT_3D('',#10180,#8174,#8175);
#7324=AXIS2_PLACEMENT_3D('',#10181,#8176,#8177);
#7325=AXIS2_PLACEMENT_3D('',#10185,#8179,#8180);
#7326=AXIS2_PLACEMENT_3D('',#10187,#8182,#8183);
#7327=AXIS2_PLACEMENT_3D('',#10201,#8188,#8189);
#7328=AXIS2_PLACEMENT_3D('',#10204,#8191,#8192);
#7329=AXIS2_PLACEMENT_3D('',#10205,#8193,#8194);
#7330=AXIS2_PLACEMENT_3D('',#10223,#8204,#8205);
#7331=AXIS2_PLACEMENT_3D('',#10226,#8207,#8208);
#7332=AXIS2_PLACEMENT_3D('',#10227,#8209,#8210);
#7333=AXIS2_PLACEMENT_3D('',#10229,#8212,#8213);
#7334=AXIS2_PLACEMENT_3D('',#10243,#8221,#8222);
#7335=AXIS2_PLACEMENT_3D('',#10246,#8224,#8225);
#7336=AXIS2_PLACEMENT_3D('',#10247,#8226,#8227);
#7337=AXIS2_PLACEMENT_3D('',#10253,#8231,#8232);
#7338=AXIS2_PLACEMENT_3D('',#10256,#8234,#8235);
#7339=AXIS2_PLACEMENT_3D('',#10257,#8236,#8237);
#7340=AXIS2_PLACEMENT_3D('',#10261,#8240,#8241);
#7341=AXIS2_PLACEMENT_3D('',#10264,#8244,#8245);
#7342=AXIS2_PLACEMENT_3D('',#10266,#8247,#8248);
#7343=AXIS2_PLACEMENT_3D('',#10268,#8250,#8251);
#7344=AXIS2_PLACEMENT_3D('',#10299,#8253,#8254);
#7345=AXIS2_PLACEMENT_3D('',#10301,#8256,#8257);
#7346=AXIS2_PLACEMENT_3D('',#10303,#8259,#8260);
#7347=AXIS2_PLACEMENT_3D('',#10304,#8261,#8262);
#7348=AXIS2_PLACEMENT_3D('',#10329,#8264,#8265);
#7349=AXIS2_PLACEMENT_3D('',#10343,#8273,#8274);
#7350=AXIS2_PLACEMENT_3D('',#10357,#8282,#8283);
#7351=AXIS2_PLACEMENT_3D('',#10363,#8287,#8288);
#7352=AXIS2_PLACEMENT_3D('',#10365,#8290,#8291);
#7353=AXIS2_PLACEMENT_3D('',#10371,#8295,#8296);
#7354=AXIS2_PLACEMENT_3D('',#10375,#8299,#8300);
#7355=AXIS2_PLACEMENT_3D('',#10379,#8303,#8304);
#7356=AXIS2_PLACEMENT_3D('',#10381,#8306,#8307);
#7357=AXIS2_PLACEMENT_3D('',#10384,#8310,#8311);
#7358=AXIS2_PLACEMENT_3D('',#10386,#8313,#8314);
#7359=AXIS2_PLACEMENT_3D('',#10387,#8315,#8316);
#7360=AXIS2_PLACEMENT_3D('',#10390,#8319,#8320);
#7361=AXIS2_PLACEMENT_3D('',#10392,#8322,#8323);
#7362=AXIS2_PLACEMENT_3D('',#10395,#8326,#8327);
#7363=AXIS2_PLACEMENT_3D('',#10397,#8329,#8330);
#7364=AXIS2_PLACEMENT_3D('',#10400,#8333,#8334);
#7365=AXIS2_PLACEMENT_3D('',#10402,#8336,#8337);
#7366=AXIS2_PLACEMENT_3D('',#10405,#8340,#8341);
#7367=AXIS2_PLACEMENT_3D('',#10407,#8343,#8344);
#7368=AXIS2_PLACEMENT_3D('',#10411,#8347,#8348);
#7369=AXIS2_PLACEMENT_3D('',#10417,#8352,#8353);
#7370=AXIS2_PLACEMENT_3D('',#10423,#8357,#8358);
#7371=AXIS2_PLACEMENT_3D('',#10427,#8361,#8362);
#7372=AXIS2_PLACEMENT_3D('',#10431,#8365,#8366);
#7373=AXIS2_PLACEMENT_3D('',#10447,#8372,#8373);
#7374=AXIS2_PLACEMENT_3D('',#10449,#8374,#8375);
#7375=AXIS2_PLACEMENT_3D('',#10451,#8376,#8377);
#7376=AXIS2_PLACEMENT_3D('',#10456,#8378,#8379);
#7377=AXIS2_PLACEMENT_3D('',#10465,#8382,#8383);
#7378=AXIS2_PLACEMENT_3D('',#10467,#8384,#8385);
#7379=AXIS2_PLACEMENT_3D('',#10469,#8386,#8387);
#7380=AXIS2_PLACEMENT_3D('',#10474,#8388,#8389);
#7381=AXIS2_PLACEMENT_3D('',#10484,#8395,#8396);
#7382=AXIS2_PLACEMENT_3D('',#10502,#8406,#8407);
#7383=AXIS2_PLACEMENT_3D('',#10506,#8409,#8410);
#7384=AXIS2_PLACEMENT_3D('',#10509,#8412,#8413);
#7385=AXIS2_PLACEMENT_3D('',#10510,#8414,#8415);
#7386=AXIS2_PLACEMENT_3D('',#10511,#8416,#8417);
#7387=AXIS2_PLACEMENT_3D('',#10531,#8428,#8429);
#7388=AXIS2_PLACEMENT_3D('',#10535,#8431,#8432);
#7389=AXIS2_PLACEMENT_3D('',#10538,#8434,#8435);
#7390=AXIS2_PLACEMENT_3D('',#10539,#8436,#8437);
#7391=AXIS2_PLACEMENT_3D('',#10540,#8438,#8439);
#7392=AXIS2_PLACEMENT_3D('',#10556,#8448,#8449);
#7393=AXIS2_PLACEMENT_3D('',#10560,#8452,#8453);
#7394=AXIS2_PLACEMENT_3D('',#10571,#8457,#8458);
#7395=AXIS2_PLACEMENT_3D('',#10573,#8459,#8460);
#7396=AXIS2_PLACEMENT_3D('',#10576,#8462,#8463);
#7397=AXIS2_PLACEMENT_3D('',#10577,#8464,#8465);
#7398=AXIS2_PLACEMENT_3D('',#10583,#8469,#8470);
#7399=AXIS2_PLACEMENT_3D('',#10584,#8471,#8472);
#7400=AXIS2_PLACEMENT_3D('',#10587,#8474,#8475);
#7401=AXIS2_PLACEMENT_3D('',#10588,#8476,#8477);
#7402=AXIS2_PLACEMENT_3D('',#10594,#8479,#8480);
#7403=AXIS2_PLACEMENT_3D('',#10597,#8482,#8483);
#7404=AXIS2_PLACEMENT_3D('',#10598,#8484,#8485);
#7405=AXIS2_PLACEMENT_3D('',#10602,#8488,#8489);
#7406=AXIS2_PLACEMENT_3D('',#10605,#8491,#8492);
#7407=AXIS2_PLACEMENT_3D('',#10606,#8493,#8494);
#7408=AXIS2_PLACEMENT_3D('',#10617,#8497,#8498);
#7409=AXIS2_PLACEMENT_3D('',#10622,#8501,#8502);
#7410=AXIS2_PLACEMENT_3D('',#10623,#8503,#8504);
#7411=AXIS2_PLACEMENT_3D('',#10627,#8507,#8508);
#7412=AXIS2_PLACEMENT_3D('',#10630,#8510,#8511);
#7413=AXIS2_PLACEMENT_3D('',#10631,#8512,#8513);
#7414=AXIS2_PLACEMENT_3D('',#10635,#8516,#8517);
#7415=AXIS2_PLACEMENT_3D('',#10638,#8519,#8520);
#7416=AXIS2_PLACEMENT_3D('',#10639,#8521,#8522);
#7417=AXIS2_PLACEMENT_3D('',#10643,#8525,#8526);
#7418=AXIS2_PLACEMENT_3D('',#10646,#8528,#8529);
#7419=AXIS2_PLACEMENT_3D('',#10647,#8530,#8531);
#7420=AXIS2_PLACEMENT_3D('',#10648,#8532,#8533);
#7421=AXIS2_PLACEMENT_3D('',#10650,#8535,#8536);
#7422=AXIS2_PLACEMENT_3D('',#10651,#8537,#8538);
#7423=AXIS2_PLACEMENT_3D('',#10676,#8551,#8552);
#7424=AXIS2_PLACEMENT_3D('',#10681,#8556,#8557);
#7425=AXIS2_PLACEMENT_3D('',#10684,#8560,#8561);
#7426=AXIS2_PLACEMENT_3D('',#10685,#8562,#8563);
#7427=AXIS2_PLACEMENT_3D('',#10686,#8564,#8565);
#7428=AXIS2_PLACEMENT_3D('',#10689,#8567,#8568);
#7429=AXIS2_PLACEMENT_3D('',#10690,#8569,#8570);
#7430=AXIS2_PLACEMENT_3D('',#10693,#8573,#8574);
#7431=AXIS2_PLACEMENT_3D('',#10694,#8575,#8576);
#7432=AXIS2_PLACEMENT_3D('',#10699,#8580,#8581);
#7433=AXIS2_PLACEMENT_3D('',#10701,#8583,#8584);
#7434=AXIS2_PLACEMENT_3D('',#10705,#8587,#8588);
#7435=AXIS2_PLACEMENT_3D('',#10706,#8589,#8590);
#7436=AXIS2_PLACEMENT_3D('',#10710,#8593,#8594);
#7437=AXIS2_PLACEMENT_3D('',#10711,#8595,#8596);
#7438=AXIS2_PLACEMENT_3D('',#10717,#8600,#8601);
#7439=AXIS2_PLACEMENT_3D('',#10721,#8604,#8605);
#7440=AXIS2_PLACEMENT_3D('',#10723,#8607,#8608);
#7441=AXIS2_PLACEMENT_3D('',#10729,#8612,#8613);
#7442=AXIS2_PLACEMENT_3D('',#10733,#8616,#8617);
#7443=AXIS2_PLACEMENT_3D('',#10747,#8625,#8626);
#7444=AXIS2_PLACEMENT_3D('',#10753,#8630,#8631);
#7445=AXIS2_PLACEMENT_3D('',#10755,#8633,#8634);
#7446=AXIS2_PLACEMENT_3D('',#10759,#8637,#8638);
#7447=AXIS2_PLACEMENT_3D('',#10773,#8646,#8647);
#7448=AXIS2_PLACEMENT_3D('',#10779,#8651,#8652);
#7449=AXIS2_PLACEMENT_3D('',#10781,#8654,#8655);
#7450=AXIS2_PLACEMENT_3D('',#10785,#8658,#8659);
#7451=AXIS2_PLACEMENT_3D('',#10799,#8667,#8668);
#7452=AXIS2_PLACEMENT_3D('',#10802,#8669,#8670);
#7453=AXIS2_PLACEMENT_3D('',#10805,#8673,#8674);
#7454=AXIS2_PLACEMENT_3D('',#10808,#8675,#8676);
#7455=AXIS2_PLACEMENT_3D('',#10811,#8679,#8680);
#7456=AXIS2_PLACEMENT_3D('',#10817,#8684,#8685);
#7457=AXIS2_PLACEMENT_3D('',#10821,#8688,#8689);
#7458=AXIS2_PLACEMENT_3D('',#10825,#8692,#8693);
#7459=AXIS2_PLACEMENT_3D('',#10829,#8696,#8697);
#7460=AXIS2_PLACEMENT_3D('',#10833,#8699,#8700);
#7461=AXIS2_PLACEMENT_3D('',#10835,#8702,#8703);
#7462=AXIS2_PLACEMENT_3D('',#10839,#8706,#8707);
#7463=AXIS2_PLACEMENT_3D('',#10843,#8709,#8710);
#7464=AXIS2_PLACEMENT_3D('',#10845,#8712,#8713);
#7465=AXIS2_PLACEMENT_3D('',#10849,#8716,#8717);
#7466=AXIS2_PLACEMENT_3D('',#10862,#8724,#8725);
#7467=AXIS2_PLACEMENT_3D('',#10875,#8732,#8733);
#7468=AXIS2_PLACEMENT_3D('',#10878,#8736,#8737);
#7469=AXIS2_PLACEMENT_3D('',#10880,#8739,#8740);
#7470=AXIS2_PLACEMENT_3D('',#10883,#8743,#8744);
#7471=AXIS2_PLACEMENT_3D('',#10885,#8746,#8747);
#7472=AXIS2_PLACEMENT_3D('',#10887,#8749,#8750);
#7473=AXIS2_PLACEMENT_3D('',#10889,#8752,#8753);
#7474=AXIS2_PLACEMENT_3D('',#10891,#8755,#8756);
#7475=AXIS2_PLACEMENT_3D('',#10895,#8759,#8760);
#7476=AXIS2_PLACEMENT_3D('',#10899,#8763,#8764);
#7477=AXIS2_PLACEMENT_3D('',#10946,#8789,#8790);
#7478=AXIS2_PLACEMENT_3D('',#10948,#8792,#8793);
#7479=AXIS2_PLACEMENT_3D('',#10950,#8795,#8796);
#7480=AXIS2_PLACEMENT_3D('',#10956,#8800,#8801);
#7481=AXIS2_PLACEMENT_3D('',#10958,#8803,#8804);
#7482=AXIS2_PLACEMENT_3D('',#10959,#8805,#8806);
#7483=AXIS2_PLACEMENT_3D('',#10961,#8808,#8809);
#7484=AXIS2_PLACEMENT_3D('',#10963,#8811,#8812);
#7485=AXIS2_PLACEMENT_3D('',#10964,#8813,#8814);
#7486=AXIS2_PLACEMENT_3D('',#10967,#8817,#8818);
#7487=AXIS2_PLACEMENT_3D('',#10969,#8820,#8821);
#7488=AXIS2_PLACEMENT_3D('',#10972,#8824,#8825);
#7489=AXIS2_PLACEMENT_3D('',#10974,#8827,#8828);
#7490=AXIS2_PLACEMENT_3D('',#10979,#8832,#8833);
#7491=AXIS2_PLACEMENT_3D('',#10982,#8836,#8837);
#7492=AXIS2_PLACEMENT_3D('',#10983,#8838,#8839);
#7493=AXIS2_PLACEMENT_3D('',#10985,#8841,#8842);
#7494=AXIS2_PLACEMENT_3D('',#10988,#8845,#8846);
#7495=AXIS2_PLACEMENT_3D('',#10990,#8848,#8849);
#7496=AXIS2_PLACEMENT_3D('',#10991,#8850,#8851);
#7497=AXIS2_PLACEMENT_3D('',#10993,#8853,#8854);
#7498=AXIS2_PLACEMENT_3D('',#10995,#8856,#8857);
#7499=AXIS2_PLACEMENT_3D('',#11001,#8861,#8862);
#7500=AXIS2_PLACEMENT_3D('',#11003,#8864,#8865);
#7501=AXIS2_PLACEMENT_3D('',#11006,#8868,#8869);
#7502=AXIS2_PLACEMENT_3D('',#11011,#8873,#8874);
#7503=AXIS2_PLACEMENT_3D('',#11013,#8876,#8877);
#7504=AXIS2_PLACEMENT_3D('',#11015,#8879,#8880);
#7505=AXIS2_PLACEMENT_3D('',#11017,#8882,#8883);
#7506=AXIS2_PLACEMENT_3D('',#11018,#8884,#8885);
#7507=AXIS2_PLACEMENT_3D('',#11019,#8886,#8887);
#7508=AXIS2_PLACEMENT_3D('',#11024,#8891,#8892);
#7509=AXIS2_PLACEMENT_3D('',#11027,#8895,#8896);
#7510=AXIS2_PLACEMENT_3D('',#11028,#8897,#8898);
#7511=AXIS2_PLACEMENT_3D('',#11029,#8899,#8900);
#7512=AXIS2_PLACEMENT_3D('',#11032,#8903,#8904);
#7513=AXIS2_PLACEMENT_3D('',#11034,#8906,#8907);
#7514=AXIS2_PLACEMENT_3D('',#11035,#8908,#8909);
#7515=AXIS2_PLACEMENT_3D('',#11036,#8910,#8911);
#7516=AXIS2_PLACEMENT_3D('',#11039,#8914,#8915);
#7517=AXIS2_PLACEMENT_3D('',#11041,#8917,#8918);
#7518=AXIS2_PLACEMENT_3D('',#11047,#8922,#8923);
#7519=AXIS2_PLACEMENT_3D('',#11049,#8925,#8926);
#7520=AXIS2_PLACEMENT_3D('',#11052,#8929,#8930);
#7521=AXIS2_PLACEMENT_3D('',#11055,#8933,#8934);
#7522=AXIS2_PLACEMENT_3D('',#11056,#8935,#8936);
#7523=AXIS2_PLACEMENT_3D('',#11061,#8940,#8941);
#7524=AXIS2_PLACEMENT_3D('',#11063,#8943,#8944);
#7525=AXIS2_PLACEMENT_3D('',#11065,#8946,#8947);
#7526=AXIS2_PLACEMENT_3D('',#11068,#8950,#8951);
#7527=AXIS2_PLACEMENT_3D('',#11069,#8952,#8953);
#7528=AXIS2_PLACEMENT_3D('',#11071,#8955,#8956);
#7529=AXIS2_PLACEMENT_3D('',#11072,#8957,#8958);
#7530=AXIS2_PLACEMENT_3D('',#11074,#8960,#8961);
#7531=AXIS2_PLACEMENT_3D('',#11076,#8963,#8964);
#7532=AXIS2_PLACEMENT_3D('',#11077,#8965,#8966);
#7533=AXIS2_PLACEMENT_3D('',#11078,#8967,#8968);
#7534=AXIS2_PLACEMENT_3D('',#11079,#8969,#8970);
#7535=AXIS2_PLACEMENT_3D('',#11081,#8972,#8973);
#7536=AXIS2_PLACEMENT_3D('',#11082,#8974,#8975);
#7537=AXIS2_PLACEMENT_3D('',#11084,#8977,#8978);
#7538=AXIS2_PLACEMENT_3D('',#11085,#8979,#8980);
#7539=AXIS2_PLACEMENT_3D('',#11087,#8982,#8983);
#7540=AXIS2_PLACEMENT_3D('',#11088,#8984,#8985);
#7541=AXIS2_PLACEMENT_3D('',#11090,#8987,#8988);
#7542=AXIS2_PLACEMENT_3D('',#11091,#8989,#8990);
#7543=AXIS2_PLACEMENT_3D('',#11093,#8992,#8993);
#7544=AXIS2_PLACEMENT_3D('',#11094,#8994,#8995);
#7545=AXIS2_PLACEMENT_3D('',#11095,#8996,#8997);
#7546=AXIS2_PLACEMENT_3D('',#11096,#8998,#8999);
#7547=AXIS2_PLACEMENT_3D('',#11097,#9000,#9001);
#7548=AXIS2_PLACEMENT_3D('',#11099,#9002,#9003);
#7549=AXIS2_PLACEMENT_3D('',#11102,#9005,#9006);
#7550=AXIS2_PLACEMENT_3D('',#11103,#9007,#9008);
#7551=AXIS2_PLACEMENT_3D('',#11108,#9010,#9011);
#7552=AXIS2_PLACEMENT_3D('',#11112,#9013,#9014);
#7553=AXIS2_PLACEMENT_3D('',#11116,#9016,#9017);
#7554=AXIS2_PLACEMENT_3D('',#11120,#9019,#9020);
#7555=AXIS2_PLACEMENT_3D('',#11124,#9022,#9023);
#7556=AXIS2_PLACEMENT_3D('',#11128,#9025,#9026);
#7557=AXIS2_PLACEMENT_3D('',#11132,#9028,#9029);
#7558=AXIS2_PLACEMENT_3D('',#11139,#9033,#9034);
#7559=AXIS2_PLACEMENT_3D('',#11140,#9035,#9036);
#7560=AXIS2_PLACEMENT_3D('',#11143,#9038,#9039);
#7561=AXIS2_PLACEMENT_3D('',#11144,#9040,#9041);
#7562=AXIS2_PLACEMENT_3D('',#11147,#9043,#9044);
#7563=AXIS2_PLACEMENT_3D('',#11148,#9045,#9046);
#7564=AXIS2_PLACEMENT_3D('',#11151,#9048,#9049);
#7565=AXIS2_PLACEMENT_3D('',#11152,#9050,#9051);
#7566=AXIS2_PLACEMENT_3D('',#11162,#9057,#9058);
#7567=AXIS2_PLACEMENT_3D('',#11172,#9064,#9065);
#7568=AXIS2_PLACEMENT_3D('',#11190,#9075,#9076);
#7569=AXIS2_PLACEMENT_3D('',#11194,#9079,#9080);
#7570=AXIS2_PLACEMENT_3D('',#11202,#9085,#9086);
#7571=AXIS2_PLACEMENT_3D('',#11206,#9089,#9090);
#7572=AXIS2_PLACEMENT_3D('',#11212,#9094,#9095);
#7573=AXIS2_PLACEMENT_3D('',#11216,#9098,#9099);
#7574=AXIS2_PLACEMENT_3D('',#11219,#9101,#9102);
#7575=AXIS2_PLACEMENT_3D('',#11220,#9103,#9104);
#7576=AXIS2_PLACEMENT_3D('',#11224,#9107,#9108);
#7577=AXIS2_PLACEMENT_3D('',#11227,#9110,#9111);
#7578=AXIS2_PLACEMENT_3D('',#11228,#9112,#9113);
#7579=AXIS2_PLACEMENT_3D('',#11232,#9116,#9117);
#7580=AXIS2_PLACEMENT_3D('',#11235,#9119,#9120);
#7581=AXIS2_PLACEMENT_3D('',#11236,#9121,#9122);
#7582=AXIS2_PLACEMENT_3D('',#11240,#9125,#9126);
#7583=AXIS2_PLACEMENT_3D('',#11243,#9128,#9129);
#7584=AXIS2_PLACEMENT_3D('',#11244,#9130,#9131);
#7585=AXIS2_PLACEMENT_3D('',#11248,#9134,#9135);
#7586=AXIS2_PLACEMENT_3D('',#11251,#9137,#9138);
#7587=AXIS2_PLACEMENT_3D('',#11252,#9139,#9140);
#7588=AXIS2_PLACEMENT_3D('',#11256,#9143,#9144);
#7589=AXIS2_PLACEMENT_3D('',#11259,#9146,#9147);
#7590=AXIS2_PLACEMENT_3D('',#11260,#9148,#9149);
#7591=AXIS2_PLACEMENT_3D('',#11264,#9152,#9153);
#7592=AXIS2_PLACEMENT_3D('',#11266,#9155,#9156);
#7593=AXIS2_PLACEMENT_3D('',#11267,#9157,#9158);
#7594=AXIS2_PLACEMENT_3D('',#11268,#9159,#9160);
#7595=AXIS2_PLACEMENT_3D('',#11277,#9163,#9164);
#7596=AXIS2_PLACEMENT_3D('',#11281,#9166,#9167);
#7597=AXIS2_PLACEMENT_3D('',#11282,#9168,#9169);
#7598=AXIS2_PLACEMENT_3D('',#11283,#9170,#9171);
#7599=AXIS2_PLACEMENT_3D('',#11289,#9175,#9176);
#7600=AXIS2_PLACEMENT_3D('',#11290,#9177,#9178);
#7601=AXIS2_PLACEMENT_3D('',#11291,#9179,#9180);
#7602=AXIS2_PLACEMENT_3D('',#11292,#9181,#9182);
#7603=AXIS2_PLACEMENT_3D('',#11296,#9185,#9186);
#7604=AXIS2_PLACEMENT_3D('',#11307,#9189,#9190);
#7605=AXIS2_PLACEMENT_3D('',#11308,#9191,#9192);
#7606=AXIS2_PLACEMENT_3D('',#11326,#9202,#9203);
#7607=AXIS2_PLACEMENT_3D('',#11329,#9205,#9206);
#7608=AXIS2_PLACEMENT_3D('',#11330,#9207,#9208);
#7609=AXIS2_PLACEMENT_3D('',#11334,#9211,#9212);
#7610=AXIS2_PLACEMENT_3D('',#11342,#9217,#9218);
#7611=AXIS2_PLACEMENT_3D('',#11348,#9222,#9223);
#7612=AXIS2_PLACEMENT_3D('',#11354,#9227,#9228);
#7613=AXIS2_PLACEMENT_3D('',#11368,#9236,#9237);
#7614=AXIS2_PLACEMENT_3D('',#11374,#9241,#9242);
#7615=AXIS2_PLACEMENT_3D('',#11407,#9247,#9248);
#7616=AXIS2_PLACEMENT_3D('',#11413,#9252,#9253);
#7617=AXIS2_PLACEMENT_3D('',#11416,#9256,#9257);
#7618=AXIS2_PLACEMENT_3D('',#11422,#9261,#9262);
#7619=AXIS2_PLACEMENT_3D('',#11433,#9268,#9269);
#7620=AXIS2_PLACEMENT_3D('',#11441,#9274,#9275);
#7621=AXIS2_PLACEMENT_3D('',#11445,#9278,#9279);
#7622=AXIS2_PLACEMENT_3D('',#11449,#9282,#9283);
#7623=AXIS2_PLACEMENT_3D('',#11457,#9288,#9289);
#7624=AXIS2_PLACEMENT_3D('',#11484,#9292,#9293);
#7625=AXIS2_PLACEMENT_3D('',#11488,#9296,#9297);
#7626=AXIS2_PLACEMENT_3D('',#11490,#9299,#9300);
#7627=AXIS2_PLACEMENT_3D('',#11496,#9304,#9305);
#7628=AXIS2_PLACEMENT_3D('',#11502,#9309,#9310);
#7629=AXIS2_PLACEMENT_3D('',#11506,#9313,#9314);
#7630=AXIS2_PLACEMENT_3D('',#11510,#9317,#9318);
#7631=AXIS2_PLACEMENT_3D('',#11515,#9320,#9321);
#7632=AXIS2_PLACEMENT_3D('',#11519,#9323,#9324);
#7633=AXIS2_PLACEMENT_3D('',#11536,#9334,#9335);
#7634=AXIS2_PLACEMENT_3D('',#11537,#9336,#9337);
#7635=AXIS2_PLACEMENT_3D('',#11539,#9339,#9340);
#7636=AXIS2_PLACEMENT_3D('',#11540,#9341,#9342);
#7637=AXIS2_PLACEMENT_3D('',#11547,#9347,#9348);
#7638=AXIS2_PLACEMENT_3D('',#11551,#9350,#9351);
#7639=AXIS2_PLACEMENT_3D('',#11555,#9353,#9354);
#7640=AXIS2_PLACEMENT_3D('',#11557,#9356,#9357);
#7641=AXIS2_PLACEMENT_3D('',#11560,#9360,#9361);
#7642=AXIS2_PLACEMENT_3D('',#11563,#9363,#9364);
#7643=AXIS2_PLACEMENT_3D('',#11564,#9365,#9366);
#7644=AXIS2_PLACEMENT_3D('',#11566,#9367,#9368);
#7645=AXIS2_PLACEMENT_3D('',#11568,#9370,#9371);
#7646=AXIS2_PLACEMENT_3D('',#11569,#9372,#9373);
#7647=AXIS2_PLACEMENT_3D('',#11571,#9375,#9376);
#7648=AXIS2_PLACEMENT_3D('',#11577,#9380,#9381);
#7649=AXIS2_PLACEMENT_3D('',#11581,#9383,#9384);
#7650=AXIS2_PLACEMENT_3D('',#11583,#9386,#9387);
#7651=AXIS2_PLACEMENT_3D('',#11587,#9390,#9391);
#7652=AXIS2_PLACEMENT_3D('',#11588,#9392,#9393);
#7653=AXIS2_PLACEMENT_3D('',#11589,#9394,#9395);
#7654=AXIS2_PLACEMENT_3D('',#11598,#9400,#9401);
#7655=AXIS2_PLACEMENT_3D('',#11604,#9405,#9406);
#7656=AXIS2_PLACEMENT_3D('',#11607,#9409,#9410);
#7657=AXIS2_PLACEMENT_3D('',#11613,#9414,#9415);
#7658=AXIS2_PLACEMENT_3D('',#11619,#9419,#9420);
#7659=AXIS2_PLACEMENT_3D('',#11624,#9424,#9425);
#7660=AXIS2_PLACEMENT_3D('',#11630,#9429,#9430);
#7661=AXIS2_PLACEMENT_3D('',#11632,#9432,#9433);
#7662=AXIS2_PLACEMENT_3D('',#11635,#9435,#9436);
#7663=AXIS2_PLACEMENT_3D('',#11636,#9437,#9438);
#7664=AXIS2_PLACEMENT_3D('',#11640,#9441,#9442);
#7665=AXIS2_PLACEMENT_3D('',#11643,#9444,#9445);
#7666=AXIS2_PLACEMENT_3D('',#11644,#9446,#9447);
#7667=AXIS2_PLACEMENT_3D('',#11649,#9451,#9452);
#7668=AXIS2_PLACEMENT_3D('',#11654,#9453,#9454);
#7669=AXIS2_PLACEMENT_3D('',#11655,#9455,#9456);
#7670=AXIS2_PLACEMENT_3D('',#11658,#9458,#9459);
#7671=AXIS2_PLACEMENT_3D('',#11659,#9460,#9461);
#7672=AXIS2_PLACEMENT_3D('',#11670,#9467,#9468);
#7673=AXIS2_PLACEMENT_3D('',#11673,#9471,#9472);
#7674=AXIS2_PLACEMENT_3D('',#11678,#9476,#9477);
#7675=AXIS2_PLACEMENT_3D('',#11682,#9479,#9480);
#7676=AXIS2_PLACEMENT_3D('',#11686,#9482,#9483);
#7677=AXIS2_PLACEMENT_3D('',#11689,#9485,#9486);
#7678=AXIS2_PLACEMENT_3D('',#11691,#9487,#9488);
#7679=AXIS2_PLACEMENT_3D('',#11692,#9489,#9490);
#7680=AXIS2_PLACEMENT_3D('',#11694,#9492,#9493);
#7681=AXIS2_PLACEMENT_3D('',#11696,#9495,#9496);
#7682=AXIS2_PLACEMENT_3D('',#11699,#9499,#9500);
#7683=AXIS2_PLACEMENT_3D('',#11701,#9502,#9503);
#7684=AXIS2_PLACEMENT_3D('',#11703,#9505,#9506);
#7685=AXIS2_PLACEMENT_3D('',#11704,#9507,#9508);
#7686=AXIS2_PLACEMENT_3D('',#11710,#9512,#9513);
#7687=AXIS2_PLACEMENT_3D('',#11712,#9515,#9516);
#7688=AXIS2_PLACEMENT_3D('',#11713,#9517,#9518);
#7689=AXIS2_PLACEMENT_3D('',#11715,#9520,#9521);
#7690=AXIS2_PLACEMENT_3D('',#11719,#9524,#9525);
#7691=AXIS2_PLACEMENT_3D('',#11731,#9532,#9533);
#7692=AXIS2_PLACEMENT_3D('',#11743,#9540,#9541);
#7693=AXIS2_PLACEMENT_3D('',#11746,#9544,#9545);
#7694=AXIS2_PLACEMENT_3D('',#11748,#9547,#9548);
#7695=AXIS2_PLACEMENT_3D('',#11750,#9550,#9551);
#7696=AXIS2_PLACEMENT_3D('',#11752,#9553,#9554);
#7697=AXIS2_PLACEMENT_3D('',#11753,#9555,#9556);
#7698=AXIS2_PLACEMENT_3D('',#11754,#9557,#9558);
#7699=AXIS2_PLACEMENT_3D('',#11756,#9560,#9561);
#7700=AXIS2_PLACEMENT_3D('',#11758,#9563,#9564);
#7701=AXIS2_PLACEMENT_3D('',#11760,#9566,#9567);
#7702=AXIS2_PLACEMENT_3D('',#11761,#9568,#9569);
#7703=AXIS2_PLACEMENT_3D('',#11763,#9571,#9572);
#7704=AXIS2_PLACEMENT_3D('',#11765,#9574,#9575);
#7705=AXIS2_PLACEMENT_3D('',#11767,#9577,#9578);
#7706=AXIS2_PLACEMENT_3D('',#11769,#9580,#9581);
#7707=AXIS2_PLACEMENT_3D('',#11770,#9582,#9583);
#7708=AXIS2_PLACEMENT_3D('',#11772,#9584,#9585);
#7709=AXIS2_PLACEMENT_3D('',#11773,#9586,#9587);
#7710=AXIS2_PLACEMENT_3D('',#11775,#9588,#9589);
#7711=AXIS2_PLACEMENT_3D('',#11776,#9590,#9591);
#7712=AXIS2_PLACEMENT_3D('',#11778,#9593,#9594);
#7713=AXIS2_PLACEMENT_3D('',#11780,#9596,#9597);
#7714=AXIS2_PLACEMENT_3D('',#11781,#9598,#9599);
#7715=DIRECTION('axis',(0.,0.,1.));
#7716=DIRECTION('refdir',(1.,0.,0.));
#7717=DIRECTION('center_axis',(-0.70710678118654,-0.270598050073102,-0.653281482438195));
#7718=DIRECTION('ref_axis',(-0.678598344545855,0.,0.734509555267748));
#7719=DIRECTION('',(1.00650537420555E-7,-0.92387957102857,0.382683339376115));
#7720=DIRECTION('',(-0.700214507282563,0.396639656760327,0.593613196009058));
#7721=DIRECTION('',(0.,-0.923879532511287,0.38268343236509));
#7722=DIRECTION('center_axis',(-0.707106781186544,-0.500000000000003,-0.500000000000002));
#7723=DIRECTION('ref_axis',(-0.577350269189629,0.,0.816496580927723));
#7724=DIRECTION('',(7.70345889816707E-8,-0.707106835658223,0.707106726714864));
#7725=DIRECTION('',(0.707108067656888,-0.499999090326449,-0.499999090326437));
#7726=DIRECTION('',(0.,-0.707106781186547,0.707106781186548));
#7727=DIRECTION('center_axis',(0.,0.,1.));
#7728=DIRECTION('ref_axis',(0.707106819703839,-0.707106742669254,0.));
#7729=DIRECTION('center_axis',(0.,0.,1.));
#7730=DIRECTION('ref_axis',(0.707106819703839,-0.707106742669254,0.));
#7731=DIRECTION('',(0.,0.,1.));
#7732=DIRECTION('center_axis',(0.,0.,-1.));
#7733=DIRECTION('ref_axis',(0.707106819703839,-0.707106742669254,0.));
#7734=DIRECTION('',(0.,0.,-1.));
#7735=DIRECTION('',(1.00650537420555E-7,-0.92387957102857,0.382683339376115));
#7736=DIRECTION('',(0.703178350128314,-0.300547447856317,-0.644369024315941));
#7737=DIRECTION('center_axis',(0.,0.,-1.));
#7738=DIRECTION('ref_axis',(-1.86984936205899E-14,1.,0.));
#7739=DIRECTION('',(3.21730785893808E-9,-0.707106781186554,0.707106781186541));
#7740=DIRECTION('center_axis',(0.,0.,1.));
#7741=DIRECTION('ref_axis',(-1.86984936205899E-14,1.,0.));
#7742=DIRECTION('',(5.02429586778805E-14,-0.707106781186554,-0.707106781186541));
#7743=DIRECTION('center_axis',(0.,0.,-1.));
#7744=DIRECTION('ref_axis',(-1.86984936205899E-14,1.,0.));
#7745=DIRECTION('center_axis',(1.0858389956051E-8,-0.707106781186547,-0.707106781186548));
#7746=DIRECTION('ref_axis',(-1.,0.,-1.53560823413831E-8));
#7747=DIRECTION('',(1.08584077435463E-8,-0.707106781186548,0.707106781186547));
#7748=DIRECTION('',(-1.,-1.53560823413832E-8,0.));
#7749=DIRECTION('',(1.,1.53560823413832E-8,0.));
#7750=DIRECTION('center_axis',(0.,0.,-1.));
#7751=DIRECTION('ref_axis',(1.,3.11918702282815E-9,0.));
#7752=DIRECTION('',(0.,0.707106781186554,0.707106781186541));
#7753=DIRECTION('center_axis',(0.,0.,1.));
#7754=DIRECTION('ref_axis',(-1.86984930463185E-14,-1.,0.));
#7755=DIRECTION('center_axis',(0.,0.,-1.));
#7756=DIRECTION('ref_axis',(-1.86984930463185E-14,-1.,0.));
#7757=DIRECTION('center_axis',(9.6173812070127E-16,0.707106781186546,-0.707106781186549));
#7758=DIRECTION('ref_axis',(-1.,0.,-1.36010309374695E-15));
#7759=DIRECTION('',(1.,-1.36010309374695E-15,0.));
#7760=DIRECTION('',(-1.,1.36010309374695E-15,0.));
#7761=DIRECTION('center_axis',(-1.36010309374695E-15,-1.,0.));
#7762=DIRECTION('ref_axis',(1.,-1.36010309374695E-15,0.));
#7763=DIRECTION('',(0.,0.,1.));
#7764=DIRECTION('',(-1.,1.36010309374695E-15,0.));
#7765=DIRECTION('',(0.,0.,1.));
#7766=DIRECTION('center_axis',(0.,0.,1.));
#7767=DIRECTION('ref_axis',(-1.86984936205899E-14,1.,0.));
#7768=DIRECTION('',(0.,0.,1.));
#7769=DIRECTION('center_axis',(0.,0.,-1.));
#7770=DIRECTION('ref_axis',(-1.86984936205899E-14,1.,0.));
#7771=DIRECTION('center_axis',(0.,0.,1.));
#7772=DIRECTION('ref_axis',(1.,0.,0.));
#7773=DIRECTION('',(1.,8.1971762710964E-9,0.));
#7774=DIRECTION('',(0.707106778288388,0.707106784084707,0.));
#7775=DIRECTION('',(-2.98649993624167E-14,1.,0.));
#7776=DIRECTION('',(-0.707106787778169,0.707106774594926,0.));
#7777=DIRECTION('',(-1.,-8.1971762710964E-9,0.));
#7778=DIRECTION('',(1.11160338698748E-15,1.,0.));
#7779=DIRECTION('',(-1.,0.,0.));
#7780=DIRECTION('',(-1.24344978758018E-13,-1.,0.));
#7781=DIRECTION('center_axis',(0.,0.,1.));
#7782=DIRECTION('ref_axis',(-0.707106781186502,0.707106781186593,0.));
#7783=DIRECTION('',(-1.,0.,0.));
#7784=DIRECTION('center_axis',(0.,0.,-1.));
#7785=DIRECTION('ref_axis',(0.707106819703839,-0.707106742669254,0.));
#7786=DIRECTION('',(-1.,0.,0.));
#7787=DIRECTION('',(0.,1.,0.));
#7788=DIRECTION('',(0.5,-0.866025403784439,0.));
#7789=DIRECTION('',(1.,-1.33226762955019E-15,0.));
#7790=DIRECTION('',(-0.5,0.866025403784439,0.));
#7791=DIRECTION('',(-1.,1.27675647831893E-15,0.));
#7792=DIRECTION('',(-0.5,0.866025403784439,0.));
#7793=DIRECTION('',(0.,-1.,0.));
#7794=DIRECTION('',(0.5,-0.866025403784439,0.));
#7795=DIRECTION('',(1.,-1.33226762955019E-15,0.));
#7796=DIRECTION('',(0.5,-0.866025403784439,0.));
#7797=DIRECTION('',(1.,-1.33226762955019E-15,0.));
#7798=DIRECTION('',(-0.5,0.866025403784439,0.));
#7799=DIRECTION('',(0.,-1.,0.));
#7800=DIRECTION('',(-0.5,0.866025403784439,0.));
#7801=DIRECTION('',(-1.,1.27675647831893E-15,0.));
#7802=DIRECTION('',(0.5,-0.866025403784439,0.));
#7803=DIRECTION('',(1.77635683940025E-15,1.,0.));
#7804=DIRECTION('',(-0.5,0.866025403784439,0.));
#7805=DIRECTION('',(-1.,1.27675647831893E-15,0.));
#7806=DIRECTION('',(0.5,-0.866025403784439,0.));
#7807=DIRECTION('',(1.77635683940025E-15,1.,0.));
#7808=DIRECTION('center_axis',(0.,0.,1.));
#7809=DIRECTION('ref_axis',(1.,2.27495478315637E-9,0.));
#7810=DIRECTION('',(0.,-0.707106781186554,0.707106781186541));
#7811=DIRECTION('center_axis',(0.,0.,1.));
#7812=DIRECTION('ref_axis',(-1.86984930463185E-14,-1.,0.));
#7813=DIRECTION('',(3.2172576159794E-9,-0.707106781186554,-0.707106781186541));
#7814=DIRECTION('center_axis',(0.,0.,-1.));
#7815=DIRECTION('ref_axis',(-1.86984930463185E-14,-1.,0.));
#7816=DIRECTION('center_axis',(9.6173812070127E-16,0.707106781186546,0.707106781186549));
#7817=DIRECTION('ref_axis',(1.,0.,-1.36010309374695E-15));
#7818=DIRECTION('',(0.,-0.707106822448443,0.70710673992465));
#7819=DIRECTION('',(1.,-1.36010309374695E-15,0.));
#7820=DIRECTION('center_axis',(0.,0.,1.));
#7821=DIRECTION('ref_axis',(-1.86984936205899E-14,1.,0.));
#7822=DIRECTION('',(-3.21730785893808E-9,0.707106781186554,0.707106781186541));
#7823=DIRECTION('center_axis',(0.,0.,1.));
#7824=DIRECTION('ref_axis',(-1.86984936205899E-14,1.,0.));
#7825=DIRECTION('center_axis',(1.0858389956051E-8,-0.707106781186545,0.70710678118655));
#7826=DIRECTION('ref_axis',(1.,0.,-1.53560823413831E-8));
#7827=DIRECTION('',(-1.,-1.53560823413832E-8,0.));
#7828=DIRECTION('',(1.,1.53560823413832E-8,0.));
#7829=DIRECTION('center_axis',(0.,0.,1.));
#7830=DIRECTION('ref_axis',(1.,2.27495367293334E-9,0.));
#7831=DIRECTION('',(0.,0.,1.));
#7832=DIRECTION('center_axis',(0.,0.,-1.));
#7833=DIRECTION('ref_axis',(-1.,0.,0.));
#7834=DIRECTION('',(1.,8.1971762710964E-9,0.));
#7835=DIRECTION('',(0.707106787778169,-0.707106774594926,0.));
#7836=DIRECTION('',(2.98649993624167E-14,-1.,0.));
#7837=DIRECTION('',(-0.707106778288388,-0.707106784084707,0.));
#7838=DIRECTION('',(-1.,-8.1971762710964E-9,0.));
#7839=DIRECTION('',(0.,-1.,0.));
#7840=DIRECTION('center_axis',(0.,0.,-1.));
#7841=DIRECTION('ref_axis',(0.707106742669251,0.707106819703842,0.));
#7842=DIRECTION('',(0.999999999999994,1.08943351320598E-7,0.));
#7843=DIRECTION('center_axis',(0.,0.,-1.));
#7844=DIRECTION('ref_axis',(-0.70710685822113,0.707106704151956,0.));
#7845=DIRECTION('',(-1.08943352117309E-7,0.999999999999994,0.));
#7846=DIRECTION('center_axis',(0.,0.,1.));
#7847=DIRECTION('ref_axis',(0.707106819703839,-0.707106742669254,0.));
#7848=DIRECTION('',(1.,0.,0.));
#7849=DIRECTION('center_axis',(0.,0.,-1.));
#7850=DIRECTION('ref_axis',(-0.707106781186502,0.707106781186593,0.));
#7851=DIRECTION('',(1.24344978758018E-13,1.,0.));
#7852=DIRECTION('center_axis',(0.,0.,-1.));
#7853=DIRECTION('ref_axis',(-0.707106781186591,-0.707106781186504,0.));
#7854=DIRECTION('',(-1.,0.,0.));
#7855=DIRECTION('center_axis',(0.,0.,-1.));
#7856=DIRECTION('ref_axis',(0.707106781186546,-0.707106781186549,0.));
#7857=DIRECTION('',(0.,-1.,0.));
#7858=DIRECTION('',(-1.,1.27675647831893E-15,0.));
#7859=DIRECTION('',(-0.5,0.866025403784439,0.));
#7860=DIRECTION('',(1.,-1.33226762955019E-15,0.));
#7861=DIRECTION('',(0.5,-0.866025403784439,0.));
#7862=DIRECTION('',(-0.5,0.866025403784439,0.));
#7863=DIRECTION('',(1.77635683940025E-15,1.,0.));
#7864=DIRECTION('',(0.5,-0.866025403784439,0.));
#7865=DIRECTION('',(-1.,1.27675647831893E-15,0.));
#7866=DIRECTION('',(0.,-1.,0.));
#7867=DIRECTION('',(-0.5,0.866025403784439,0.));
#7868=DIRECTION('',(1.,-1.33226762955019E-15,0.));
#7869=DIRECTION('',(0.5,-0.866025403784439,0.));
#7870=DIRECTION('',(-0.5,0.866025403784439,0.));
#7871=DIRECTION('',(1.77635683940025E-15,1.,0.));
#7872=DIRECTION('',(0.5,-0.866025403784439,0.));
#7873=DIRECTION('',(-1.,1.27675647831893E-15,0.));
#7874=DIRECTION('',(0.,-1.,0.));
#7875=DIRECTION('',(-0.5,0.866025403784439,0.));
#7876=DIRECTION('',(1.,-1.33226762955019E-15,0.));
#7877=DIRECTION('',(0.5,-0.866025403784439,0.));
#7878=DIRECTION('center_axis',(-0.707106778288403,-0.707106784084692,0.));
#7879=DIRECTION('ref_axis',(0.,0.,1.));
#7880=DIRECTION('',(-0.678598347107404,0.678598341544804,-0.281084638775834));
#7881=DIRECTION('',(0.,0.,1.));
#7882=DIRECTION('',(0.678598347107411,-0.678598341544811,0.2810846387758));
#7883=DIRECTION('',(0.,0.,-1.));
#7884=DIRECTION('',(0.577350270767171,-0.577350266034521,-0.577350270767184));
#7885=DIRECTION('',(0.,0.,-1.));
#7886=DIRECTION('center_axis',(-0.707106781186555,7.86022292928787E-16,
-0.70710678118654));
#7887=DIRECTION('ref_axis',(-0.70710678118654,0.,0.707106781186555));
#7888=DIRECTION('',(0.,-1.,-1.1116033869875E-15));
#7889=DIRECTION('',(0.357406744336592,-0.862856209461014,-0.357406744336601));
#7890=DIRECTION('',(0.577350269189617,-0.577350269189631,-0.57735026918963));
#7891=DIRECTION('',(0.577350269189619,0.577350269189628,-0.577350269189631));
#7892=DIRECTION('',(1.11160338698748E-15,1.,0.));
#7893=DIRECTION('',(-0.577350269189617,-0.577350269189632,0.577350269189629));
#7894=DIRECTION('',(0.577350269189626,-0.577350269189611,-0.57735026918964));
#7895=DIRECTION('',(-1.11160338698748E-15,-1.,0.));
#7896=DIRECTION('center_axis',(1.,0.,0.));
#7897=DIRECTION('ref_axis',(0.,0.,-1.));
#7898=DIRECTION('',(0.,-1.,0.));
#7899=DIRECTION('',(0.,-0.923879532511287,0.38268343236509));
#7900=DIRECTION('',(0.,-0.707106781186547,0.707106781186548));
#7901=DIRECTION('',(0.,0.,1.));
#7902=DIRECTION('',(0.,0.707106781186548,0.707106781186547));
#7903=DIRECTION('center_axis',(-0.499999995652812,-0.70710678323583,-0.500000001449065));
#7904=DIRECTION('ref_axis',(-0.707106785285117,0.,0.707106777087978));
#7905=DIRECTION('',(0.707106781186529,5.79627892787356E-9,-0.707106781186566));
#7906=DIRECTION('',(-0.707106781186529,-5.79627892787356E-9,0.707106781186566));
#7907=DIRECTION('',(-0.281084638154302,0.678598343302779,-0.678598345606876));
#7908=DIRECTION('center_axis',(5.79627892787371E-9,-0.707106781186546,-0.707106781186549));
#7909=DIRECTION('ref_axis',(-1.,0.,-8.19717627109636E-9));
#7910=DIRECTION('',(-1.,-8.1971762710964E-9,0.));
#7911=DIRECTION('',(-0.281084641776862,0.678598342552523,-0.678598344856618));
#7912=DIRECTION('center_axis',(0.707106781186566,2.11177435692973E-14,-0.707106781186529));
#7913=DIRECTION('ref_axis',(-0.707106781186529,0.,-0.707106781186566));
#7914=DIRECTION('',(2.98649993624167E-14,-1.,0.));
#7915=DIRECTION('',(-0.678598343838993,-0.281084641127728,-0.678598343839029));
#7916=DIRECTION('',(0.678598344856599,-0.281084636214291,0.678598344856635));
#7917=DIRECTION('center_axis',(-5.79627892787368E-9,0.707106781186543,-0.707106781186552));
#7918=DIRECTION('ref_axis',(-1.,0.,8.19717627109629E-9));
#7919=DIRECTION('',(1.,8.1971762710964E-9,0.));
#7920=DIRECTION('',(-0.281084637275315,-0.678598345788919,-0.678598343484824));
#7921=DIRECTION('',(0.281084631740471,0.678598346935226,0.678598344631124));
#7922=DIRECTION('center_axis',(-0.707106779137243,-0.500000001449076,0.500000001449079));
#7923=DIRECTION('ref_axis',(0.577350271420627,0.,0.81649657935017));
#7924=DIRECTION('',(7.8602229292878E-16,0.707106781186549,0.707106781186546));
#7925=DIRECTION('',(0.577350269189638,4.73264192671242E-9,0.816496580927717));
#7926=DIRECTION('',(-7.8602229292878E-16,-0.707106781186549,-0.707106781186546));
#7927=DIRECTION('',(0.678598345606884,-0.28108463259171,0.678598345606872));
#7928=DIRECTION('center_axis',(-0.707106781186541,7.86022292928772E-16,
0.707106781186554));
#7929=DIRECTION('ref_axis',(0.707106781186554,0.,0.707106781186541));
#7930=DIRECTION('',(1.11160338698748E-15,1.,0.));
#7931=DIRECTION('',(-1.11160338698748E-15,-1.,0.));
#7932=DIRECTION('',(0.6785983434848,0.281084642837922,0.678598343484836));
#7933=DIRECTION('center_axis',(-0.70710678323586,0.499999998550917,0.499999998550918));
#7934=DIRECTION('ref_axis',(0.577350266958618,0.,0.816496582505287));
#7935=DIRECTION('',(7.8602229292878E-16,0.707106781186549,-0.707106781186546));
#7936=DIRECTION('',(-7.8602229292878E-16,-0.707106781186549,0.707106781186546));
#7937=DIRECTION('',(0.67859834198425,0.678598347546934,0.281084636653797));
#7938=DIRECTION('center_axis',(-0.707106784084711,0.707106778288385,0.));
#7939=DIRECTION('ref_axis',(0.,0.,1.));
#7940=DIRECTION('',(0.,0.,-1.));
#7941=DIRECTION('',(0.,0.,1.));
#7942=DIRECTION('',(0.678598341984304,0.678598347546888,0.281084636653779));
#7943=DIRECTION('center_axis',(-0.500000004347202,0.707106779137257,-0.499999998550932));
#7944=DIRECTION('ref_axis',(-0.707106777087966,0.,0.707106785285129));
#7945=DIRECTION('',(0.707106781186554,5.79627892787377E-9,-0.707106781186541));
#7946=DIRECTION('',(-0.707106781186554,-5.79627892787377E-9,0.707106781186541));
#7947=DIRECTION('center_axis',(0.499999995339012,0.500000004660972,-0.707106781186559));
#7948=DIRECTION('ref_axis',(-0.816496583464851,0.,-0.577350265601589));
#7949=DIRECTION('',(0.707106787778169,-0.707106774594926,0.));
#7950=DIRECTION('center_axis',(0.500000002049319,-0.499999997950702,-0.707106781186533));
#7951=DIRECTION('ref_axis',(-0.816496579812213,0.,-0.5773502707672));
#7952=DIRECTION('',(-0.707106778288388,-0.707106784084707,0.));
#7953=DIRECTION('center_axis',(-0.707106781186566,0.,-0.707106781186529));
#7954=DIRECTION('ref_axis',(-0.707106781186529,0.,0.707106781186566));
#7955=DIRECTION('',(-0.700214507282533,0.139281325317168,0.70021450728257));
#7956=DIRECTION('center_axis',(-0.707106781186541,7.86022292928772E-16,
-0.707106781186554));
#7957=DIRECTION('ref_axis',(-0.707106781186554,0.,0.707106781186541));
#7958=DIRECTION('',(-1.11160338698748E-15,-1.,0.));
#7959=DIRECTION('',(-0.700214507282563,-0.139281325317121,0.70021450728255));
#7960=DIRECTION('center_axis',(-1.,1.11160338698748E-15,0.));
#7961=DIRECTION('ref_axis',(-1.11160338698748E-15,-1.,0.));
#7962=DIRECTION('',(0.,0.,1.));
#7963=DIRECTION('',(1.11160338698748E-15,1.,0.));
#7964=DIRECTION('',(0.,0.,-1.));
#7965=DIRECTION('',(-1.11160338698748E-15,-1.,0.));
#7966=DIRECTION('',(0.,0.,1.));
#7967=DIRECTION('',(1.11160338698748E-15,1.,0.));
#7968=DIRECTION('',(0.,0.,-1.));
#7969=DIRECTION('',(-1.11160338698748E-15,-1.,0.));
#7970=DIRECTION('',(0.,0.,1.));
#7971=DIRECTION('',(1.11160338698748E-15,1.,0.));
#7972=DIRECTION('',(0.,0.,-1.));
#7973=DIRECTION('',(-1.11160338698748E-15,-1.,0.));
#7974=DIRECTION('',(7.86022292928779E-16,0.707106781186548,-0.707106781186547));
#7975=DIRECTION('',(0.,0.,-1.));
#7976=DIRECTION('',(-7.86022292928779E-16,-0.707106781186548,-0.707106781186548));
#7977=DIRECTION('',(-1.02698761750795E-15,-0.923879532511287,-0.38268343236509));
#7978=DIRECTION('center_axis',(0.707106781186541,0.,0.707106781186554));
#7979=DIRECTION('ref_axis',(0.707106781186554,0.,-0.707106781186541));
#7980=DIRECTION('',(0.,1.,0.));
#7981=DIRECTION('',(-0.678598343484827,-0.281084642837921,0.678598343484809));
#7982=DIRECTION('',(0.,-1.,0.));
#7983=DIRECTION('',(-0.678598345606886,0.281084632591701,0.678598345606874));
#7984=DIRECTION('center_axis',(0.707106778288403,0.707106784084692,0.));
#7985=DIRECTION('ref_axis',(0.,0.,-1.));
#7986=DIRECTION('',(0.,0.,1.));
#7987=DIRECTION('',(0.678598347107417,-0.678598341544818,0.281084638775769));
#7988=DIRECTION('',(0.,0.,-1.));
#7989=DIRECTION('',(-0.678598347107405,0.678598341544806,0.281084638775825));
#7990=DIRECTION('center_axis',(0.500000004347202,-0.707106779137257,0.499999998550932));
#7991=DIRECTION('ref_axis',(0.707106777087966,0.,-0.707106785285129));
#7992=DIRECTION('',(-0.707106781186554,-5.79627892787377E-9,0.707106781186541));
#7993=DIRECTION('',(-0.281084637275362,-0.678598345788913,-0.67859834348481));
#7994=DIRECTION('',(0.707106781186554,5.79627892787377E-9,-0.707106781186541));
#7995=DIRECTION('',(0.678598341984298,0.678598347546879,0.281084636653813));
#7996=DIRECTION('center_axis',(5.79627892787371E-9,-0.707106781186546,0.707106781186549));
#7997=DIRECTION('ref_axis',(1.,0.,-8.19717627109636E-9));
#7998=DIRECTION('',(0.281084641776862,-0.678598342552523,-0.678598344856618));
#7999=DIRECTION('',(1.,8.1971762710964E-9,0.));
#8000=DIRECTION('center_axis',(0.500000002049319,-0.499999997950702,0.707106781186533));
#8001=DIRECTION('ref_axis',(0.816496579812213,0.,-0.5773502707672));
#8002=DIRECTION('',(0.678598344856636,-0.281084636214229,-0.678598344856624));
#8003=DIRECTION('',(0.707106778288388,0.707106784084707,0.));
#8004=DIRECTION('center_axis',(0.707106781186541,2.11177435692966E-14,0.707106781186554));
#8005=DIRECTION('ref_axis',(0.707106781186554,0.,-0.707106781186541));
#8006=DIRECTION('',(0.678598343839028,0.281084641127674,-0.678598343839016));
#8007=DIRECTION('',(-2.98649993624167E-14,1.,0.));
#8008=DIRECTION('center_axis',(0.499999995339012,0.500000004660972,0.707106781186559));
#8009=DIRECTION('ref_axis',(0.816496583464851,0.,-0.577350265601589));
#8010=DIRECTION('',(-0.707106787778169,0.707106774594926,0.));
#8011=DIRECTION('',(0.28108463174047,0.678598346935229,-0.678598344631121));
#8012=DIRECTION('center_axis',(-5.79627892787368E-9,0.707106781186543,0.707106781186552));
#8013=DIRECTION('ref_axis',(1.,0.,8.19717627109629E-9));
#8014=DIRECTION('',(-1.,-8.1971762710964E-9,0.));
#8015=DIRECTION('',(-0.281084638154211,0.678598343302791,-0.678598345606901));
#8016=DIRECTION('center_axis',(0.499999995652812,0.707106783235806,0.500000001449099));
#8017=DIRECTION('ref_axis',(0.707106785285142,0.,-0.707106777087953));
#8018=DIRECTION('',(-0.707106781186554,-5.79627892787377E-9,0.707106781186541));
#8019=DIRECTION('',(0.707106781186554,5.79627892787377E-9,-0.707106781186541));
#8020=DIRECTION('center_axis',(0.707106784084684,-0.707106778288411,0.));
#8021=DIRECTION('ref_axis',(0.,0.,-1.));
#8022=DIRECTION('',(0.,0.,1.));
#8023=DIRECTION('',(0.,0.,-1.));
#8024=DIRECTION('',(0.678598341984301,0.678598347546891,-0.281084636653778));
#8025=DIRECTION('center_axis',(0.707106779137239,0.500000001449079,0.500000001449081));
#8026=DIRECTION('ref_axis',(0.577350271420631,0.,-0.816496579350167));
#8027=DIRECTION('',(0.,-0.707106781186549,0.707106781186546));
#8028=DIRECTION('',(0.,0.707106781186549,-0.707106781186546));
#8029=DIRECTION('center_axis',(0.707106783235833,-0.499999998550935,0.499999998550937));
#8030=DIRECTION('ref_axis',(0.577350266958647,0.,-0.816496582505266));
#8031=DIRECTION('',(0.,0.707106781186549,0.707106781186546));
#8032=DIRECTION('',(0.,-0.707106781186549,-0.707106781186546));
#8033=DIRECTION('center_axis',(0.707106781186541,0.,0.707106781186554));
#8034=DIRECTION('ref_axis',(0.707106781186554,0.,-0.707106781186541));
#8035=DIRECTION('',(0.,1.,0.));
#8036=DIRECTION('',(-0.707106781186554,0.,0.707106781186541));
#8037=DIRECTION('center_axis',(-5.79627892787371E-9,0.707106781186546,0.707106781186549));
#8038=DIRECTION('ref_axis',(1.,0.,8.19717627109636E-9));
#8039=DIRECTION('',(1.,8.1971762710964E-9,0.));
#8040=DIRECTION('',(-1.,-8.1971762710964E-9,0.));
#8041=DIRECTION('center_axis',(0.,0.,-1.));
#8042=DIRECTION('ref_axis',(-1.,0.,0.));
#8043=DIRECTION('',(1.,8.1971762710964E-9,0.));
#8044=DIRECTION('center_axis',(5.79627892787371E-9,-0.707106781186546,0.707106781186549));
#8045=DIRECTION('ref_axis',(1.,0.,-8.19717627109636E-9));
#8046=DIRECTION('',(-1.,-8.1971762710964E-9,0.));
#8047=DIRECTION('center_axis',(-8.1971762710964E-9,1.,0.));
#8048=DIRECTION('ref_axis',(0.,0.,1.));
#8049=DIRECTION('',(0.,0.,1.));
#8050=DIRECTION('center_axis',(-0.70710678118654,0.270598050073102,-0.653281482438195));
#8051=DIRECTION('ref_axis',(-0.678598344545854,0.,0.734509555267749));
#8052=DIRECTION('',(1.02698761750795E-15,0.923879532511287,0.38268343236509));
#8053=DIRECTION('',(-0.700214507282536,-0.39663965676029,0.593613196009115));
#8054=DIRECTION('center_axis',(-0.707106781186542,0.500000000000004,-0.500000000000004));
#8055=DIRECTION('ref_axis',(-0.577350269189632,0.,0.816496580927722));
#8056=DIRECTION('',(7.86022292928779E-16,0.707106781186548,0.707106781186548));
#8057=DIRECTION('',(-0.678598344545879,-0.678598344545825,0.281084637714798));
#8058=DIRECTION('center_axis',(-0.707106781186494,0.707106781186601,0.));
#8059=DIRECTION('ref_axis',(0.,0.,1.));
#8060=DIRECTION('',(0.,0.,1.));
#8061=DIRECTION('',(-0.678598344545871,-0.678598344545865,-0.281084637714721));
#8062=DIRECTION('center_axis',(-0.707106781186544,0.500000000000003,0.500000000000002));
#8063=DIRECTION('ref_axis',(0.577350269189629,0.,0.816496580927724));
#8064=DIRECTION('',(-0.357406744336592,-0.862856209461015,0.357406744336599));
#8065=DIRECTION('',(-7.86022292928779E-16,-0.707106781186548,0.707106781186547));
#8066=DIRECTION('center_axis',(0.,0.38268343236509,-0.923879532511287));
#8067=DIRECTION('ref_axis',(-1.,0.,0.));
#8068=DIRECTION('',(-1.,0.,0.));
#8069=DIRECTION('',(-1.14879780845083E-13,-0.923879532511287,-0.38268343236509));
#8070=DIRECTION('center_axis',(0.,0.707106781186548,-0.707106781186548));
#8071=DIRECTION('ref_axis',(0.,0.707106781186548,0.707106781186548));
#8072=DIRECTION('',(1.,0.,0.));
#8073=DIRECTION('',(-8.79251776862914E-14,-0.707106781186548,-0.707106781186548));
#8074=DIRECTION('center_axis',(0.,-1.,0.));
#8075=DIRECTION('ref_axis',(0.,0.,1.));
#8076=DIRECTION('',(-1.,0.,0.));
#8077=DIRECTION('',(0.,0.,-1.));
#8078=DIRECTION('center_axis',(7.64696095762306E-16,0.707106781186547,0.707106781186548));
#8079=DIRECTION('ref_axis',(1.,0.,-1.08144358972081E-15));
#8080=DIRECTION('',(0.577350269189618,0.57735026918963,-0.57735026918963));
#8081=DIRECTION('',(1.,-1.08144358972081E-15,0.));
#8082=DIRECTION('',(8.79251776862914E-14,0.707106781186548,-0.707106781186547));
#8083=DIRECTION('center_axis',(0.707106784084707,-0.707106778288388,0.));
#8084=DIRECTION('ref_axis',(0.,0.,-1.));
#8085=DIRECTION('',(0.,0.,-1.));
#8086=DIRECTION('center_axis',(1.,2.98649993624167E-14,0.));
#8087=DIRECTION('ref_axis',(0.,0.,-1.));
#8088=DIRECTION('',(0.,0.,1.));
#8089=DIRECTION('center_axis',(0.707106774594926,0.707106787778169,0.));
#8090=DIRECTION('ref_axis',(0.,0.,-1.));
#8091=DIRECTION('',(0.,0.,-1.));
#8092=DIRECTION('center_axis',(-0.707106781186542,-0.500000000000004,0.500000000000004));
#8093=DIRECTION('ref_axis',(0.577350269189632,0.,0.816496580927721));
#8094=DIRECTION('',(0.,-0.707106781186548,-0.707106781186547));
#8095=DIRECTION('',(-0.678598344545854,0.678598344545842,-0.281084637714814));
#8096=DIRECTION('center_axis',(-0.707106781186541,-0.707106781186554,0.));
#8097=DIRECTION('ref_axis',(0.,0.,1.));
#8098=DIRECTION('',(0.,0.,-1.));
#8099=DIRECTION('',(-0.678598344545853,0.678598344545841,0.281084637714819));
#8100=DIRECTION('center_axis',(-0.707106781186542,-0.500000000000004,-0.500000000000004));
#8101=DIRECTION('ref_axis',(-0.577350269189632,0.,0.816496580927722));
#8102=DIRECTION('',(0.,0.707106781186547,-0.707106781186548));
#8103=DIRECTION('',(-0.700214507282532,0.396639656760281,0.593613196009124));
#8104=DIRECTION('center_axis',(-0.707106781186566,-0.270598050073092,-0.653281482438171));
#8105=DIRECTION('ref_axis',(-0.678598344545828,0.,0.734509555267774));
#8106=DIRECTION('',(0.,0.923879532511287,-0.38268343236509));
#8107=DIRECTION('center_axis',(0.,-0.707106781186547,0.707106781186548));
#8108=DIRECTION('ref_axis',(1.,0.,0.));
#8109=DIRECTION('',(1.,0.,0.));
#8110=DIRECTION('',(-7.70345830473436E-8,0.707106781186546,0.707106781186545));
#8111=DIRECTION('',(1.,0.,0.));
#8112=DIRECTION('center_axis',(0.,1.,0.));
#8113=DIRECTION('ref_axis',(0.,0.,1.));
#8114=DIRECTION('',(-1.,0.,0.));
#8115=DIRECTION('',(0.,0.,1.));
#8116=DIRECTION('center_axis',(0.,-0.707106781186548,-0.707106781186547));
#8117=DIRECTION('ref_axis',(0.,0.707106781186547,-0.707106781186548));
#8118=DIRECTION('',(1.,0.,0.));
#8119=DIRECTION('center_axis',(0.,-0.38268343236509,-0.923879532511287));
#8120=DIRECTION('ref_axis',(-1.,0.,0.));
#8121=DIRECTION('center_axis',(0.,0.38268343236509,0.923879532511287));
#8122=DIRECTION('ref_axis',(-5.09816059246919E-14,0.923879532511286,-0.382683432365091));
#8123=DIRECTION('center_axis',(0.,0.,-1.));
#8124=DIRECTION('ref_axis',(0.707106742669251,0.707106819703842,0.));
#8125=DIRECTION('',(7.70346144491907E-8,-0.707106781186552,0.707106781186539));
#8126=DIRECTION('center_axis',(0.,0.,1.));
#8127=DIRECTION('ref_axis',(0.70710674266925,0.707106819703842,0.));
#8128=DIRECTION('center_axis',(-7.70345824839837E-8,0.707106781186548,0.707106781186543));
#8129=DIRECTION('ref_axis',(0.999999999999994,0.,1.08943351320599E-7));
#8130=DIRECTION('',(7.70345642062334E-8,-0.707106781186539,0.707106781186552));
#8131=DIRECTION('',(-0.999999999999994,-1.08943351320598E-7,0.));
#8132=DIRECTION('center_axis',(0.,0.,-1.));
#8133=DIRECTION('ref_axis',(-0.70710685822113,0.707106704151957,0.));
#8134=DIRECTION('',(0.707106781186552,7.70345830473415E-8,0.707106781186539));
#8135=DIRECTION('center_axis',(0.,0.,1.));
#8136=DIRECTION('ref_axis',(-0.70710685822113,0.707106704151956,0.));
#8137=DIRECTION('center_axis',(-0.707106781186535,-7.70345830473424E-8,
0.707106781186556));
#8138=DIRECTION('ref_axis',(0.707106781186558,0.,0.707106781186537));
#8139=DIRECTION('',(0.707106781186527,7.70345830473442E-8,0.707106781186564));
#8140=DIRECTION('',(1.08943352117309E-7,-0.999999999999994,0.));
#8141=DIRECTION('center_axis',(0.,0.,1.));
#8142=DIRECTION('ref_axis',(0.707106819703839,-0.707106742669254,0.));
#8143=DIRECTION('',(0.,-0.707106781186548,0.707106781186548));
#8144=DIRECTION('center_axis',(0.,0.707106781186546,0.707106781186549));
#8145=DIRECTION('ref_axis',(1.,0.,0.));
#8146=DIRECTION('',(0.,-0.707106781186549,0.707106781186546));
#8147=DIRECTION('',(-1.,0.,0.));
#8148=DIRECTION('center_axis',(0.,0.,-1.));
#8149=DIRECTION('ref_axis',(-0.707106781186502,0.707106781186593,0.));
#8150=DIRECTION('',(0.707106781186554,-8.79251776862909E-14,0.707106781186541));
#8151=DIRECTION('center_axis',(0.,0.,1.));
#8152=DIRECTION('ref_axis',(-0.707106781186502,0.707106781186593,0.));
#8153=DIRECTION('center_axis',(-0.707106781186541,8.79251776862906E-14,
0.707106781186554));
#8154=DIRECTION('ref_axis',(0.707106781186554,0.,0.707106781186541));
#8155=DIRECTION('',(0.707106781186554,-8.79251776862909E-14,0.707106781186541));
#8156=DIRECTION('',(-1.24344978758018E-13,-1.,0.));
#8157=DIRECTION('center_axis',(0.,0.,-1.));
#8158=DIRECTION('ref_axis',(-0.707106781186591,-0.707106781186504,0.));
#8159=DIRECTION('',(0.,0.707106781186544,0.707106781186551));
#8160=DIRECTION('center_axis',(0.,0.,1.));
#8161=DIRECTION('ref_axis',(-0.707106781186591,-0.707106781186504,0.));
#8162=DIRECTION('center_axis',(0.,-0.707106781186548,0.707106781186548));
#8163=DIRECTION('ref_axis',(1.,0.,0.));
#8164=DIRECTION('',(0.,0.707106781186548,0.707106781186548));
#8165=DIRECTION('',(1.,0.,0.));
#8166=DIRECTION('center_axis',(0.,0.,-1.));
#8167=DIRECTION('ref_axis',(0.707106781186546,-0.707106781186549,0.));
#8168=DIRECTION('',(-0.707106781186554,0.,0.707106781186541));
#8169=DIRECTION('center_axis',(0.,0.,1.));
#8170=DIRECTION('ref_axis',(0.707106781186546,-0.707106781186549,0.));
#8171=DIRECTION('center_axis',(0.707106781186541,0.,0.707106781186554));
#8172=DIRECTION('ref_axis',(0.707106781186554,0.,-0.707106781186541));
#8173=DIRECTION('',(0.,1.,0.));
#8174=DIRECTION('center_axis',(8.1971762710964E-9,-1.,0.));
#8175=DIRECTION('ref_axis',(0.,0.,-1.));
#8176=DIRECTION('center_axis',(0.,0.,1.));
#8177=DIRECTION('ref_axis',(0.707106781186546,-0.707106781186549,0.));
#8178=DIRECTION('',(0.,0.,-1.));
#8179=DIRECTION('center_axis',(0.,0.,-1.));
#8180=DIRECTION('ref_axis',(0.707106781186546,-0.707106781186549,0.));
#8181=DIRECTION('',(0.,0.,1.));
#8182=DIRECTION('center_axis',(0.,-1.,0.));
#8183=DIRECTION('ref_axis',(1.,0.,0.));
#8184=DIRECTION('',(0.,0.,1.));
#8185=DIRECTION('',(1.,0.,0.));
#8186=DIRECTION('',(0.,0.,1.));
#8187=DIRECTION('',(-1.,0.,0.));
#8188=DIRECTION('center_axis',(0.,0.,1.));
#8189=DIRECTION('ref_axis',(-0.707106781186591,-0.707106781186504,0.));
#8190=DIRECTION('',(0.,0.,-1.));
#8191=DIRECTION('center_axis',(0.,0.,-1.));
#8192=DIRECTION('ref_axis',(-0.707106781186591,-0.707106781186504,0.));
#8193=DIRECTION('center_axis',(-1.,1.24344978758018E-13,0.));
#8194=DIRECTION('ref_axis',(0.,0.,1.));
#8195=DIRECTION('',(0.,0.,1.));
#8196=DIRECTION('',(1.24344978758018E-13,1.,0.));
#8197=DIRECTION('',(1.14879780845083E-13,0.923879532511287,0.38268343236509));
#8198=DIRECTION('',(8.79251776862914E-14,0.707106781186548,0.707106781186548));
#8199=DIRECTION('',(0.,0.,1.));
#8200=DIRECTION('',(-8.79251776862914E-14,-0.707106781186548,0.707106781186547));
#8201=DIRECTION('',(1.24344978758018E-13,1.,0.));
#8202=DIRECTION('',(-8.79251776862914E-14,-0.707106781186548,-0.707106781186548));
#8203=DIRECTION('',(1.24344978758018E-13,1.,0.));
#8204=DIRECTION('center_axis',(0.,0.,1.));
#8205=DIRECTION('ref_axis',(-0.707106781186502,0.707106781186593,0.));
#8206=DIRECTION('',(0.,0.,-1.));
#8207=DIRECTION('center_axis',(0.,0.,-1.));
#8208=DIRECTION('ref_axis',(-0.707106781186502,0.707106781186593,0.));
#8209=DIRECTION('center_axis',(0.,1.,0.));
#8210=DIRECTION('ref_axis',(-1.,0.,0.));
#8211=DIRECTION('',(1.,0.,0.));
#8212=DIRECTION('center_axis',(0.999999999999994,1.08943352117309E-7,0.));
#8213=DIRECTION('ref_axis',(0.,0.,-1.));
#8214=DIRECTION('',(0.,0.,1.));
#8215=DIRECTION('',(-1.08943352117309E-7,0.999999999999994,0.));
#8216=DIRECTION('',(-7.70345830473438E-8,0.707106781186547,-0.707106781186543));
#8217=DIRECTION('',(-1.08943352117309E-7,0.999999999999994,0.));
#8218=DIRECTION('',(7.70345830473436E-8,-0.707106781186546,-0.707106781186545));
#8219=DIRECTION('',(0.,0.,-1.));
#8220=DIRECTION('',(7.70345889816707E-8,-0.707106835658223,0.707106726714864));
#8221=DIRECTION('center_axis',(0.,0.,1.));
#8222=DIRECTION('ref_axis',(-0.70710685822113,0.707106704151956,0.));
#8223=DIRECTION('',(0.,0.,-1.));
#8224=DIRECTION('center_axis',(0.,0.,-1.));
#8225=DIRECTION('ref_axis',(-0.70710685822113,0.707106704151957,0.));
#8226=DIRECTION('center_axis',(-1.08943351320598E-7,0.999999999999994,0.));
#8227=DIRECTION('ref_axis',(-0.999999999999994,-1.08943351320598E-7,0.));
#8228=DIRECTION('',(0.,0.,1.));
#8229=DIRECTION('',(-1.,0.,0.));
#8230=DIRECTION('',(0.,0.,-1.));
#8231=DIRECTION('center_axis',(0.,0.,1.));
#8232=DIRECTION('ref_axis',(0.707106742669251,0.707106819703842,0.));
#8233=DIRECTION('',(0.,0.,-1.));
#8234=DIRECTION('center_axis',(0.,0.,-1.));
#8235=DIRECTION('ref_axis',(0.,1.,0.));
#8236=DIRECTION('center_axis',(1.,0.,0.));
#8237=DIRECTION('ref_axis',(0.,1.,0.));
#8238=DIRECTION('',(0.,-1.,0.));
#8239=DIRECTION('',(0.,0.,-1.));
#8240=DIRECTION('center_axis',(-0.707106781186491,0.707106781186604,0.));
#8241=DIRECTION('ref_axis',(0.,0.,1.));
#8242=DIRECTION('',(0.678598344545905,0.678598344545796,0.281084637714803));
#8243=DIRECTION('',(0.678598344545904,0.678598344545801,-0.281084637714794));
#8244=DIRECTION('center_axis',(-0.70710678118472,0.500000000001336,-0.500000000001248));
#8245=DIRECTION('ref_axis',(-0.577350269191581,0.,0.816496580926344));
#8246=DIRECTION('',(0.700214507282572,0.396639656760293,-0.59361319600907));
#8247=DIRECTION('center_axis',(-0.707106781186526,0.270598050073182,-0.653281482438177));
#8248=DIRECTION('ref_axis',(-0.678598344545852,0.,0.734509555267751));
#8249=DIRECTION('',(0.700214507282562,0.139281325317127,-0.70021450728255));
#8250=DIRECTION('center_axis',(0.,0.,-1.));
#8251=DIRECTION('ref_axis',(0.707106819703838,-0.707106742669254,0.));
#8252=DIRECTION('',(0.,0.707106781186546,0.707106781186549));
#8253=DIRECTION('center_axis',(0.,0.707106781186544,-0.707106781186551));
#8254=DIRECTION('ref_axis',(-1.,0.,0.));
#8255=DIRECTION('',(0.,0.707106781186551,0.707106781186544));
#8256=DIRECTION('center_axis',(0.,0.,1.));
#8257=DIRECTION('ref_axis',(-0.707106781186502,0.707106781186593,0.));
#8258=DIRECTION('',(-0.707106781186554,8.79251776862909E-14,0.707106781186541));
#8259=DIRECTION('center_axis',(-0.707106781186541,8.79251776862906E-14,
-0.707106781186554));
#8260=DIRECTION('ref_axis',(-0.707106781186554,0.,0.707106781186541));
#8261=DIRECTION('center_axis',(-0.707106742669285,-0.707106819703808,0.));
#8262=DIRECTION('ref_axis',(0.,0.,1.));
#8263=DIRECTION('',(-0.678598384430726,0.678598310502006,-0.281084623613303));
#8264=DIRECTION('center_axis',(0.,0.,-1.));
#8265=DIRECTION('ref_axis',(-1.,0.,0.));
#8266=DIRECTION('',(1.,0.,0.));
#8267=DIRECTION('',(0.707106781186554,0.707106781186541,0.));
#8268=DIRECTION('',(0.,1.,0.));
#8269=DIRECTION('',(-0.707106781186529,0.707106781186566,0.));
#8270=DIRECTION('',(-1.,0.,0.));
#8271=DIRECTION('',(-0.707106781186529,0.707106781186566,0.));
#8272=DIRECTION('',(0.707106781186601,0.707106781186494,0.));
#8273=DIRECTION('center_axis',(0.,0.,-1.));
#8274=DIRECTION('ref_axis',(-1.,0.,0.));
#8275=DIRECTION('',(-0.707106781187386,0.707106781185709,0.));
#8276=DIRECTION('',(0.7071067811871,0.707106781185995,0.));
#8277=DIRECTION('',(1.,-5.32907051820075E-14,0.));
#8278=DIRECTION('',(0.707106781186598,0.707106781186497,0.));
#8279=DIRECTION('',(5.62512999143413E-14,1.,0.));
#8280=DIRECTION('',(-0.707106781186482,0.707106781186613,0.));
#8281=DIRECTION('',(-1.,5.66213742558827E-14,0.));
#8282=DIRECTION('center_axis',(0.,1.,0.));
#8283=DIRECTION('ref_axis',(-1.,0.,0.));
#8284=DIRECTION('',(0.,0.,1.));
#8285=DIRECTION('',(1.,0.,0.));
#8286=DIRECTION('',(0.,0.,-1.));
#8287=DIRECTION('center_axis',(-0.707106781186494,0.707106781186601,0.));
#8288=DIRECTION('ref_axis',(0.,0.,1.));
#8289=DIRECTION('',(-0.707106781186601,-0.707106781186494,-7.85046229341824E-16));
#8290=DIRECTION('center_axis',(-1.,5.62512999143413E-14,0.));
#8291=DIRECTION('ref_axis',(-5.62512999143413E-14,-1.,0.));
#8292=DIRECTION('',(0.,0.,1.));
#8293=DIRECTION('',(5.62512999143413E-14,1.,0.));
#8294=DIRECTION('',(0.,0.,-1.));
#8295=DIRECTION('center_axis',(-0.707106781186497,0.707106781186598,0.));
#8296=DIRECTION('ref_axis',(0.,0.,1.));
#8297=DIRECTION('',(0.,0.,-1.));
#8298=DIRECTION('',(-0.707106781186598,-0.707106781186497,0.));
#8299=DIRECTION('center_axis',(-5.32907051820075E-14,-1.,0.));
#8300=DIRECTION('ref_axis',(0.,0.,-1.));
#8301=DIRECTION('',(0.,0.,1.));
#8302=DIRECTION('',(1.,-5.32907051820075E-14,0.));
#8303=DIRECTION('center_axis',(-0.707106781185995,0.7071067811871,0.));
#8304=DIRECTION('ref_axis',(0.,0.,1.));
#8305=DIRECTION('',(-0.7071067811871,-0.707106781185995,-7.85046229341318E-16));
#8306=DIRECTION('center_axis',(-0.866025403784439,-0.5,0.));
#8307=DIRECTION('ref_axis',(-0.5,0.866025403784439,0.));
#8308=DIRECTION('',(0.,0.,-1.));
#8309=DIRECTION('',(0.,0.,1.));
#8310=DIRECTION('center_axis',(1.33226762955019E-15,1.,0.));
#8311=DIRECTION('ref_axis',(1.,-1.33226762955019E-15,0.));
#8312=DIRECTION('',(0.,0.,-1.));
#8313=DIRECTION('center_axis',(-1.53560823413832E-8,1.,0.));
#8314=DIRECTION('ref_axis',(-1.,-1.53560823413832E-8,0.));
#8315=DIRECTION('center_axis',(0.866025403784439,0.5,0.));
#8316=DIRECTION('ref_axis',(0.5,-0.866025403784439,0.));
#8317=DIRECTION('',(0.,0.,-1.));
#8318=DIRECTION('',(0.,0.,-1.));
#8319=DIRECTION('center_axis',(1.,0.,0.));
#8320=DIRECTION('ref_axis',(0.,-1.,0.));
#8321=DIRECTION('',(0.,0.,1.));
#8322=DIRECTION('center_axis',(-0.866025403784439,-0.5,0.));
#8323=DIRECTION('ref_axis',(-0.5,0.866025403784439,0.));
#8324=DIRECTION('',(0.,0.,-1.));
#8325=DIRECTION('',(0.,0.,1.));
#8326=DIRECTION('center_axis',(1.33226762955019E-15,1.,0.));
#8327=DIRECTION('ref_axis',(1.,-1.33226762955019E-15,0.));
#8328=DIRECTION('',(0.,0.,-1.));
#8329=DIRECTION('center_axis',(0.866025403784439,0.5,0.));
#8330=DIRECTION('ref_axis',(0.5,-0.866025403784439,0.));
#8331=DIRECTION('',(0.,0.,-1.));
#8332=DIRECTION('',(0.,0.,-1.));
#8333=DIRECTION('center_axis',(-1.27675647831893E-15,-1.,0.));
#8334=DIRECTION('ref_axis',(-1.,1.27675647831893E-15,0.));
#8335=DIRECTION('',(0.,0.,-1.));
#8336=DIRECTION('center_axis',(0.866025403784439,0.5,0.));
#8337=DIRECTION('ref_axis',(0.5,-0.866025403784439,0.));
#8338=DIRECTION('',(0.,0.,-1.));
#8339=DIRECTION('',(0.,0.,-1.));
#8340=DIRECTION('center_axis',(-1.27675647831893E-15,-1.,0.));
#8341=DIRECTION('ref_axis',(-1.,1.27675647831893E-15,0.));
#8342=DIRECTION('',(0.,0.,-1.));
#8343=DIRECTION('center_axis',(-0.707106781186505,0.500000000000074,0.499999999999986));
#8344=DIRECTION('ref_axis',(0.577350269189638,0.,0.816496580927717));
#8345=DIRECTION('',(-0.70710678118659,-0.499999999999969,-0.499999999999972));
#8346=DIRECTION('',(-0.357406744336788,-0.862856209460991,0.35740674433646));
#8347=DIRECTION('center_axis',(7.64696095762308E-16,0.707106781186549,-0.707106781186546));
#8348=DIRECTION('ref_axis',(-1.,0.,-1.08144358972081E-15));
#8349=DIRECTION('',(-0.577350269189618,0.577350269189629,0.577350269189631));
#8350=DIRECTION('',(-1.,1.08144358972081E-15,0.));
#8351=DIRECTION('',(-0.577350269189141,0.577350269190869,0.577350269188867));
#8352=DIRECTION('center_axis',(-0.707106781186555,7.86022292928787E-16,
-0.70710678118654));
#8353=DIRECTION('ref_axis',(-0.70710678118654,0.,0.707106781186555));
#8354=DIRECTION('',(0.577350269189859,0.577350269189146,-0.577350269189871));
#8355=DIRECTION('',(-0.577350269189594,0.577350269189676,0.577350269189608));
#8356=DIRECTION('',(1.11160338698748E-15,1.,0.));
#8357=DIRECTION('center_axis',(-0.707106753950702,-0.500000057775939,0.499999980741359));
#8358=DIRECTION('ref_axis',(0.577350269189634,0.,0.81649658092772));
#8359=DIRECTION('',(0.357406826331211,-0.862856180471539,-0.357406732328757));
#8360=DIRECTION('',(0.707106808422391,-0.499999980741348,0.499999980741351));
#8361=DIRECTION('center_axis',(0.,-0.707106781186549,-0.707106781186546));
#8362=DIRECTION('ref_axis',(-1.,0.,0.));
#8363=DIRECTION('',(-0.577350227257324,-0.577350290155774,0.577350290155777));
#8364=DIRECTION('',(1.,0.,0.));
#8365=DIRECTION('center_axis',(0.,-0.707109904580409,0.70710365777889));
#8366=DIRECTION('ref_axis',(1.,0.,0.));
#8367=DIRECTION('',(1.,0.,0.));
#8368=DIRECTION('',(0.577348569018099,-0.577348569018083,-0.577353669517675));
#8369=DIRECTION('',(1.,0.,0.));
#8370=DIRECTION('',(-0.577351927414233,-0.577346889827525,-0.577351990312283));
#8371=DIRECTION('',(-1.,0.,0.));
#8372=DIRECTION('center_axis',(0.,0.,1.));
#8373=DIRECTION('ref_axis',(-1.,0.,0.));
#8374=DIRECTION('center_axis',(0.,0.,-1.));
#8375=DIRECTION('ref_axis',(-1.,0.,0.));
#8376=DIRECTION('center_axis',(0.,0.,1.));
#8377=DIRECTION('ref_axis',(-1.,0.,0.));
#8378=DIRECTION('center_axis',(0.707106781186549,1.09906472107864E-13,0.707106781186546));
#8379=DIRECTION('ref_axis',(0.707106781186546,0.,-0.707106781186549));
#8380=DIRECTION('',(-1.55431223447521E-13,1.,0.));
#8381=DIRECTION('',(1.55431223447521E-13,-1.,0.));
#8382=DIRECTION('center_axis',(0.,0.,1.));
#8383=DIRECTION('ref_axis',(-1.,0.,0.));
#8384=DIRECTION('center_axis',(0.,0.,-1.));
#8385=DIRECTION('ref_axis',(-1.,0.,0.));
#8386=DIRECTION('center_axis',(0.,0.,1.));
#8387=DIRECTION('ref_axis',(-1.,0.,0.));
#8388=DIRECTION('center_axis',(8.37382644631354E-14,0.707106781186549,0.707106781186546));
#8389=DIRECTION('ref_axis',(1.,0.,-1.18423789293351E-13));
#8390=DIRECTION('',(1.,-1.18423789293351E-13,0.));
#8391=DIRECTION('',(0.577350269189575,-0.577350269189684,0.577350269189618));
#8392=DIRECTION('',(-1.,1.18423789293351E-13,1.26217744835362E-29));
#8393=DIRECTION('',(-0.577350269190077,-0.577350269189365,0.577350269189435));
#8394=DIRECTION('',(-1.,1.18423789293351E-13,0.));
#8395=DIRECTION('center_axis',(0.,1.,0.));
#8396=DIRECTION('ref_axis',(0.,0.,1.));
#8397=DIRECTION('',(0.,0.,1.));
#8398=DIRECTION('',(1.,0.,0.));
#8399=DIRECTION('',(0.,0.,-1.));
#8400=DIRECTION('',(-1.,0.,0.));
#8401=DIRECTION('',(0.,0.,-1.));
#8402=DIRECTION('',(1.,0.,0.));
#8403=DIRECTION('',(0.,0.,1.));
#8404=DIRECTION('',(-1.,0.,0.));
#8405=DIRECTION('',(0.,0.,-1.));
#8406=DIRECTION('center_axis',(0.,0.,1.));
#8407=DIRECTION('ref_axis',(-1.,0.,0.));
#8408=DIRECTION('',(0.,0.,-1.));
#8409=DIRECTION('center_axis',(0.,0.,1.));
#8410=DIRECTION('ref_axis',(-1.,0.,0.));
#8411=DIRECTION('',(0.,0.,-1.));
#8412=DIRECTION('center_axis',(0.,0.,-1.));
#8413=DIRECTION('ref_axis',(-1.,0.,0.));
#8414=DIRECTION('center_axis',(0.,0.,1.));
#8415=DIRECTION('ref_axis',(-1.,0.,0.));
#8416=DIRECTION('center_axis',(-1.,-1.55431223447521E-13,0.));
#8417=DIRECTION('ref_axis',(0.,0.,1.));
#8418=DIRECTION('',(0.,0.,1.));
#8419=DIRECTION('',(-1.55431223447521E-13,1.,0.));
#8420=DIRECTION('',(0.,0.,-1.));
#8421=DIRECTION('',(1.55431223447521E-13,-1.,0.));
#8422=DIRECTION('',(0.,0.,-1.));
#8423=DIRECTION('',(-1.55431223447521E-13,1.,0.));
#8424=DIRECTION('',(0.,0.,1.));
#8425=DIRECTION('',(1.55431223447521E-13,-1.,0.));
#8426=DIRECTION('',(0.,0.,1.));
#8427=DIRECTION('',(-1.55431223447521E-13,1.,0.));
#8428=DIRECTION('center_axis',(0.,0.,1.));
#8429=DIRECTION('ref_axis',(-1.,0.,0.));
#8430=DIRECTION('',(0.,0.,-1.));
#8431=DIRECTION('center_axis',(0.,0.,1.));
#8432=DIRECTION('ref_axis',(-1.,0.,0.));
#8433=DIRECTION('',(0.,0.,-1.));
#8434=DIRECTION('center_axis',(0.,0.,-1.));
#8435=DIRECTION('ref_axis',(-1.,0.,0.));
#8436=DIRECTION('center_axis',(0.,0.,1.));
#8437=DIRECTION('ref_axis',(-1.,0.,0.));
#8438=DIRECTION('center_axis',(-1.18423789293351E-13,-1.,0.));
#8439=DIRECTION('ref_axis',(0.,0.,-1.));
#8440=DIRECTION('',(0.,0.,1.));
#8441=DIRECTION('',(1.,-1.18423789293351E-13,0.));
#8442=DIRECTION('',(0.,0.,-1.));
#8443=DIRECTION('',(-1.,1.18423789293351E-13,0.));
#8444=DIRECTION('',(0.,0.,1.));
#8445=DIRECTION('',(1.,-1.18423789293351E-13,0.));
#8446=DIRECTION('',(0.,0.,1.));
#8447=DIRECTION('',(-1.,1.18423789293351E-13,0.));
#8448=DIRECTION('center_axis',(-0.707106781186329,8.79251776862642E-14,
-0.707106781186766));
#8449=DIRECTION('ref_axis',(-0.707106781186766,0.,0.707106781186329));
#8450=DIRECTION('',(-1.24344978758018E-13,-1.,0.));
#8451=DIRECTION('',(0.577350269189793,-0.577350269189576,-0.577350269189508));
#8452=DIRECTION('center_axis',(0.,0.707106781186549,0.707106781186546));
#8453=DIRECTION('ref_axis',(1.,0.,0.));
#8454=DIRECTION('',(-1.,0.,0.));
#8455=DIRECTION('',(0.,-0.707106781186546,0.707106781186549));
#8456=DIRECTION('',(1.,0.,0.));
#8457=DIRECTION('center_axis',(0.,0.,-1.));
#8458=DIRECTION('ref_axis',(-0.707106781186546,0.707106781186549,0.));
#8459=DIRECTION('center_axis',(0.,0.,1.));
#8460=DIRECTION('ref_axis',(-0.707106781186546,0.707106781186549,0.));
#8461=DIRECTION('',(0.707106781186546,0.,0.707106781186549));
#8462=DIRECTION('center_axis',(0.,0.,-1.));
#8463=DIRECTION('ref_axis',(-0.707106781186546,0.707106781186549,0.));
#8464=DIRECTION('center_axis',(-0.707106781186549,0.,0.707106781186546));
#8465=DIRECTION('ref_axis',(0.707106781186546,0.,0.707106781186549));
#8466=DIRECTION('',(0.707106781186546,-6.28036983473511E-15,0.707106781186549));
#8467=DIRECTION('',(0.,1.,0.));
#8468=DIRECTION('',(0.,-1.,0.));
#8469=DIRECTION('center_axis',(0.,0.,-1.));
#8470=DIRECTION('ref_axis',(-0.707106781186547,-0.707106781186547,0.));
#8471=DIRECTION('center_axis',(0.,0.,1.));
#8472=DIRECTION('ref_axis',(-0.707106781186548,-0.707106781186548,0.));
#8473=DIRECTION('',(0.,0.707106781186552,0.707106781186543));
#8474=DIRECTION('center_axis',(0.,0.,-1.));
#8475=DIRECTION('ref_axis',(-0.707106781186548,-0.707106781186548,0.));
#8476=DIRECTION('center_axis',(0.,-0.707106781186549,0.707106781186546));
#8477=DIRECTION('ref_axis',(1.,0.,0.));
#8478=DIRECTION('',(-1.,0.,0.));
#8479=DIRECTION('center_axis',(0.,0.,1.));
#8480=DIRECTION('ref_axis',(-0.707106781186548,-0.707106781186548,0.));
#8481=DIRECTION('',(0.,0.,-1.));
#8482=DIRECTION('center_axis',(0.,0.,-1.));
#8483=DIRECTION('ref_axis',(-0.707106781186548,-0.707106781186548,0.));
#8484=DIRECTION('center_axis',(-1.,0.,0.));
#8485=DIRECTION('ref_axis',(0.,-1.,0.));
#8486=DIRECTION('',(0.,0.,1.));
#8487=DIRECTION('',(0.,1.,0.));
#8488=DIRECTION('center_axis',(0.,0.,1.));
#8489=DIRECTION('ref_axis',(-0.707106781186546,0.707106781186549,0.));
#8490=DIRECTION('',(0.,0.,-1.));
#8491=DIRECTION('center_axis',(0.,0.,-1.));
#8492=DIRECTION('ref_axis',(-0.707106781186546,0.707106781186549,0.));
#8493=DIRECTION('center_axis',(0.,1.,0.));
#8494=DIRECTION('ref_axis',(-1.,0.,0.));
#8495=DIRECTION('',(0.,0.,1.));
#8496=DIRECTION('',(1.,0.,0.));
#8497=DIRECTION('center_axis',(0.,0.,1.));
#8498=DIRECTION('ref_axis',(-0.707106781186546,0.707106781186549,0.));
#8499=DIRECTION('',(-0.707106781186546,0.,0.707106781186549));
#8500=DIRECTION('',(0.,-0.707106781186552,-0.707106781186542));
#8501=DIRECTION('center_axis',(0.,0.,1.));
#8502=DIRECTION('ref_axis',(-0.707106781186546,0.707106781186549,0.));
#8503=DIRECTION('center_axis',(-0.707106781186555,0.,-0.70710678118654));
#8504=DIRECTION('ref_axis',(-0.70710678118654,0.,0.707106781186555));
#8505=DIRECTION('',(-0.70710678118654,6.28036983473517E-15,0.707106781186555));
#8506=DIRECTION('',(0.,-1.,0.));
#8507=DIRECTION('center_axis',(0.,0.,1.));
#8508=DIRECTION('ref_axis',(-0.707106781186547,-0.707106781186547,0.));
#8509=DIRECTION('',(0.,-0.707106781186552,0.707106781186542));
#8510=DIRECTION('center_axis',(0.,0.,1.));
#8511=DIRECTION('ref_axis',(-0.707106781186548,-0.707106781186548,0.));
#8512=DIRECTION('center_axis',(0.,-0.707106781186549,-0.707106781186546));
#8513=DIRECTION('ref_axis',(-1.,0.,0.));
#8514=DIRECTION('',(0.,-0.707106781186546,0.707106781186549));
#8515=DIRECTION('',(1.,0.,0.));
#8516=DIRECTION('center_axis',(0.,0.,1.));
#8517=DIRECTION('ref_axis',(0.707106781186546,-0.707106781186549,0.));
#8518=DIRECTION('',(0.707106781186552,0.,0.707106781186542));
#8519=DIRECTION('center_axis',(0.,0.,1.));
#8520=DIRECTION('ref_axis',(0.707106781186546,-0.707106781186549,0.));
#8521=DIRECTION('center_axis',(0.707106781186543,0.,-0.707106781186553));
#8522=DIRECTION('ref_axis',(-0.707106781186553,0.,-0.707106781186543));
#8523=DIRECTION('',(0.707106781186552,-6.28036983473505E-15,0.707106781186542));
#8524=DIRECTION('',(0.,1.,0.));
#8525=DIRECTION('center_axis',(0.,0.,1.));
#8526=DIRECTION('ref_axis',(0.707106781186546,0.707106781186549,0.));
#8527=DIRECTION('',(0.,0.707106781186565,0.70710678118653));
#8528=DIRECTION('center_axis',(0.,0.,-1.));
#8529=DIRECTION('ref_axis',(0.707106781186546,0.707106781186549,0.));
#8530=DIRECTION('center_axis',(0.,0.,1.));
#8531=DIRECTION('ref_axis',(0.707106781186546,0.707106781186549,0.));
#8532=DIRECTION('center_axis',(0.,0.707106781186549,-0.707106781186546));
#8533=DIRECTION('ref_axis',(-1.,0.,0.));
#8534=DIRECTION('',(-1.,0.,0.));
#8535=DIRECTION('center_axis',(0.,0.,1.));
#8536=DIRECTION('ref_axis',(0.707106781186546,0.707106781186549,0.));
#8537=DIRECTION('center_axis',(0.,0.,1.));
#8538=DIRECTION('ref_axis',(1.,0.,0.));
#8539=DIRECTION('',(0.50000000000019,-0.866025403784329,0.));
#8540=DIRECTION('',(1.,5.45E-15,0.));
#8541=DIRECTION('',(0.50000000000019,0.866025403784329,0.));
#8542=DIRECTION('',(-0.50000000000019,0.866025403784329,0.));
#8543=DIRECTION('',(-1.,-4.75E-15,0.));
#8544=DIRECTION('',(-0.50000000000019,-0.866025403784329,0.));
#8545=DIRECTION('',(0.50000000000019,-0.866025403784329,0.));
#8546=DIRECTION('',(1.,5.45E-15,0.));
#8547=DIRECTION('',(0.50000000000019,0.866025403784329,0.));
#8548=DIRECTION('',(-0.50000000000019,0.866025403784329,0.));
#8549=DIRECTION('',(-1.,-4.75E-15,0.));
#8550=DIRECTION('',(-0.50000000000019,-0.866025403784329,0.));
#8551=DIRECTION('center_axis',(-0.70710678118653,8.79251776862892E-14,0.707106781186565));
#8552=DIRECTION('ref_axis',(0.707106781186565,0.,0.70710678118653));
#8553=DIRECTION('',(-0.577350269189715,-0.577350269189547,-0.577350269189615));
#8554=DIRECTION('',(-1.24344978758018E-13,-1.,0.));
#8555=DIRECTION('',(0.707106781186565,-8.79251776862892E-14,0.70710678118653));
#8556=DIRECTION('center_axis',(8.37382644631352E-14,0.707106781186548,-0.707106781186548));
#8557=DIRECTION('ref_axis',(-1.,0.,-1.18423789293351E-13));
#8558=DIRECTION('',(1.,-1.18423789293351E-13,0.));
#8559=DIRECTION('',(-0.577350269190078,-0.577350269189365,-0.577350269189434));
#8560=DIRECTION('center_axis',(0.,0.,-1.));
#8561=DIRECTION('ref_axis',(-0.707106781186591,-0.707106781186504,0.));
#8562=DIRECTION('center_axis',(0.,0.,1.));
#8563=DIRECTION('ref_axis',(-0.707106781186591,-0.707106781186504,0.));
#8564=DIRECTION('center_axis',(0.,0.,1.));
#8565=DIRECTION('ref_axis',(-1.,0.,0.));
#8566=DIRECTION('',(1.08943352117309E-7,-0.999999999999994,0.));
#8567=DIRECTION('center_axis',(0.,0.,1.));
#8568=DIRECTION('ref_axis',(-0.70710685822113,0.707106704151956,0.));
#8569=DIRECTION('center_axis',(-0.707106781186511,-7.70345830473398E-8,
0.70710678118658));
#8570=DIRECTION('ref_axis',(0.707106781186582,0.,0.707106781186513));
#8571=DIRECTION('',(0.707106781186525,7.70345830473441E-8,0.707106781186566));
#8572=DIRECTION('',(-0.577350311121975,0.577350248223451,-0.577350248223448));
#8573=DIRECTION('center_axis',(0.,0.,-1.));
#8574=DIRECTION('ref_axis',(-0.70710685822113,0.707106704151957,0.));
#8575=DIRECTION('center_axis',(0.,-0.707106781186546,-0.70710678118655));
#8576=DIRECTION('ref_axis',(-1.,0.,0.));
#8577=DIRECTION('',(0.577350269189637,-0.577350269189622,0.577350269189618));
#8578=DIRECTION('',(-1.,0.,0.));
#8579=DIRECTION('',(-0.577350227257316,-0.577350290155781,0.577350290155778));
#8580=DIRECTION('center_axis',(-0.707106781186537,-7.70345830473426E-8,
-0.707106781186554));
#8581=DIRECTION('ref_axis',(-0.707106781186556,0.,0.707106781186539));
#8582=DIRECTION('',(1.08943352117309E-7,-0.999999999999994,0.));
#8583=DIRECTION('center_axis',(-0.707106781186111,0.707106781186984,0.));
#8584=DIRECTION('ref_axis',(0.,0.,1.));
#8585=DIRECTION('',(0.577350269189866,0.577350269189153,0.577350269189858));
#8586=DIRECTION('',(0.577350269189978,0.577350269189265,-0.577350269189634));
#8587=DIRECTION('center_axis',(0.,0.,1.));
#8588=DIRECTION('ref_axis',(1.,0.,0.));
#8589=DIRECTION('center_axis',(-0.707106781186538,-0.707106781186557,0.));
#8590=DIRECTION('ref_axis',(0.,0.,1.));
#8591=DIRECTION('',(-0.577350269189635,0.57735026918962,0.577350269189622));
#8592=DIRECTION('',(-0.577350269189633,0.577350269189618,-0.577350269189626));
#8593=DIRECTION('center_axis',(0.,0.,1.));
#8594=DIRECTION('ref_axis',(1.,0.,0.));
#8595=DIRECTION('center_axis',(-0.707106781186566,-0.707106781186529,0.));
#8596=DIRECTION('ref_axis',(0.,0.,1.));
#8597=DIRECTION('',(0.,0.,-1.));
#8598=DIRECTION('',(0.707106781186529,-0.707106781186566,0.));
#8599=DIRECTION('',(0.,0.,1.));
#8600=DIRECTION('center_axis',(-1.,0.,0.));
#8601=DIRECTION('ref_axis',(0.,-1.,0.));
#8602=DIRECTION('',(0.,0.,1.));
#8603=DIRECTION('',(0.,1.,0.));
#8604=DIRECTION('center_axis',(-0.707106781186541,0.707106781186554,0.));
#8605=DIRECTION('ref_axis',(0.,0.,1.));
#8606=DIRECTION('',(-0.707106781186554,-0.707106781186541,0.));
#8607=DIRECTION('center_axis',(-0.707106781185709,-0.707106781187386,0.));
#8608=DIRECTION('ref_axis',(0.,0.,1.));
#8609=DIRECTION('',(0.,0.,-1.));
#8610=DIRECTION('',(0.577350269190549,-0.57735026918918,-0.577350269189149));
#8611=DIRECTION('',(-0.577350269190084,0.577350269188715,-0.577350269190077));
#8612=DIRECTION('center_axis',(-0.707106781186566,-0.707106781186529,0.));
#8613=DIRECTION('ref_axis',(0.,0.,1.));
#8614=DIRECTION('',(0.,0.,-1.));
#8615=DIRECTION('',(0.707106781186529,-0.707106781186566,7.85046229341911E-16));
#8616=DIRECTION('center_axis',(0.,0.,-1.));
#8617=DIRECTION('ref_axis',(-1.,0.,0.));
#8618=DIRECTION('',(-0.707106781181228,-0.707106781191867,0.));
#8619=DIRECTION('',(-0.707105240487587,0.707108321882151,0.));
#8620=DIRECTION('',(0.,1.,0.));
#8621=DIRECTION('',(-0.707106781186554,0.707106781186541,0.));
#8622=DIRECTION('',(-1.,0.,0.));
#8623=DIRECTION('',(-0.707106781186554,-0.707106781186541,0.));
#8624=DIRECTION('',(0.,-1.,0.));
#8625=DIRECTION('center_axis',(-1.,0.,0.));
#8626=DIRECTION('ref_axis',(0.,-1.,0.));
#8627=DIRECTION('',(0.,0.,1.));
#8628=DIRECTION('',(0.,1.,0.));
#8629=DIRECTION('',(0.,0.,-1.));
#8630=DIRECTION('center_axis',(-0.707108321882151,-0.707105240487587,0.));
#8631=DIRECTION('ref_axis',(0.,0.,1.));
#8632=DIRECTION('',(0.707105240487587,-0.707108321882151,-7.85044518829891E-16));
#8633=DIRECTION('center_axis',(0.707106781191867,-0.707106781181228,0.));
#8634=DIRECTION('ref_axis',(0.,0.,-1.));
#8635=DIRECTION('',(0.,0.,-1.));
#8636=DIRECTION('',(0.707106781181228,0.707106781191867,7.85046229335971E-16));
#8637=DIRECTION('center_axis',(0.,0.,-1.));
#8638=DIRECTION('ref_axis',(-1.,0.,0.));
#8639=DIRECTION('',(0.707106781186541,0.707106781186554,0.));
#8640=DIRECTION('',(0.707106781186438,-0.707106781186657,0.));
#8641=DIRECTION('',(-1.24344978758018E-13,-1.,0.));
#8642=DIRECTION('',(0.707106781186434,-0.707106781186661,0.));
#8643=DIRECTION('',(1.,-1.24344978758018E-13,0.));
#8644=DIRECTION('',(0.707106781186635,0.70710678118646,0.));
#8645=DIRECTION('',(1.24344978758018E-13,1.,0.));
#8646=DIRECTION('center_axis',(1.,-1.24344978758018E-13,0.));
#8647=DIRECTION('ref_axis',(1.24344978758018E-13,1.,0.));
#8648=DIRECTION('',(0.,0.,1.));
#8649=DIRECTION('',(-1.24344978758018E-13,-1.,0.));
#8650=DIRECTION('',(0.,0.,-1.));
#8651=DIRECTION('center_axis',(0.707106781186657,0.707106781186438,0.));
#8652=DIRECTION('ref_axis',(0.,0.,-1.));
#8653=DIRECTION('',(-0.707106781186438,0.707106781186657,-7.85046229341922E-16));
#8654=DIRECTION('center_axis',(-0.707106781186554,0.707106781186541,0.));
#8655=DIRECTION('ref_axis',(0.,0.,1.));
#8656=DIRECTION('',(0.,0.,-1.));
#8657=DIRECTION('',(-0.707106781186541,-0.707106781186554,7.85046229341786E-16));
#8658=DIRECTION('center_axis',(0.,0.,-1.));
#8659=DIRECTION('ref_axis',(-1.,0.,0.));
#8660=DIRECTION('',(1.53654866608122E-13,-1.,0.));
#8661=DIRECTION('',(0.707106781186657,-0.707106781186438,0.));
#8662=DIRECTION('',(1.,1.53765888910584E-13,0.));
#8663=DIRECTION('',(0.707106781186684,-0.707106781186411,0.));
#8664=DIRECTION('',(-0.707106781186441,-0.707106781186654,0.));
#8665=DIRECTION('',(-1.,-1.53765888910584E-13,0.));
#8666=DIRECTION('',(-0.707106781186435,-0.70710678118666,0.));
#8667=DIRECTION('center_axis',(0.,0.,1.));
#8668=DIRECTION('ref_axis',(-1.,0.,0.));
#8669=DIRECTION('center_axis',(0.,0.,-1.));
#8670=DIRECTION('ref_axis',(0.707106781186548,0.707106781186548,0.));
#8671=DIRECTION('',(1.,0.,0.));
#8672=DIRECTION('',(0.,-1.,0.));
#8673=DIRECTION('center_axis',(0.,0.,1.));
#8674=DIRECTION('ref_axis',(-1.,0.,0.));
#8675=DIRECTION('center_axis',(0.,0.,-1.));
#8676=DIRECTION('ref_axis',(0.711444685382004,-0.70274210037659,0.));
#8677=DIRECTION('',(0.0123070807165991,-0.999924265014224,0.));
#8678=DIRECTION('',(-1.,0.,0.));
#8679=DIRECTION('center_axis',(1.,1.53654866608122E-13,0.));
#8680=DIRECTION('ref_axis',(-1.53654866608122E-13,1.,0.));
#8681=DIRECTION('',(0.,0.,1.));
#8682=DIRECTION('',(1.53654866608122E-13,-1.,0.));
#8683=DIRECTION('',(0.,0.,-1.));
#8684=DIRECTION('center_axis',(0.70710678118666,-0.707106781186435,0.));
#8685=DIRECTION('ref_axis',(0.,0.,-1.));
#8686=DIRECTION('',(0.,0.,-1.));
#8687=DIRECTION('',(0.707106781186435,0.70710678118666,0.));
#8688=DIRECTION('center_axis',(1.53765888910584E-13,-1.,0.));
#8689=DIRECTION('ref_axis',(1.,1.53765888910584E-13,0.));
#8690=DIRECTION('',(0.,0.,1.));
#8691=DIRECTION('',(-1.,-1.53765888910584E-13,0.));
#8692=DIRECTION('center_axis',(0.707106781186654,-0.707106781186441,0.));
#8693=DIRECTION('ref_axis',(0.,0.,-1.));
#8694=DIRECTION('',(-0.577350269189537,-0.577350269189711,0.577350269189629));
#8695=DIRECTION('',(0.577350269189538,0.577350269189712,0.577350269189628));
#8696=DIRECTION('center_axis',(0.,0.,1.));
#8697=DIRECTION('ref_axis',(0.711444685382004,-0.70274210037659,0.));
#8698=DIRECTION('',(0.,0.,-1.));
#8699=DIRECTION('center_axis',(0.,0.,-1.));
#8700=DIRECTION('ref_axis',(0.711444685382004,-0.70274210037659,0.));
#8701=DIRECTION('',(0.,0.,1.));
#8702=DIRECTION('center_axis',(0.,-1.,0.));
#8703=DIRECTION('ref_axis',(1.,0.,0.));
#8704=DIRECTION('',(-0.70710678118659,0.,0.707106781186505));
#8705=DIRECTION('',(-1.,0.,0.));
#8706=DIRECTION('center_axis',(0.,0.,1.));
#8707=DIRECTION('ref_axis',(0.707106781186548,0.707106781186548,0.));
#8708=DIRECTION('',(0.,0.,-1.));
#8709=DIRECTION('center_axis',(0.,0.,-1.));
#8710=DIRECTION('ref_axis',(0.707106781186548,0.707106781186548,0.));
#8711=DIRECTION('',(0.,0.,1.));
#8712=DIRECTION('center_axis',(1.,0.,0.));
#8713=DIRECTION('ref_axis',(0.,1.,0.));
#8714=DIRECTION('',(0.,-0.707106781186822,0.707106781186273));
#8715=DIRECTION('',(0.,-1.,0.));
#8716=DIRECTION('center_axis',(0.,0.,1.));
#8717=DIRECTION('ref_axis',(1.,0.,0.));
#8718=DIRECTION('',(0.50000000000019,0.866025403784329,0.));
#8719=DIRECTION('',(1.,5.45E-15,0.));
#8720=DIRECTION('',(0.50000000000019,-0.866025403784329,0.));
#8721=DIRECTION('',(-0.50000000000019,-0.866025403784329,0.));
#8722=DIRECTION('',(-1.,-4.75E-15,0.));
#8723=DIRECTION('',(-0.50000000000019,0.866025403784329,0.));
#8724=DIRECTION('center_axis',(0.,0.,1.));
#8725=DIRECTION('ref_axis',(1.,0.,0.));
#8726=DIRECTION('',(-0.50000000000019,-0.866025403784329,0.));
#8727=DIRECTION('',(-1.,-4.75E-15,0.));
#8728=DIRECTION('',(-0.50000000000019,0.866025403784329,0.));
#8729=DIRECTION('',(0.50000000000019,0.866025403784329,0.));
#8730=DIRECTION('',(1.,5.45E-15,0.));
#8731=DIRECTION('',(0.50000000000019,-0.866025403784329,0.));
#8732=DIRECTION('center_axis',(-0.866025403784329,-0.50000000000019,0.));
#8733=DIRECTION('ref_axis',(0.50000000000019,-0.866025403784329,0.));
#8734=DIRECTION('',(0.,0.,-1.));
#8735=DIRECTION('',(0.,0.,-1.));
#8736=DIRECTION('center_axis',(4.75E-15,-1.,0.));
#8737=DIRECTION('ref_axis',(1.,4.75E-15,0.));
#8738=DIRECTION('',(0.,0.,-1.));
#8739=DIRECTION('center_axis',(-5.45E-15,1.,0.));
#8740=DIRECTION('ref_axis',(-1.,-5.45E-15,0.));
#8741=DIRECTION('',(0.,0.,1.));
#8742=DIRECTION('',(0.,0.,1.));
#8743=DIRECTION('center_axis',(-0.866025403784329,0.50000000000019,0.));
#8744=DIRECTION('ref_axis',(-0.50000000000019,-0.866025403784329,0.));
#8745=DIRECTION('',(0.,0.,-1.));
#8746=DIRECTION('center_axis',(-0.866025403784329,0.50000000000019,0.));
#8747=DIRECTION('ref_axis',(-0.50000000000019,-0.866025403784329,0.));
#8748=DIRECTION('',(0.,0.,-1.));
#8749=DIRECTION('center_axis',(0.866025403784329,0.50000000000019,0.));
#8750=DIRECTION('ref_axis',(-0.50000000000019,0.866025403784329,0.));
#8751=DIRECTION('',(0.,0.,1.));
#8752=DIRECTION('center_axis',(0.866025403784329,-0.50000000000019,0.));
#8753=DIRECTION('ref_axis',(0.50000000000019,0.866025403784329,0.));
#8754=DIRECTION('',(0.,0.,-1.));
#8755=DIRECTION('center_axis',(0.999924265014224,0.0123070807165991,0.));
#8756=DIRECTION('ref_axis',(-0.0123070807165991,0.999924265014224,0.));
#8757=DIRECTION('',(0.0123070807165991,-0.999924265014224,0.));
#8758=DIRECTION('',(0.0087027497763928,-0.70708000330455,-0.707080003304553));
#8759=DIRECTION('center_axis',(0.,-0.707106781186549,0.707106781186546));
#8760=DIRECTION('ref_axis',(1.,0.,0.));
#8761=DIRECTION('',(1.,0.,0.));
#8762=DIRECTION('',(6.73255646283604E-12,0.707106781186546,0.707106781186549));
#8763=DIRECTION('center_axis',(0.,0.,1.));
#8764=DIRECTION('ref_axis',(1.,0.,0.));
#8765=DIRECTION('',(-1.55431223447521E-13,1.,0.));
#8766=DIRECTION('',(-1.,-1.53765888910584E-13,0.));
#8767=DIRECTION('',(-1.53654866608122E-13,1.,0.));
#8768=DIRECTION('',(1.,1.53765888910584E-13,0.));
#8769=DIRECTION('',(-1.55431223447521E-13,1.,0.));
#8770=DIRECTION('',(1.,0.,0.));
#8771=DIRECTION('',(-1.,1.18423789293351E-13,0.));
#8772=DIRECTION('',(-1.24344978758018E-13,-1.,0.));
#8773=DIRECTION('',(-1.,1.24344978758018E-13,0.));
#8774=DIRECTION('',(1.24344978758018E-13,1.,0.));
#8775=DIRECTION('',(-1.,1.18423789293351E-13,0.));
#8776=DIRECTION('',(-1.11160338698748E-15,-1.,0.));
#8777=DIRECTION('',(1.,0.,0.));
#8778=DIRECTION('',(0.,-1.,0.));
#8779=DIRECTION('',(-1.,0.,0.));
#8780=DIRECTION('',(-1.11160338698748E-15,-1.,0.));
#8781=DIRECTION('',(1.,-5.66213742558827E-14,0.));
#8782=DIRECTION('',(-5.62512999143413E-14,-1.,0.));
#8783=DIRECTION('',(-1.,5.32907051820075E-14,0.));
#8784=DIRECTION('',(-1.11160338698748E-15,-1.,0.));
#8785=DIRECTION('',(1.,0.,0.));
#8786=DIRECTION('',(0.,1.,0.));
#8787=DIRECTION('',(1.,0.,0.));
#8788=DIRECTION('',(0.,-1.,0.));
#8789=DIRECTION('center_axis',(0.,1.,0.));
#8790=DIRECTION('ref_axis',(-1.,0.,0.));
#8791=DIRECTION('',(0.707106781186546,0.,-0.707106781186549));
#8792=DIRECTION('center_axis',(0.707106781186549,1.09906472107864E-13,0.707106781186546));
#8793=DIRECTION('ref_axis',(0.707106781186546,0.,-0.707106781186549));
#8794=DIRECTION('',(-0.577350269189715,0.577350269189535,0.577350269189628));
#8795=DIRECTION('center_axis',(0.707106781186411,0.707106781186684,0.));
#8796=DIRECTION('ref_axis',(0.,0.,-1.));
#8797=DIRECTION('',(0.,0.,-1.));
#8798=DIRECTION('',(-0.577350269189746,0.577350269189523,-0.577350269189608));
#8799=DIRECTION('',(-0.577350269189753,0.57735026918953,0.577350269189594));
#8800=DIRECTION('center_axis',(4.75E-15,-1.,0.));
#8801=DIRECTION('ref_axis',(1.,4.75E-15,0.));
#8802=DIRECTION('',(0.,0.,-1.));
#8803=DIRECTION('center_axis',(-0.866025403784329,-0.50000000000019,0.));
#8804=DIRECTION('ref_axis',(0.50000000000019,-0.866025403784329,0.));
#8805=DIRECTION('center_axis',(0.866025403784329,-0.50000000000019,0.));
#8806=DIRECTION('ref_axis',(0.50000000000019,0.866025403784329,0.));
#8807=DIRECTION('',(0.,0.,1.));
#8808=DIRECTION('center_axis',(0.866025403784329,0.50000000000019,0.));
#8809=DIRECTION('ref_axis',(-0.50000000000019,0.866025403784329,0.));
#8810=DIRECTION('',(0.,0.,-1.));
#8811=DIRECTION('center_axis',(-5.45E-15,1.,0.));
#8812=DIRECTION('ref_axis',(-1.,-5.45E-15,0.));
#8813=DIRECTION('center_axis',(8.3738264463157E-14,0.707106781186731,0.707106781186364));
#8814=DIRECTION('ref_axis',(1.,0.,-1.18423789293412E-13));
#8815=DIRECTION('',(0.57735026918951,-0.577350269189864,0.577350269189503));
#8816=DIRECTION('',(-1.50728876033681E-13,-0.707106781186364,0.707106781186731));
#8817=DIRECTION('center_axis',(-0.707106781186543,7.86022292928773E-16,
0.707106781186552));
#8818=DIRECTION('ref_axis',(0.707106781186552,0.,0.707106781186543));
#8819=DIRECTION('',(-0.707106781186552,1.25607396694701E-14,-0.707106781186543));
#8820=DIRECTION('center_axis',(0.,-0.707106781186549,0.707106781186546));
#8821=DIRECTION('ref_axis',(1.,0.,0.));
#8822=DIRECTION('',(0.,-0.707106781186546,-0.707106781186549));
#8823=DIRECTION('',(0.577350269189632,0.577350269189621,0.577350269189624));
#8824=DIRECTION('center_axis',(-0.707106781186543,7.86022292928773E-16,
0.707106781186552));
#8825=DIRECTION('ref_axis',(0.707106781186552,0.,0.707106781186543));
#8826=DIRECTION('',(0.707106781186552,-3.14018491736753E-14,0.707106781186543));
#8827=DIRECTION('center_axis',(-4.00373576964361E-14,-0.707106781186549,
0.707106781186546));
#8828=DIRECTION('ref_axis',(1.,0.,5.66213742558829E-14));
#8829=DIRECTION('',(-1.,5.66213742558827E-14,0.));
#8830=DIRECTION('',(-0.816496580927746,-0.40824829046382,-0.408248290463867));
#8831=DIRECTION('',(-0.577350269189643,-0.5773502691896,-0.577350269189635));
#8832=DIRECTION('center_axis',(3.76822190084108E-14,0.707106781186552,0.707106781186543));
#8833=DIRECTION('ref_axis',(1.,0.,-5.32907051820081E-14));
#8834=DIRECTION('',(1.00485917355762E-12,0.707106781186543,-0.707106781186552));
#8835=DIRECTION('',(0.816496580927717,-0.408248290463891,0.408248290463853));
#8836=DIRECTION('center_axis',(-0.577350269189328,0.577350269190189,0.577350269189361));
#8837=DIRECTION('ref_axis',(0.707106781186568,0.,0.707106781186527));
#8838=DIRECTION('center_axis',(-0.301511344577738,0.301511344577781,0.904534033733294));
#8839=DIRECTION('ref_axis',(0.948683298050522,0.,0.316227766016813));
#8840=DIRECTION('',(-0.408248290463839,0.816496580927739,-0.408248290463862));
#8841=DIRECTION('center_axis',(-0.707106781186614,-0.707106781186482,0.));
#8842=DIRECTION('ref_axis',(0.,0.,1.));
#8843=DIRECTION('',(0.707106781186482,-0.707106781186614,0.));
#8844=DIRECTION('',(0.,0.,1.));
#8845=DIRECTION('center_axis',(-0.707106781186542,3.97756756199887E-14,
0.707106781186553));
#8846=DIRECTION('ref_axis',(0.707106781186553,0.,0.707106781186542));
#8847=DIRECTION('',(0.408248290463924,0.816496580927697,0.40824829046386));
#8848=DIRECTION('center_axis',(-0.301511344577791,-0.301511344577735,0.904534033733291));
#8849=DIRECTION('ref_axis',(0.948683298050505,0.,0.316227766016864));
#8850=DIRECTION('center_axis',(-0.707106781186543,7.86022292928773E-16,
0.707106781186552));
#8851=DIRECTION('ref_axis',(0.707106781186552,0.,0.707106781186543));
#8852=DIRECTION('',(0.707106781186552,0.,0.707106781186543));
#8853=DIRECTION('center_axis',(0.577350269195417,-0.577350269186731,0.577350269186729));
#8854=DIRECTION('ref_axis',(0.707106781181227,0.,-0.707106781191868));
#8855=DIRECTION('',(-0.707106781186553,-1.06515072397107E-11,0.707106781186542));
#8856=DIRECTION('center_axis',(0.30151134457776,-0.301511344577765,0.904534033733292));
#8857=DIRECTION('ref_axis',(0.948683298050515,0.,-0.316227766016834));
#8858=DIRECTION('',(-0.81649658092773,0.408248290463858,0.408248290463859));
#8859=DIRECTION('',(0.408248290463869,-0.816496580927723,-0.408248290463863));
#8860=DIRECTION('',(0.707106781186554,0.707106781186541,0.));
#8861=DIRECTION('center_axis',(0.707106781186542,0.,0.707106781186553));
#8862=DIRECTION('ref_axis',(0.707106781186553,0.,-0.707106781186542));
#8863=DIRECTION('',(0.,-1.,0.));
#8864=DIRECTION('center_axis',(0.707106781186541,-0.707106781186554,0.));
#8865=DIRECTION('ref_axis',(0.,0.,-1.));
#8866=DIRECTION('',(0.,0.,-1.));
#8867=DIRECTION('',(0.,0.,1.));
#8868=DIRECTION('center_axis',(-0.30151134457776,-0.301511344577765,0.904534033733292));
#8869=DIRECTION('ref_axis',(0.948683298050515,0.,0.316227766016834));
#8870=DIRECTION('',(0.408248290463869,0.816496580927723,0.408248290463863));
#8871=DIRECTION('',(-0.81649658092773,-0.408248290463858,-0.408248290463859));
#8872=DIRECTION('',(0.707106781186554,-0.707106781186541,0.));
#8873=DIRECTION('center_axis',(0.,-0.707106781186549,0.707106781186546));
#8874=DIRECTION('ref_axis',(1.,0.,0.));
#8875=DIRECTION('',(-1.,0.,0.));
#8876=DIRECTION('center_axis',(-0.707106781186541,-0.707106781186554,0.));
#8877=DIRECTION('ref_axis',(0.,0.,1.));
#8878=DIRECTION('',(0.,0.,1.));
#8879=DIRECTION('center_axis',(-0.577351946486544,-0.577349430536592,0.577349430542087));
#8880=DIRECTION('ref_axis',(0.707105240490952,0.,0.707108321878786));
#8881=DIRECTION('',(-0.707106781183196,3.08139455746067E-6,-0.707106781183185));
#8882=DIRECTION('center_axis',(-0.707106781186542,0.,0.707106781186553));
#8883=DIRECTION('ref_axis',(0.707106781186553,0.,0.707106781186542));
#8884=DIRECTION('center_axis',(1.,0.,0.));
#8885=DIRECTION('ref_axis',(0.,1.,0.));
#8886=DIRECTION('center_axis',(0.301511344577721,0.301511344577808,0.90453403373329));
#8887=DIRECTION('ref_axis',(0.948683298050527,0.,-0.316227766016798));
#8888=DIRECTION('',(-0.707106781186657,0.707106781186438,0.));
#8889=DIRECTION('',(-0.408248290463731,-0.816496580927792,0.408248290463863));
#8890=DIRECTION('',(0.816496580927659,0.408248290463994,-0.408248290463867));
#8891=DIRECTION('center_axis',(0.301511344577814,-0.301511344577719,0.904534033733289));
#8892=DIRECTION('ref_axis',(0.948683298050498,0.,-0.316227766016887));
#8893=DIRECTION('',(-0.816496580927787,0.408248290463738,0.408248290463866));
#8894=DIRECTION('',(0.40824829046398,-0.816496580927666,-0.408248290463865));
#8895=DIRECTION('center_axis',(0.707106781186555,1.08650398140918E-13,0.70710678118654));
#8896=DIRECTION('ref_axis',(0.70710678118654,0.,-0.707106781186555));
#8897=DIRECTION('center_axis',(1.08728902763852E-13,-0.70710678118655,0.707106781186545));
#8898=DIRECTION('ref_axis',(1.,0.,-1.53765888910585E-13));
#8899=DIRECTION('center_axis',(-1.08728902763851E-13,0.707106781186546,
0.707106781186549));
#8900=DIRECTION('ref_axis',(1.,0.,1.53765888910583E-13));
#8901=DIRECTION('',(1.,1.53765888910584E-13,0.));
#8902=DIRECTION('',(0.577350269189581,0.577350269189694,-0.577350269189602));
#8903=DIRECTION('center_axis',(0.707106781186438,0.707106781186657,0.));
#8904=DIRECTION('ref_axis',(0.,0.,-1.));
#8905=DIRECTION('',(0.,0.,1.));
#8906=DIRECTION('center_axis',(-1.53765888910584E-13,1.,0.));
#8907=DIRECTION('ref_axis',(-1.,-1.53765888910584E-13,0.));
#8908=DIRECTION('center_axis',(0.707106781186505,1.09906472107857E-13,0.70710678118659));
#8909=DIRECTION('ref_axis',(0.70710678118659,0.,-0.707106781186505));
#8910=DIRECTION('center_axis',(-0.577350269189503,0.577350269189494,0.577350269189881));
#8911=DIRECTION('ref_axis',(0.707106781186779,0.,0.707106781186316));
#8912=DIRECTION('',(0.707106781186553,-4.52186628100924E-13,0.707106781186542));
#8913=DIRECTION('',(7.53644380167919E-14,0.707106781186822,-0.707106781186273));
#8914=DIRECTION('center_axis',(-0.577350269189582,0.577350269189668,0.577350269189628));
#8915=DIRECTION('ref_axis',(0.707106781186576,0.,0.707106781186519));
#8916=DIRECTION('',(5.02429586778808E-14,0.707106781186548,-0.707106781186547));
#8917=DIRECTION('center_axis',(-0.301511344577726,0.301511344577801,0.904534033733291));
#8918=DIRECTION('ref_axis',(0.948683298050526,0.,0.316227766016802));
#8919=DIRECTION('',(0.816496580927677,-0.408248290463962,0.408248290463862));
#8920=DIRECTION('',(-0.408248290463767,0.816496580927774,-0.408248290463863));
#8921=DIRECTION('',(-0.707106781186635,-0.70710678118646,0.));
#8922=DIRECTION('center_axis',(-0.707106781186542,8.79251776862911E-14,
0.707106781186553));
#8923=DIRECTION('ref_axis',(0.707106781186553,0.,0.707106781186542));
#8924=DIRECTION('',(1.24344978758018E-13,1.,0.));
#8925=DIRECTION('center_axis',(-0.70710678118646,0.707106781186635,0.));
#8926=DIRECTION('ref_axis',(0.,0.,1.));
#8927=DIRECTION('',(0.,0.,-1.));
#8928=DIRECTION('',(0.,0.,1.));
#8929=DIRECTION('center_axis',(-0.301511344577759,0.301511344577765,0.904534033733292));
#8930=DIRECTION('ref_axis',(0.948683298050515,0.,0.316227766016833));
#8931=DIRECTION('',(0.81649658092773,-0.408248290463859,0.408248290463859));
#8932=DIRECTION('',(-0.408248290463868,0.816496580927724,-0.408248290463862));
#8933=DIRECTION('center_axis',(0.,0.707106781186547,0.707106781186548));
#8934=DIRECTION('ref_axis',(1.,0.,0.));
#8935=DIRECTION('center_axis',(0.301511344577811,0.301511344577715,0.904534033733291));
#8936=DIRECTION('ref_axis',(0.948683298050499,0.,-0.316227766016883));
#8937=DIRECTION('',(-0.408248290463984,-0.816496580927666,0.408248290463862));
#8938=DIRECTION('',(0.816496580927774,0.408248290463764,-0.408248290463867));
#8939=DIRECTION('',(-0.707106781186434,0.707106781186661,0.));
#8940=DIRECTION('center_axis',(8.79251776862916E-14,0.707106781186549,0.707106781186546));
#8941=DIRECTION('ref_axis',(1.,0.,-1.24344978758018E-13));
#8942=DIRECTION('',(1.,-1.24344978758018E-13,0.));
#8943=DIRECTION('center_axis',(0.707106781186661,0.707106781186434,0.));
#8944=DIRECTION('ref_axis',(0.,0.,-1.));
#8945=DIRECTION('',(0.,0.,1.));
#8946=DIRECTION('center_axis',(-0.301511344577774,-0.301511344577758,0.904534033733289));
#8947=DIRECTION('ref_axis',(0.94868329805051,0.,0.316227766016848));
#8948=DIRECTION('',(0.40824829046387,0.816496580927722,0.408248290463864));
#8949=DIRECTION('',(-0.816496580927722,-0.408248290463865,-0.40824829046387));
#8950=DIRECTION('center_axis',(-0.707106781186542,0.,0.707106781186553));
#8951=DIRECTION('ref_axis',(0.707106781186553,0.,0.707106781186542));
#8952=DIRECTION('center_axis',(0.577350269189806,0.577350269189627,0.577350269189445));
#8953=DIRECTION('ref_axis',(0.707106781186327,0.,-0.707106781186768));
#8954=DIRECTION('',(0.707106781186553,-4.52186628100924E-13,-0.707106781186542));
#8955=DIRECTION('center_axis',(0.707106781186542,-8.79251776862908E-14,
0.707106781186553));
#8956=DIRECTION('ref_axis',(0.707106781186553,0.,-0.707106781186542));
#8957=DIRECTION('center_axis',(-0.577350269189639,-0.577350269189602,0.577350269189636));
#8958=DIRECTION('ref_axis',(0.707106781186546,0.,0.707106781186549));
#8959=DIRECTION('',(5.02429586778811E-14,0.707106781186543,0.707106781186552));
#8960=DIRECTION('center_axis',(0.,-0.707106781186552,0.707106781186543));
#8961=DIRECTION('ref_axis',(1.,0.,0.));
#8962=DIRECTION('',(-1.,0.,0.));
#8963=DIRECTION('center_axis',(8.37382644631027E-14,0.707106781186273,0.707106781186822));
#8964=DIRECTION('ref_axis',(1.,0.,-1.18423789293259E-13));
#8965=DIRECTION('center_axis',(-1.,1.24344978758018E-13,0.));
#8966=DIRECTION('ref_axis',(-1.24344978758018E-13,-1.,0.));
#8967=DIRECTION('center_axis',(0.,1.,0.));
#8968=DIRECTION('ref_axis',(0.,0.,1.));
#8969=DIRECTION('center_axis',(-1.27675647831893E-15,-1.,0.));
#8970=DIRECTION('ref_axis',(-1.,1.27675647831893E-15,0.));
#8971=DIRECTION('',(0.,0.,-1.));
#8972=DIRECTION('center_axis',(0.866025403784439,0.5,0.));
#8973=DIRECTION('ref_axis',(0.5,-0.866025403784439,0.));
#8974=DIRECTION('center_axis',(-0.866025403784439,-0.5,0.));
#8975=DIRECTION('ref_axis',(-0.5,0.866025403784439,0.));
#8976=DIRECTION('',(0.,0.,1.));
#8977=DIRECTION('center_axis',(-1.,1.77635683940025E-15,0.));
#8978=DIRECTION('ref_axis',(1.77635683940025E-15,1.,0.));
#8979=DIRECTION('center_axis',(1.,0.,0.));
#8980=DIRECTION('ref_axis',(0.,-1.,0.));
#8981=DIRECTION('',(0.,0.,-1.));
#8982=DIRECTION('center_axis',(0.866025403784439,0.5,0.));
#8983=DIRECTION('ref_axis',(0.5,-0.866025403784439,0.));
#8984=DIRECTION('center_axis',(-0.866025403784439,-0.5,0.));
#8985=DIRECTION('ref_axis',(-0.5,0.866025403784439,0.));
#8986=DIRECTION('',(0.,0.,1.));
#8987=DIRECTION('center_axis',(-1.,1.77635683940025E-15,0.));
#8988=DIRECTION('ref_axis',(1.77635683940025E-15,1.,0.));
#8989=DIRECTION('center_axis',(1.33226762955019E-15,1.,0.));
#8990=DIRECTION('ref_axis',(1.,-1.33226762955019E-15,0.));
#8991=DIRECTION('',(0.,0.,-1.));
#8992=DIRECTION('center_axis',(-0.866025403784439,-0.5,0.));
#8993=DIRECTION('ref_axis',(-0.5,0.866025403784439,0.));
#8994=DIRECTION('center_axis',(0.,-1.,0.));
#8995=DIRECTION('ref_axis',(1.,0.,0.));
#8996=DIRECTION('center_axis',(-5.66213742558827E-14,-1.,0.));
#8997=DIRECTION('ref_axis',(1.,-5.66213742558827E-14,0.));
#8998=DIRECTION('center_axis',(1.24344978758018E-13,1.,0.));
#8999=DIRECTION('ref_axis',(-1.,1.24344978758018E-13,0.));
#9000=DIRECTION('center_axis',(0.,0.,1.));
#9001=DIRECTION('ref_axis',(-1.,6.1629716143037E-33,0.));
#9002=DIRECTION('center_axis',(0.,0.,1.));
#9003=DIRECTION('ref_axis',(-1.,6.1629716143037E-33,0.));
#9004=DIRECTION('',(-0.707106781186545,-8.6595605623549E-17,-0.70710678118655));
#9005=DIRECTION('center_axis',(0.,0.,-1.));
#9006=DIRECTION('ref_axis',(-1.,6.1629716143037E-33,0.));
#9007=DIRECTION('center_axis',(0.,0.,1.));
#9008=DIRECTION('ref_axis',(-1.,0.,0.));
#9009=DIRECTION('',(0.,-1.,0.));
#9010=DIRECTION('center_axis',(0.,0.,-1.));
#9011=DIRECTION('ref_axis',(0.70710678118655,0.707106781186545,0.));
#9012=DIRECTION('',(1.,8.49092354277029E-17,0.));
#9013=DIRECTION('center_axis',(0.,0.,-1.));
#9014=DIRECTION('ref_axis',(-0.707106781186549,0.707106781186546,0.));
#9015=DIRECTION('',(-1.19378819852182E-16,1.,0.));
#9016=DIRECTION('center_axis',(0.,0.,-1.));
#9017=DIRECTION('ref_axis',(-0.707106781186592,-0.707106781186503,0.));
#9018=DIRECTION('',(-1.,1.24344978758017E-13,0.));
#9019=DIRECTION('center_axis',(0.,0.,1.));
#9020=DIRECTION('ref_axis',(0.707106781186593,0.707106781186502,0.));
#9021=DIRECTION('',(0.,1.,0.));
#9022=DIRECTION('center_axis',(0.,0.,1.));
#9023=DIRECTION('ref_axis',(0.707106781186549,-0.707106781186546,0.));
#9024=DIRECTION('',(1.,0.,0.));
#9025=DIRECTION('center_axis',(0.,0.,-1.));
#9026=DIRECTION('ref_axis',(-0.707106781186548,0.707106781186547,0.));
#9027=DIRECTION('',(-1.19378819852182E-16,1.,0.));
#9028=DIRECTION('center_axis',(0.,0.,-1.));
#9029=DIRECTION('ref_axis',(-0.707106781186555,-0.70710678118654,0.));
#9030=DIRECTION('',(-1.,1.97529226244666E-14,0.));
#9031=DIRECTION('',(0.,1.,0.));
#9032=DIRECTION('',(-1.,0.,0.));
#9033=DIRECTION('center_axis',(0.,0.,1.));
#9034=DIRECTION('ref_axis',(-1.,1.84889232583763E-32,0.));
#9035=DIRECTION('center_axis',(1.49011510201676E-8,-4.13590306276514E-25,
-1.));
#9036=DIRECTION('ref_axis',(-1.,0.,-1.49011510201676E-8));
#9037=DIRECTION('',(1.49011510201676E-8,-4.13590306276514E-25,-1.));
#9038=DIRECTION('center_axis',(-1.49011510201676E-8,4.13590306276514E-25,
1.));
#9039=DIRECTION('ref_axis',(-1.,0.,-1.49011510201676E-8));
#9040=DIRECTION('center_axis',(0.,0.,1.));
#9041=DIRECTION('ref_axis',(-1.,1.84889232583763E-32,0.));
#9042=DIRECTION('',(-0.707106781186545,-8.6595605623549E-17,-0.70710678118655));
#9043=DIRECTION('center_axis',(0.,0.,-1.));
#9044=DIRECTION('ref_axis',(-1.,1.84889232583763E-32,0.));
#9045=DIRECTION('center_axis',(1.49011510201676E-8,-4.13590871029206E-25,
-1.));
#9046=DIRECTION('ref_axis',(-1.,1.23259432286074E-32,-1.49011510201676E-8));
#9047=DIRECTION('',(1.49011510201676E-8,-4.13590871029206E-25,-1.));
#9048=DIRECTION('center_axis',(1.49011510201676E-8,-4.13590871029206E-25,
-1.));
#9049=DIRECTION('ref_axis',(-1.,1.23259432286074E-32,-1.49011510201676E-8));
#9050=DIRECTION('center_axis',(0.707106781186537,0.500000000000007,0.500000000000007));
#9051=DIRECTION('ref_axis',(0.577350269189637,0.,-0.816496580927718));
#9052=DIRECTION('',(0.,0.707106781186548,-0.707106781186548));
#9053=DIRECTION('',(0.678598344545856,-0.281084637714808,-0.678598344545844));
#9054=DIRECTION('',(0.,-0.707106781186548,0.707106781186548));
#9055=DIRECTION('',(0.470635470535485,0.194943594829683,-0.860522660194793));
#9056=DIRECTION('',(0.678598344545853,-0.678598344545851,-0.281084637714796));
#9057=DIRECTION('center_axis',(0.408248290463845,0.816496580927726,0.408248290463881));
#9058=DIRECTION('ref_axis',(0.707106781186578,0.,-0.707106781186517));
#9059=DIRECTION('',(0.577350269189627,-0.577350269189625,0.577350269189625));
#9060=DIRECTION('',(0.894427190999924,-0.447213595499942,0.));
#9061=DIRECTION('',(0.577350269189632,-0.577350269189625,0.57735026918962));
#9062=DIRECTION('',(-0.707106781186578,0.,0.707106781186517));
#9063=DIRECTION('',(-0.577350269189627,0.577350269189625,-0.577350269189625));
#9064=DIRECTION('center_axis',(1.,0.,0.));
#9065=DIRECTION('ref_axis',(0.,-1.,0.));
#9066=DIRECTION('',(0.,1.,0.));
#9067=DIRECTION('',(0.,0.,1.));
#9068=DIRECTION('',(0.,-0.707106781186548,0.707106781186547));
#9069=DIRECTION('',(0.,0.,1.));
#9070=DIRECTION('',(0.,-1.,0.));
#9071=DIRECTION('',(0.,-0.707106781186552,0.707106781186543));
#9072=DIRECTION('',(0.,0.,1.));
#9073=DIRECTION('',(0.,-1.,0.));
#9074=DIRECTION('',(0.,0.,-1.));
#9075=DIRECTION('center_axis',(0.707106781186547,0.707106781186548,0.));
#9076=DIRECTION('ref_axis',(0.,0.,-1.));
#9077=DIRECTION('',(0.,0.,-1.));
#9078=DIRECTION('',(0.577350269189627,-0.577350269189625,0.577350269189625));
#9079=DIRECTION('center_axis',(-0.241844762645914,-0.707106781192611,0.664463024382973));
#9080=DIRECTION('ref_axis',(0.939692620785902,0.,0.342020143325687));
#9081=DIRECTION('',(-0.12372403024114,0.701673843156809,0.701673843156807));
#9082=DIRECTION('',(-0.939692620785908,1.85616756291663E-14,-0.342020143325669));
#9083=DIRECTION('',(-0.12372403024114,0.701673843156809,0.701673843156807));
#9084=DIRECTION('',(0.939692620785908,-1.85616756291663E-14,0.342020143325669));
#9085=DIRECTION('center_axis',(-0.342020143325669,0.,0.939692620785908));
#9086=DIRECTION('ref_axis',(-0.939692620785908,0.,-0.342020143325669));
#9087=DIRECTION('',(0.,-1.,0.));
#9088=DIRECTION('',(0.889126490715988,-0.323615577118185,0.323615577118185));
#9089=DIRECTION('center_axis',(-1.39674255360135E-14,-0.707106781186548,
0.707106781186548));
#9090=DIRECTION('ref_axis',(1.,0.,1.97529226244666E-14));
#9091=DIRECTION('',(1.,-1.97529226244666E-14,0.));
#9092=DIRECTION('',(2.51214793389404E-14,0.707106781186551,0.707106781186544));
#9093=DIRECTION('',(-1.,1.97529226244666E-14,0.));
#9094=DIRECTION('center_axis',(-1.39674255360135E-14,-0.707106781186548,
0.707106781186548));
#9095=DIRECTION('ref_axis',(1.,0.,1.97529226244666E-14));
#9096=DIRECTION('',(-2.51214793389405E-14,-0.707106781186548,-0.707106781186548));
#9097=DIRECTION('',(1.,-1.97529226244666E-14,0.));
#9098=DIRECTION('center_axis',(0.,0.,-1.));
#9099=DIRECTION('ref_axis',(-0.707106781186555,-0.70710678118654,0.));
#9100=DIRECTION('',(-0.707106781186548,0.,-0.707106781186548));
#9101=DIRECTION('center_axis',(0.,0.,1.));
#9102=DIRECTION('ref_axis',(-0.707106781186555,-0.70710678118654,0.));
#9103=DIRECTION('center_axis',(-0.707106781186548,-8.44135730475254E-17,
0.707106781186548));
#9104=DIRECTION('ref_axis',(0.707106781186548,0.,0.707106781186548));
#9105=DIRECTION('',(-0.707106781186541,3.14018491736759E-15,-0.707106781186554));
#9106=DIRECTION('',(1.19378819852182E-16,-1.,0.));
#9107=DIRECTION('center_axis',(0.,0.,-1.));
#9108=DIRECTION('ref_axis',(-0.707106781186548,0.707106781186547,0.));
#9109=DIRECTION('',(0.,0.707106781186546,-0.707106781186549));
#9110=DIRECTION('center_axis',(0.,0.,1.));
#9111=DIRECTION('ref_axis',(-0.707106781186548,0.707106781186547,0.));
#9112=DIRECTION('center_axis',(0.,0.707106781186546,0.707106781186549));
#9113=DIRECTION('ref_axis',(1.,0.,0.));
#9114=DIRECTION('',(0.,0.707106781186549,-0.707106781186546));
#9115=DIRECTION('',(-1.,0.,0.));
#9116=DIRECTION('center_axis',(0.,0.,1.));
#9117=DIRECTION('ref_axis',(0.707106781186549,-0.707106781186546,0.));
#9118=DIRECTION('',(-0.707106781186554,0.,-0.707106781186541));
#9119=DIRECTION('center_axis',(0.,0.,-1.));
#9120=DIRECTION('ref_axis',(0.707106781186549,-0.707106781186546,0.));
#9121=DIRECTION('center_axis',(-0.707106781186541,0.,0.707106781186554));
#9122=DIRECTION('ref_axis',(0.707106781186554,0.,0.707106781186541));
#9123=DIRECTION('',(-0.707106781186554,0.,-0.707106781186541));
#9124=DIRECTION('',(0.,-1.,0.));
#9125=DIRECTION('center_axis',(0.,0.,1.));
#9126=DIRECTION('ref_axis',(0.707106781186593,0.707106781186502,0.));
#9127=DIRECTION('',(-1.00485917355762E-13,-0.707106781186544,-0.707106781186551));
#9128=DIRECTION('center_axis',(0.,0.,-1.));
#9129=DIRECTION('ref_axis',(0.707106781186593,0.707106781186502,0.));
#9130=DIRECTION('center_axis',(-8.79251776862913E-14,-0.707106781186548,
0.707106781186548));
#9131=DIRECTION('ref_axis',(1.,0.,1.24344978758017E-13));
#9132=DIRECTION('',(-7.53644380168215E-14,-0.707106781186548,-0.707106781186548));
#9133=DIRECTION('',(1.,-1.24344978758017E-13,0.));
#9134=DIRECTION('center_axis',(0.,0.,-1.));
#9135=DIRECTION('ref_axis',(-0.707106781186592,-0.707106781186503,0.));
#9136=DIRECTION('',(-0.707106781186554,0.,-0.707106781186541));
#9137=DIRECTION('center_axis',(0.,0.,1.));
#9138=DIRECTION('ref_axis',(-0.707106781186592,-0.707106781186503,0.));
#9139=DIRECTION('center_axis',(-0.707106781186548,-8.44135730475254E-17,
0.707106781186548));
#9140=DIRECTION('ref_axis',(0.707106781186548,0.,0.707106781186548));
#9141=DIRECTION('',(-0.707106781186548,0.,-0.707106781186548));
#9142=DIRECTION('',(1.19378819852182E-16,-1.,0.));
#9143=DIRECTION('center_axis',(0.,0.,-1.));
#9144=DIRECTION('ref_axis',(-0.707106781186549,0.707106781186546,0.));
#9145=DIRECTION('',(0.,0.707106781186548,-0.707106781186548));
#9146=DIRECTION('center_axis',(0.,0.,1.));
#9147=DIRECTION('ref_axis',(-0.707106781186549,0.707106781186546,0.));
#9148=DIRECTION('center_axis',(-6.00398961562937E-17,0.707106781186548,
0.707106781186548));
#9149=DIRECTION('ref_axis',(1.,0.,8.49092354277029E-17));
#9150=DIRECTION('',(0.,0.707106781186554,-0.707106781186541));
#9151=DIRECTION('',(-1.,-8.49092354277029E-17,0.));
#9152=DIRECTION('center_axis',(0.,0.,-1.));
#9153=DIRECTION('ref_axis',(0.70710678118655,0.707106781186545,0.));
#9154=DIRECTION('',(0.707106781186554,-6.28036983473507E-15,-0.707106781186541));
#9155=DIRECTION('center_axis',(0.,0.,1.));
#9156=DIRECTION('ref_axis',(0.70710678118655,0.707106781186545,0.));
#9157=DIRECTION('center_axis',(0.707106781186541,0.,0.707106781186554));
#9158=DIRECTION('ref_axis',(0.707106781186554,0.,-0.707106781186541));
#9159=DIRECTION('center_axis',(0.,0.707106781186544,0.707106781186551));
#9160=DIRECTION('ref_axis',(1.,0.,0.));
#9161=DIRECTION('',(-1.,0.,0.));
#9162=DIRECTION('',(1.,0.,0.));
#9163=DIRECTION('center_axis',(0.,0.,-1.));
#9164=DIRECTION('ref_axis',(0.707106781186511,-0.707106781186584,0.));
#9165=DIRECTION('',(-0.707106781186554,6.28036983473507E-14,0.707106781186541));
#9166=DIRECTION('center_axis',(0.,0.,-1.));
#9167=DIRECTION('ref_axis',(0.707106781186511,-0.707106781186584,0.));
#9168=DIRECTION('center_axis',(0.,0.,1.));
#9169=DIRECTION('ref_axis',(0.707106781186511,-0.707106781186584,0.));
#9170=DIRECTION('center_axis',(0.707106781186529,-6.28036983473507E-14,
0.707106781186566));
#9171=DIRECTION('ref_axis',(0.707106781186566,0.,-0.707106781186529));
#9172=DIRECTION('',(-0.707106781186566,6.28036983473496E-14,0.707106781186529));
#9173=DIRECTION('',(-8.88178419700144E-14,-1.,0.));
#9174=DIRECTION('',(8.88178419700144E-14,1.,0.));
#9175=DIRECTION('center_axis',(0.,0.,-1.));
#9176=DIRECTION('ref_axis',(0.707106781186578,0.707106781186517,0.));
#9177=DIRECTION('center_axis',(0.,0.,-1.));
#9178=DIRECTION('ref_axis',(0.707106781186578,0.707106781186517,0.));
#9179=DIRECTION('center_axis',(0.,0.,1.));
#9180=DIRECTION('ref_axis',(0.707106781186578,0.707106781186517,0.));
#9181=DIRECTION('center_axis',(0.,1.,0.));
#9182=DIRECTION('ref_axis',(-1.,0.,0.));
#9183=DIRECTION('',(0.,0.,1.));
#9184=DIRECTION('',(1.,0.,0.));
#9185=DIRECTION('center_axis',(0.,0.,1.));
#9186=DIRECTION('ref_axis',(0.707106781186578,0.707106781186517,0.));
#9187=DIRECTION('',(0.,0.,-1.));
#9188=DIRECTION('',(0.,0.,1.));
#9189=DIRECTION('center_axis',(0.,-0.707106781186547,-0.707106781186548));
#9190=DIRECTION('ref_axis',(0.,0.707106781186548,-0.707106781186547));
#9191=DIRECTION('center_axis',(1.,-8.88178419700144E-14,0.));
#9192=DIRECTION('ref_axis',(0.,0.,-1.));
#9193=DIRECTION('',(0.,0.,1.));
#9194=DIRECTION('',(-8.88178419700144E-14,-1.,0.));
#9195=DIRECTION('',(0.,0.,-1.));
#9196=DIRECTION('',(-6.28036983473521E-14,-0.707106781186544,-0.707106781186551));
#9197=DIRECTION('',(0.,0.,1.));
#9198=DIRECTION('',(6.28036983473521E-14,0.707106781186544,-0.707106781186551));
#9199=DIRECTION('',(0.,0.,-1.));
#9200=DIRECTION('',(-6.02047639806656E-14,-0.677845381573122,-0.735204487663119));
#9201=DIRECTION('',(-8.88178419700144E-14,-1.,-3.73034936274355E-14));
#9202=DIRECTION('center_axis',(0.,0.,1.));
#9203=DIRECTION('ref_axis',(0.707106781186511,-0.707106781186584,0.));
#9204=DIRECTION('',(0.,0.,-1.));
#9205=DIRECTION('center_axis',(0.,0.,-1.));
#9206=DIRECTION('ref_axis',(0.707106781186511,-0.707106781186584,0.));
#9207=DIRECTION('center_axis',(-1.97529226244666E-14,-1.,0.));
#9208=DIRECTION('ref_axis',(-1.,1.97529226244666E-14,0.));
#9209=DIRECTION('',(0.,0.,1.));
#9210=DIRECTION('',(-1.,1.97529226244666E-14,0.));
#9211=DIRECTION('center_axis',(0.707106781186605,0.49999999999993,-0.499999999999989));
#9212=DIRECTION('ref_axis',(-0.577350269189586,0.,-0.816496580927754));
#9213=DIRECTION('',(6.28036983473521E-14,0.707106781186544,0.707106781186551));
#9214=DIRECTION('',(-0.577350269189541,0.816496580927786,0.));
#9215=DIRECTION('',(-0.577350269189586,0.,-0.816496580927754));
#9216=DIRECTION('',(-0.678598344544253,0.678598344547207,-0.281084637715385));
#9217=DIRECTION('center_axis',(0.707106781188086,0.707106781185009,0.));
#9218=DIRECTION('ref_axis',(0.,0.,-1.));
#9219=DIRECTION('',(-0.577350269188773,0.577350269191286,-0.577350269188819));
#9220=DIRECTION('',(-0.577350269187972,0.577350269190485,0.577350269190421));
#9221=DIRECTION('',(0.,0.,1.));
#9222=DIRECTION('center_axis',(8.47849927689245E-14,0.707106781186551,-0.707106781186544));
#9223=DIRECTION('ref_axis',(-1.,0.,-1.19904086659518E-13));
#9224=DIRECTION('',(-1.,1.19904086659517E-13,0.));
#9225=DIRECTION('',(0.577350269189599,0.577350269189602,0.577350269189676));
#9226=DIRECTION('',(1.,-1.19904086659517E-13,0.));
#9227=DIRECTION('center_axis',(1.19904086659517E-13,1.,0.));
#9228=DIRECTION('ref_axis',(0.,0.,1.));
#9229=DIRECTION('',(1.,-1.19904086659517E-13,0.));
#9230=DIRECTION('',(0.,0.,-1.));
#9231=DIRECTION('',(-1.,1.19904086659517E-13,0.));
#9232=DIRECTION('',(-0.921982105607252,1.10549422289256E-13,-0.387232484355352));
#9233=DIRECTION('',(0.,0.,1.));
#9234=DIRECTION('',(1.,-1.19904086659517E-13,0.));
#9235=DIRECTION('',(0.,0.,-1.));
#9236=DIRECTION('center_axis',(8.47849927689245E-14,0.707106781186551,-0.707106781186544));
#9237=DIRECTION('ref_axis',(-1.,0.,-1.19904086659518E-13));
#9238=DIRECTION('',(-0.577350269189688,-0.577350269189557,-0.577350269189632));
#9239=DIRECTION('',(-1.,1.19904086659517E-13,0.));
#9240=DIRECTION('',(0.281084637714884,0.678598344545814,0.678598344545854));
#9241=DIRECTION('center_axis',(0.832836263726358,-5.33225111816203E-14,
-0.553519428586134));
#9242=DIRECTION('ref_axis',(-0.553519428586134,0.,-0.832836263726358));
#9243=DIRECTION('',(8.88178419700144E-14,1.,3.73034936274355E-14));
#9244=DIRECTION('',(0.553519428586134,-7.99837667724286E-14,0.832836263726358));
#9245=DIRECTION('',(-0.539520517215227,0.223476715412596,-0.811773225212689));
#9246=DIRECTION('',(-0.212712876826471,0.71086097215791,0.670395338807571));
#9247=DIRECTION('center_axis',(0.798064757892695,0.443013411005085,-0.408450437482095));
#9248=DIRECTION('ref_axis',(-0.455598003919336,0.,-0.890185631666068));
#9249=DIRECTION('',(6.01743644404938E-14,0.677845381573121,0.735204487663119));
#9250=DIRECTION('',(0.561089842056624,-0.793500864338051,0.235657733663968));
#9251=DIRECTION('',(-0.602407423264199,0.602407423266825,-0.523651212916778));
#9252=DIRECTION('center_axis',(0.707106781188086,0.707106781185009,0.));
#9253=DIRECTION('ref_axis',(0.,0.,-1.));
#9254=DIRECTION('',(0.639958957328866,-0.639958957331651,-0.425329361631122));
#9255=DIRECTION('',(-0.678598344544257,0.67859834454721,0.281084637715368));
#9256=DIRECTION('center_axis',(0.7071067811866,0.499999999999934,0.499999999999992));
#9257=DIRECTION('ref_axis',(0.577350269189591,0.,-0.816496580927751));
#9258=DIRECTION('',(0.577350269189591,0.,-0.816496580927751));
#9259=DIRECTION('',(0.577350269189546,-0.816496580927783,0.));
#9260=DIRECTION('',(-6.28036983473521E-14,-0.707106781186544,0.707106781186551));
#9261=DIRECTION('center_axis',(0.273814715583383,0.707106781186547,-0.65193979900754));
#9262=DIRECTION('ref_axis',(-0.921982105607252,0.,-0.387232484355352));
#9263=DIRECTION('',(0.921982105607252,0.,0.387232484355352));
#9264=DIRECTION('',(0.273814715583379,-0.707106781186548,-0.651939799007541));
#9265=DIRECTION('',(-0.921982105607252,0.,-0.387232484355352));
#9266=DIRECTION('',(0.249525324789795,0.602407423263038,0.758183624649158));
#9267=DIRECTION('',(-0.639958957334818,0.639958957334819,0.425329361617398));
#9268=DIRECTION('center_axis',(0.707106819703861,-0.707106742669232,0.));
#9269=DIRECTION('ref_axis',(0.,0.,-1.));
#9270=DIRECTION('',(0.,0.,-1.));
#9271=DIRECTION('',(0.577350248223447,0.577350311121959,-0.577350248223469));
#9272=DIRECTION('',(0.577350248223456,0.577350311121968,0.577350248223451));
#9273=DIRECTION('',(-0.678598310501932,-0.678598384430755,-0.28108462361341));
#9274=DIRECTION('center_axis',(0.707106808422392,-0.499999980741346,-0.499999980741352));
#9275=DIRECTION('ref_axis',(-0.577350239538996,0.,-0.816496601893887));
#9276=DIRECTION('',(0.,0.707106781186552,-0.707106781186543));
#9277=DIRECTION('',(-0.678598330444408,-0.281084705802611,-0.678598330444396));
#9278=DIRECTION('center_axis',(0.707106781186541,0.,-0.707106781186554));
#9279=DIRECTION('ref_axis',(-0.707106781186554,0.,-0.707106781186541));
#9280=DIRECTION('',(0.,1.,0.));
#9281=DIRECTION('',(-0.678598344545859,-0.281084637714792,-0.678598344545847));
#9282=DIRECTION('center_axis',(0.500000000000002,0.500000000000001,-0.707106781186546));
#9283=DIRECTION('ref_axis',(-0.816496580927724,0.,-0.577350269189628));
#9284=DIRECTION('',(-0.707106781186547,0.707106781186548,0.));
#9285=DIRECTION('',(0.707106781186547,-0.707106781186548,0.));
#9286=DIRECTION('',(0.105442068588087,-0.84556945207329,-0.523349091804257));
#9287=DIRECTION('',(-0.863462369106864,0.350591888050776,-0.362654195025169));
#9288=DIRECTION('center_axis',(0.685620593265109,0.443013410999957,-0.577636148249902));
#9289=DIRECTION('ref_axis',(-0.64431287613715,0.,-0.764762000653715));
#9290=DIRECTION('',(-0.677845381580916,0.677845381580918,-0.28469506026421));
#9291=DIRECTION('',(0.677845381580916,-0.677845381580918,0.28469506026421));
#9292=DIRECTION('center_axis',(0.,1.,0.));
#9293=DIRECTION('ref_axis',(1.,0.,0.));
#9294=DIRECTION('',(0.,0.,-1.));
#9295=DIRECTION('',(1.,0.,0.));
#9296=DIRECTION('center_axis',(0.707106781186548,0.707106781186547,0.));
#9297=DIRECTION('ref_axis',(0.,0.,-1.));
#9298=DIRECTION('',(0.577350269189625,-0.577350269189626,0.577350269189626));
#9299=DIRECTION('center_axis',(0.707106781186544,0.,-0.707106781186551));
#9300=DIRECTION('ref_axis',(-0.707106781186551,0.,-0.707106781186544));
#9301=DIRECTION('',(0.577350290155789,-0.577350227257303,0.577350290155784));
#9302=DIRECTION('',(0.,1.,0.));
#9303=DIRECTION('',(0.707106781186552,0.,0.707106781186543));
#9304=DIRECTION('center_axis',(7.70345976721152E-8,-0.707106781186541,-0.70710678118655));
#9305=DIRECTION('ref_axis',(-0.999999999999994,0.,-1.08943372799859E-7));
#9306=DIRECTION('',(-0.999999999999994,-1.0894337279986E-7,0.));
#9307=DIRECTION('',(-0.283338149407026,0.678129578777485,-0.678129609645289));
#9308=DIRECTION('',(0.999999999999994,1.0894337279986E-7,0.));
#9309=DIRECTION('center_axis',(1.0894337279986E-7,-0.999999999999994,0.));
#9310=DIRECTION('ref_axis',(-0.999999999999994,-1.0894337279986E-7,0.));
#9311=DIRECTION('',(0.999999999999994,1.0894337279986E-7,0.));
#9312=DIRECTION('',(0.,0.,1.));
#9313=DIRECTION('center_axis',(7.70345976721152E-8,-0.707106781186541,-0.70710678118655));
#9314=DIRECTION('ref_axis',(-0.999999999999994,0.,-1.08943372799859E-7));
#9315=DIRECTION('',(-0.999999999999994,-1.0894337279986E-7,0.));
#9316=DIRECTION('',(0.283338149407006,-0.678129578777488,0.678129609645295));
#9317=DIRECTION('center_axis',(0.,0.,1.));
#9318=DIRECTION('ref_axis',(-1.,0.,0.));
#9319=DIRECTION('',(-1.,0.,0.));
#9320=DIRECTION('center_axis',(0.,0.,-1.));
#9321=DIRECTION('ref_axis',(0.707106781186549,-0.707106781186546,0.));
#9322=DIRECTION('',(0.,-1.,0.));
#9323=DIRECTION('center_axis',(0.,0.,-1.));
#9324=DIRECTION('ref_axis',(0.707106781186593,0.707106781186502,0.));
#9325=DIRECTION('',(1.,-1.24344978758017E-13,0.));
#9326=DIRECTION('',(-1.24344978758017E-13,-1.,0.));
#9327=DIRECTION('',(0.0123070807165991,-0.999924265014224,0.));
#9328=DIRECTION('',(-0.702742061623,-0.711444723661548,0.));
#9329=DIRECTION('',(0.,-1.,0.));
#9330=DIRECTION('',(1.,-1.19904086659517E-13,0.));
#9331=DIRECTION('',(0.707106781186505,-0.70710678118659,0.));
#9332=DIRECTION('',(0.,1.,0.));
#9333=DIRECTION('',(-1.,0.,0.));
#9334=DIRECTION('center_axis',(0.,0.707106781186547,0.707106781186548));
#9335=DIRECTION('ref_axis',(1.,0.,0.));
#9336=DIRECTION('center_axis',(0.,0.707106781186548,0.707106781186548));
#9337=DIRECTION('ref_axis',(1.,0.,0.));
#9338=DIRECTION('',(1.,0.,0.));
#9339=DIRECTION('center_axis',(0.,0.,1.));
#9340=DIRECTION('ref_axis',(1.,0.,0.));
#9341=DIRECTION('center_axis',(0.,1.,0.));
#9342=DIRECTION('ref_axis',(0.,0.,1.));
#9343=DIRECTION('',(0.,0.,1.));
#9344=DIRECTION('',(0.,0.,-1.));
#9345=DIRECTION('',(1.,0.,0.));
#9346=DIRECTION('',(0.,0.,-1.));
#9347=DIRECTION('center_axis',(0.,0.,-1.));
#9348=DIRECTION('ref_axis',(-0.707106781186592,-0.707106781186503,0.));
#9349=DIRECTION('',(0.,0.,-1.));
#9350=DIRECTION('center_axis',(0.,0.,-1.));
#9351=DIRECTION('ref_axis',(-0.707106781186592,-0.707106781186503,0.));
#9352=DIRECTION('',(0.,0.,-1.));
#9353=DIRECTION('center_axis',(0.,0.,-1.));
#9354=DIRECTION('ref_axis',(-0.707106781186592,-0.707106781186503,0.));
#9355=DIRECTION('',(0.,0.,1.));
#9356=DIRECTION('center_axis',(-1.,0.,0.));
#9357=DIRECTION('ref_axis',(0.,1.,0.));
#9358=DIRECTION('',(0.,0.,1.));
#9359=DIRECTION('',(0.,0.,-1.));
#9360=DIRECTION('center_axis',(0.,0.,1.));
#9361=DIRECTION('ref_axis',(-0.707106781186555,-0.70710678118654,0.));
#9362=DIRECTION('',(0.,0.,-1.));
#9363=DIRECTION('center_axis',(0.,0.,-1.));
#9364=DIRECTION('ref_axis',(-0.707106781186555,-0.70710678118654,0.));
#9365=DIRECTION('center_axis',(0.,0.,1.));
#9366=DIRECTION('ref_axis',(-0.707106781186548,0.707106781186547,0.));
#9367=DIRECTION('center_axis',(0.,0.,-1.));
#9368=DIRECTION('ref_axis',(-0.707106781186548,0.707106781186547,0.));
#9369=DIRECTION('',(0.,0.,1.));
#9370=DIRECTION('center_axis',(0.,0.,1.));
#9371=DIRECTION('ref_axis',(0.707106781186549,-0.707106781186546,0.));
#9372=DIRECTION('center_axis',(0.,0.,-1.));
#9373=DIRECTION('ref_axis',(0.707106781186593,0.707106781186502,0.));
#9374=DIRECTION('',(0.,0.,-1.));
#9375=DIRECTION('center_axis',(-1.24344978758017E-13,-1.,0.));
#9376=DIRECTION('ref_axis',(0.,0.,-1.));
#9377=DIRECTION('',(-1.,1.24344978758017E-13,0.));
#9378=DIRECTION('',(0.,0.,1.));
#9379=DIRECTION('',(0.707133558054517,-8.79285072553701E-14,0.707080003304548));
#9380=DIRECTION('center_axis',(0.,0.,1.));
#9381=DIRECTION('ref_axis',(-0.707106781186549,0.707106781186546,0.));
#9382=DIRECTION('',(0.,0.,-1.));
#9383=DIRECTION('center_axis',(0.,0.,-1.));
#9384=DIRECTION('ref_axis',(-0.707106781186549,0.707106781186546,0.));
#9385=DIRECTION('',(0.,0.,1.));
#9386=DIRECTION('center_axis',(-8.49092354277029E-17,1.,0.));
#9387=DIRECTION('ref_axis',(1.,8.49092354277029E-17,0.));
#9388=DIRECTION('',(0.,0.,1.));
#9389=DIRECTION('',(1.,8.49092354277029E-17,0.));
#9390=DIRECTION('center_axis',(0.,0.,-1.));
#9391=DIRECTION('ref_axis',(0.70710678118655,0.707106781186545,0.));
#9392=DIRECTION('center_axis',(0.,0.,-1.));
#9393=DIRECTION('ref_axis',(0.70710678118655,0.707106781186545,0.));
#9394=DIRECTION('center_axis',(0.707106781186559,0.,-0.707106781186537));
#9395=DIRECTION('ref_axis',(-0.707106781186537,0.,-0.707106781186559));
#9396=DIRECTION('',(0.,1.,0.));
#9397=DIRECTION('',(0.707100087444822,0.00435116892544782,0.707100087444844));
#9398=DIRECTION('',(0.,-1.,0.));
#9399=DIRECTION('',(-0.577350269189616,0.577350269189632,-0.577350269189629));
#9400=DIRECTION('center_axis',(0.707053228464533,0.00870242023131745,-0.707106781186546));
#9401=DIRECTION('ref_axis',(-0.707133558054512,0.,-0.707080003304553));
#9402=DIRECTION('',(-0.0123070807165991,0.999924265014224,0.));
#9403=DIRECTION('',(0.681565316074579,-0.274970821081964,0.678129609645287));
#9404=DIRECTION('',(0.0123070807165991,-0.999924265014224,0.));
#9405=DIRECTION('center_axis',(0.503067388540473,-0.496913677198642,-0.707106781186542));
#9406=DIRECTION('ref_axis',(-0.814826920004909,0.,-0.579704312934891));
#9407=DIRECTION('',(0.702742061623,0.711444723661548,0.));
#9408=DIRECTION('',(-0.702742061623,-0.711444723661548,0.));
#9409=DIRECTION('center_axis',(0.,-0.707106781186546,-0.707106781186549));
#9410=DIRECTION('ref_axis',(-1.,0.,0.));
#9411=DIRECTION('',(-1.,0.,0.));
#9412=DIRECTION('',(0.,0.707106781186549,-0.707106781186546));
#9413=DIRECTION('',(1.,0.,0.));
#9414=DIRECTION('center_axis',(0.,-1.,0.));
#9415=DIRECTION('ref_axis',(0.,0.,-1.));
#9416=DIRECTION('',(0.,0.,1.));
#9417=DIRECTION('',(-1.,0.,0.));
#9418=DIRECTION('',(0.,0.,-1.));
#9419=DIRECTION('center_axis',(1.,0.,0.));
#9420=DIRECTION('ref_axis',(0.,0.,1.));
#9421=DIRECTION('',(0.,0.,-1.));
#9422=DIRECTION('',(0.,-1.,1.24335561492818E-13));
#9423=DIRECTION('',(0.,-1.,0.));
#9424=DIRECTION('center_axis',(0.999924265014224,0.0123070807165991,0.));
#9425=DIRECTION('ref_axis',(-0.0123070807165991,0.999924265014224,0.));
#9426=DIRECTION('',(0.,0.,-1.));
#9427=DIRECTION('',(-0.0123070807165991,0.999924265014224,0.));
#9428=DIRECTION('',(0.0123061489223152,-0.999848558700437,0.0123052169164258));
#9429=DIRECTION('center_axis',(0.711444723661548,-0.702742061623,0.));
#9430=DIRECTION('ref_axis',(0.,0.,-1.));
#9431=DIRECTION('',(0.702742061623,0.711444723661548,0.));
#9432=DIRECTION('center_axis',(0.,0.,1.));
#9433=DIRECTION('ref_axis',(0.70710678118655,0.707106781186545,0.));
#9434=DIRECTION('',(0.,0.707106781186546,0.707106781186549));
#9435=DIRECTION('center_axis',(0.,0.,1.));
#9436=DIRECTION('ref_axis',(0.70710678118655,0.707106781186545,0.));
#9437=DIRECTION('center_axis',(-6.0039896156294E-17,0.707106781186551,-0.707106781186544));
#9438=DIRECTION('ref_axis',(-1.,0.,8.49092354277036E-17));
#9439=DIRECTION('',(0.,0.707106781186546,0.707106781186549));
#9440=DIRECTION('',(-1.,-8.49092354277029E-17,0.));
#9441=DIRECTION('center_axis',(0.,0.,1.));
#9442=DIRECTION('ref_axis',(-0.707106781186549,0.707106781186546,0.));
#9443=DIRECTION('',(-0.707106781186552,0.,0.707106781186543));
#9444=DIRECTION('center_axis',(0.,0.,1.));
#9445=DIRECTION('ref_axis',(-0.707106781186549,0.707106781186546,0.));
#9446=DIRECTION('center_axis',(-0.707106781186557,-8.44135730475265E-17,
-0.707106781186538));
#9447=DIRECTION('ref_axis',(-0.707106781186538,0.,0.707106781186557));
#9448=DIRECTION('',(-0.70710678118654,0.,0.707106781186555));
#9449=DIRECTION('',(-1.19378819852182E-16,1.,0.));
#9450=DIRECTION('',(1.19378819852182E-16,-1.,0.));
#9451=DIRECTION('center_axis',(0.,0.,1.));
#9452=DIRECTION('ref_axis',(-0.707106781186592,-0.707106781186503,0.));
#9453=DIRECTION('center_axis',(0.,0.,1.));
#9454=DIRECTION('ref_axis',(-0.707106781186592,-0.707106781186503,0.));
#9455=DIRECTION('center_axis',(0.,0.,1.));
#9456=DIRECTION('ref_axis',(-1.,0.,0.));
#9457=DIRECTION('',(0.,-1.,0.));
#9458=DIRECTION('center_axis',(0.,0.,-1.));
#9459=DIRECTION('ref_axis',(-1.,0.,0.));
#9460=DIRECTION('center_axis',(0.707106781186546,0.,-0.707106781186549));
#9461=DIRECTION('ref_axis',(-0.707106781186549,0.,-0.707106781186546));
#9462=DIRECTION('',(0.,1.,0.));
#9463=DIRECTION('',(0.577350269189628,0.577350269189625,0.577350269189625));
#9464=DIRECTION('',(0.707106781186549,0.,0.707106781186546));
#9465=DIRECTION('',(0.,-1.,0.));
#9466=DIRECTION('',(-0.678598344545859,-0.281084637714785,-0.67859834454585));
#9467=DIRECTION('center_axis',(0.500000000000034,0.499999999999974,-0.707106781186542));
#9468=DIRECTION('ref_axis',(-0.816496580927706,0.,-0.577350269189655));
#9469=DIRECTION('',(0.707106781186505,-0.70710678118659,0.));
#9470=DIRECTION('',(-0.707106781186505,0.70710678118659,0.));
#9471=DIRECTION('center_axis',(0.,0.707106781186548,-0.707106781186548));
#9472=DIRECTION('ref_axis',(-1.,0.,0.));
#9473=DIRECTION('',(1.,0.,0.));
#9474=DIRECTION('',(-1.,0.,0.));
#9475=DIRECTION('',(0.,0.707106781186549,0.707106781186546));
#9476=DIRECTION('center_axis',(0.,0.,1.));
#9477=DIRECTION('ref_axis',(-1.,0.,0.));
#9478=DIRECTION('',(8.88178419700144E-14,1.,0.));
#9479=DIRECTION('center_axis',(0.,0.,1.));
#9480=DIRECTION('ref_axis',(0.707106781186511,-0.707106781186584,0.));
#9481=DIRECTION('',(1.,-1.97529226244666E-14,0.));
#9482=DIRECTION('center_axis',(0.,0.,1.));
#9483=DIRECTION('ref_axis',(-0.707106781186555,-0.70710678118654,0.));
#9484=DIRECTION('',(1.19378819852182E-16,-1.,0.));
#9485=DIRECTION('center_axis',(0.,0.,1.));
#9486=DIRECTION('ref_axis',(-0.707106781186548,0.707106781186547,0.));
#9487=DIRECTION('center_axis',(0.,0.,-1.));
#9488=DIRECTION('ref_axis',(-1.,0.,0.));
#9489=DIRECTION('center_axis',(0.707106781186544,-6.28036983473521E-14,
-0.707106781186551));
#9490=DIRECTION('ref_axis',(-0.707106781186551,0.,-0.707106781186544));
#9491=DIRECTION('',(0.707106781186552,-6.28036983473505E-14,0.707106781186543));
#9492=DIRECTION('center_axis',(0.,0.,1.));
#9493=DIRECTION('ref_axis',(-0.707106781186548,0.707106781186547,0.));
#9494=DIRECTION('',(-0.707106781186546,0.,0.707106781186549));
#9495=DIRECTION('center_axis',(-0.707106781186557,-8.44135730475265E-17,
-0.707106781186538));
#9496=DIRECTION('ref_axis',(-0.707106781186538,0.,0.707106781186557));
#9497=DIRECTION('',(-0.70710678118654,0.,0.707106781186555));
#9498=DIRECTION('',(-1.19378819852182E-16,1.,0.));
#9499=DIRECTION('center_axis',(0.,0.,1.));
#9500=DIRECTION('ref_axis',(-0.707106781186555,-0.70710678118654,0.));
#9501=DIRECTION('',(-1.25607396694702E-14,-0.707106781186549,0.707106781186546));
#9502=DIRECTION('center_axis',(-1.39674255360136E-14,-0.707106781186554,
-0.707106781186541));
#9503=DIRECTION('ref_axis',(-1.,0.,1.9752922624467E-14));
#9504=DIRECTION('',(-2.51214793389405E-14,-0.707106781186543,0.707106781186552));
#9505=DIRECTION('center_axis',(0.,0.,1.));
#9506=DIRECTION('ref_axis',(0.707106781186511,-0.707106781186584,0.));
#9507=DIRECTION('center_axis',(1.,0.,0.));
#9508=DIRECTION('ref_axis',(0.,1.,0.));
#9509=DIRECTION('',(0.,0.,-1.));
#9510=DIRECTION('',(0.,1.,0.));
#9511=DIRECTION('',(0.,0.,1.));
#9512=DIRECTION('center_axis',(0.,1.,0.));
#9513=DIRECTION('ref_axis',(0.,0.,1.));
#9514=DIRECTION('',(-0.707106781186548,0.,-0.707106781186548));
#9515=DIRECTION('center_axis',(-1.,-1.19378819852182E-16,0.));
#9516=DIRECTION('ref_axis',(-1.19378819852182E-16,1.,0.));
#9517=DIRECTION('center_axis',(-0.387232484355352,0.,0.921982105607252));
#9518=DIRECTION('ref_axis',(-0.921982105607252,0.,-0.387232484355352));
#9519=DIRECTION('',(0.921982105607252,-1.10549422289256E-13,0.387232484355352));
#9520=DIRECTION('center_axis',(8.47849927689245E-14,0.707106781186551,0.707106781186544));
#9521=DIRECTION('ref_axis',(1.,0.,-1.19904086659518E-13));
#9522=DIRECTION('',(-1.,1.19904086659517E-13,0.));
#9523=DIRECTION('',(-0.577350269189599,-0.577350269189602,0.577350269189676));
#9524=DIRECTION('center_axis',(0.,0.,1.));
#9525=DIRECTION('ref_axis',(0.,-1.,0.));
#9526=DIRECTION('',(1.,0.,0.));
#9527=DIRECTION('',(-0.70710678118654,-0.707106781186555,0.));
#9528=DIRECTION('',(0.,-1.,0.));
#9529=DIRECTION('',(0.70710678118654,-0.707106781186555,0.));
#9530=DIRECTION('',(1.,0.,0.));
#9531=DIRECTION('',(0.707106781186546,0.707106781186549,0.));
#9532=DIRECTION('center_axis',(0.,0.,-1.));
#9533=DIRECTION('ref_axis',(0.,1.,0.));
#9534=DIRECTION('',(1.,0.,0.));
#9535=DIRECTION('',(-0.707106781186546,-0.707106781186549,0.));
#9536=DIRECTION('',(1.,0.,0.));
#9537=DIRECTION('',(-0.70710678118654,0.707106781186555,0.));
#9538=DIRECTION('',(0.,1.,0.));
#9539=DIRECTION('',(0.70710678118654,0.707106781186555,0.));
#9540=DIRECTION('center_axis',(0.707106781186555,-0.70710678118654,0.));
#9541=DIRECTION('ref_axis',(0.,0.,-1.));
#9542=DIRECTION('',(0.,0.,1.));
#9543=DIRECTION('',(0.,0.,-1.));
#9544=DIRECTION('center_axis',(1.,0.,0.));
#9545=DIRECTION('ref_axis',(0.,0.,-1.));
#9546=DIRECTION('',(0.,0.,-1.));
#9547=DIRECTION('center_axis',(0.707106781186555,0.70710678118654,0.));
#9548=DIRECTION('ref_axis',(0.,0.,-1.));
#9549=DIRECTION('',(0.,0.,1.));
#9550=DIRECTION('center_axis',(0.,1.,0.));
#9551=DIRECTION('ref_axis',(0.,0.,1.));
#9552=DIRECTION('',(0.,0.,-1.));
#9553=DIRECTION('center_axis',(-0.707106781186549,0.707106781186546,0.));
#9554=DIRECTION('ref_axis',(0.,0.,1.));
#9555=DIRECTION('center_axis',(0.,-1.,0.));
#9556=DIRECTION('ref_axis',(0.,0.,-1.));
#9557=DIRECTION('center_axis',(0.707080003304548,-8.79218479911229E-14,
-0.707133558054517));
#9558=DIRECTION('ref_axis',(0.707133558054517,-8.79285072553701E-14,0.707080003304548));
#9559=DIRECTION('',(-0.707133558054517,8.79285072553701E-14,-0.707080003304548));
#9560=DIRECTION('center_axis',(0.,0.,1.));
#9561=DIRECTION('ref_axis',(-1.,0.,0.));
#9562=DIRECTION('',(0.,-1.,0.));
#9563=DIRECTION('center_axis',(0.503067388540474,-0.496913677198642,-0.707106781186542));
#9564=DIRECTION('ref_axis',(-0.814826920004908,0.,-0.579704312934891));
#9565=DIRECTION('',(-0.681565316074585,0.274970821081942,-0.67812960964529));
#9566=DIRECTION('center_axis',(0.707053228464529,0.00870242023131739,-0.707106781186551));
#9567=DIRECTION('ref_axis',(-0.707133558054516,0.,-0.707080003304548));
#9568=DIRECTION('center_axis',(0.273814715580553,0.707106781194041,-0.6519397990006));
#9569=DIRECTION('ref_axis',(-0.921982105607209,0.,-0.387232484355454));
#9570=DIRECTION('',(-0.141040652544063,0.700038404056934,0.700038404071781));
#9571=DIRECTION('center_axis',(8.47849927689242E-14,0.707106781186548,-0.707106781186548));
#9572=DIRECTION('ref_axis',(-1.,0.,-1.19904086659517E-13));
#9573=DIRECTION('',(0.281084637714884,0.678598344545816,0.678598344545852));
#9574=DIRECTION('center_axis',(0.707106781186548,0.,-0.707106781186548));
#9575=DIRECTION('ref_axis',(-0.707106781186548,0.,-0.707106781186548));
#9576=DIRECTION('',(-0.67859834454585,-0.281084637714805,-0.67859834454585));
#9577=DIRECTION('center_axis',(0.500000000000026,0.499999999999967,-0.707106781186553));
#9578=DIRECTION('ref_axis',(-0.816496580927714,0.,-0.577350269189643));
#9579=DIRECTION('',(-0.707106781186505,0.70710678118659,0.));
#9580=DIRECTION('center_axis',(0.70710678118659,0.707106781186505,0.));
#9581=DIRECTION('ref_axis',(0.,0.,-1.));
#9582=DIRECTION('center_axis',(1.49011510201676E-8,-4.13590871029206E-25,
-1.));
#9583=DIRECTION('ref_axis',(-1.,1.23259432286074E-32,-1.49011510201676E-8));
#9584=DIRECTION('center_axis',(-1.49011510201676E-8,4.13590871029206E-25,
1.));
#9585=DIRECTION('ref_axis',(-1.,0.,-1.49011510201676E-8));
#9586=DIRECTION('center_axis',(1.49011510201676E-8,-4.13590306276514E-25,
-1.));
#9587=DIRECTION('ref_axis',(-1.,0.,-1.49011510201676E-8));
#9588=DIRECTION('center_axis',(-1.49011510201676E-8,4.13590306276514E-25,
1.));
#9589=DIRECTION('ref_axis',(-1.,0.,-1.49011510201676E-8));
#9590=DIRECTION('center_axis',(0.,0.,-1.));
#9591=DIRECTION('ref_axis',(-1.,0.,0.));
#9592=DIRECTION('',(0.,0.,1.));
#9593=DIRECTION('center_axis',(0.,0.,1.));
#9594=DIRECTION('ref_axis',(-1.,0.,0.));
#9595=DIRECTION('',(0.,0.,-1.));
#9596=DIRECTION('center_axis',(-1.,0.,0.));
#9597=DIRECTION('ref_axis',(0.,-1.,0.));
#9598=DIRECTION('center_axis',(-1.,-1.19378819852182E-16,0.));
#9599=DIRECTION('ref_axis',(-1.19378819852182E-16,1.,0.));
#9600=CARTESIAN_POINT('',(0.,0.,0.));
#9601=CARTESIAN_POINT('Origin',(85.7900602277995,14.1591878544937,20.5003781603774));
#9602=CARTESIAN_POINT('',(85.6650602277995,14.1494126591925,20.6397262038825));
#9603=CARTESIAN_POINT('',(85.6650602277995,12.3392563305623,21.3895175052166));
#9604=CARTESIAN_POINT('',(85.6650593542978,18.2615531253016,18.9364227979083));
#9605=CARTESIAN_POINT('',(85.9150602277995,14.0077990348548,20.4277864376269));
#9606=CARTESIAN_POINT('',(85.9150602277995,14.0077990348548,20.4277864376269));
#9607=CARTESIAN_POINT('',(85.9150602277995,12.2435854724711,21.1585476220888));
#9608=CARTESIAN_POINT('',(85.9150602277995,14.1113524254481,20.3848932188134));
#9609=CARTESIAN_POINT('Ctrl Pts',(85.9150600099154,12.2435854724711,21.1585476220888));
#9610=CARTESIAN_POINT('Ctrl Pts',(85.83172674921,12.2754757585015,21.2355375831314));
#9611=CARTESIAN_POINT('Ctrl Pts',(85.7483934885047,12.3073660445319,21.312527544174));
#9612=CARTESIAN_POINT('Ctrl Pts',(85.6650602277994,12.3392563305623,21.3895175052166));
#9613=CARTESIAN_POINT('Origin',(85.7900602277995,14.1819738201301,20.4303883476483));
#9614=CARTESIAN_POINT('',(85.6650593181251,18.5935854724711,16.1955533906039));
#9615=CARTESIAN_POINT('',(85.6650594513872,17.3703619261094,17.4187780349784));
#9616=CARTESIAN_POINT('',(85.9150602277995,18.4168087771744,16.0187766953073));
#9617=CARTESIAN_POINT('',(85.6650593181251,18.5935854724711,16.1955533906039));
#9618=CARTESIAN_POINT('',(85.9150602277995,14.0935854724817,20.342));
#9619=CARTESIAN_POINT('Origin',(83.6650600099154,12.2435854724711,15.392));
#9620=CARTESIAN_POINT('',(84.8187946105057,10.6099097177998,22.092));
#9621=CARTESIAN_POINT('',(85.6650600099112,12.24358955946,21.4291442151162));
#9622=CARTESIAN_POINT('Ctrl Pts',(84.8187946105057,10.6099097177998,22.092));
#9623=CARTESIAN_POINT('Ctrl Pts',(85.3488872954896,10.9842718091983,21.9431314165896));
#9624=CARTESIAN_POINT('Ctrl Pts',(85.6650600099154,11.6183293585295,21.6878280303723));
#9625=CARTESIAN_POINT('Ctrl Pts',(85.6650600099154,12.2435854724711,21.429134348196));
#9626=CARTESIAN_POINT('',(83.6650600099154,10.2435854724711,22.092));
#9627=CARTESIAN_POINT('Origin',(83.6650600099154,12.2435854724711,22.092));
#9628=CARTESIAN_POINT('',(83.6650600099154,10.2435854724711,23.192));
#9629=CARTESIAN_POINT('',(83.6650600099154,10.2435854724711,15.392));
#9630=CARTESIAN_POINT('',(85.6650600099154,12.2435856903578,23.192));
#9631=CARTESIAN_POINT('Origin',(83.6650600099154,12.2435854724711,23.192));
#9632=CARTESIAN_POINT('',(85.6650602277995,12.2435854724711,15.392));
#9633=CARTESIAN_POINT('Ctrl Pts',(85.9125312729913,12.1378128414714,21.2023600803767));
#9634=CARTESIAN_POINT('Ctrl Pts',(85.914216817311,12.1730446591411,21.1877665836709));
#9635=CARTESIAN_POINT('Ctrl Pts',(85.9150600099154,12.2083150647784,21.1731571033055));
#9636=CARTESIAN_POINT('Ctrl Pts',(85.9150600099154,12.2435854724711,21.1585476220888));
#9637=CARTESIAN_POINT('Ctrl Pts',(85.8300391084286,12.1730710875971,21.2779531970708));
#9638=CARTESIAN_POINT('Ctrl Pts',(85.8311627922717,12.2072030532233,21.263820311569));
#9639=CARTESIAN_POINT('Ctrl Pts',(85.8317249144865,12.2413395267366,21.2496792591889));
#9640=CARTESIAN_POINT('Ctrl Pts',(85.8317249144865,12.2754764606204,21.2355392781964));
#9641=CARTESIAN_POINT('Ctrl Pts',(85.7475469438659,12.2083293337228,21.3535463137648));
#9642=CARTESIAN_POINT('Ctrl Pts',(85.7481087672324,12.2413614473054,21.3398740394671));
#9643=CARTESIAN_POINT('Ctrl Pts',(85.7483898190576,12.2743639886949,21.3262014150723));
#9644=CARTESIAN_POINT('Ctrl Pts',(85.7483898190576,12.3073674487698,21.312530934304));
#9645=CARTESIAN_POINT('Ctrl Pts',(85.6650547793032,12.2435875798485,21.4291394304589));
#9646=CARTESIAN_POINT('Ctrl Pts',(85.6650547421931,12.2755198413876,21.4159277673652));
#9647=CARTESIAN_POINT('Ctrl Pts',(85.6650547236288,12.3073884506531,21.4027235709556));
#9648=CARTESIAN_POINT('Ctrl Pts',(85.6650547236288,12.3392584369191,21.3895225904116));
#9649=CARTESIAN_POINT('',(85.6650593542978,18.2615531253016,18.9364227979083));
#9650=CARTESIAN_POINT('',(85.912531284167,12.1378130750693,21.2023599836173));
#9651=CARTESIAN_POINT('Ctrl Pts',(85.9150600099154,12.2435854724711,21.1585476220888));
#9652=CARTESIAN_POINT('Ctrl Pts',(85.9150600099154,12.208315146006,21.17315706966));
#9653=CARTESIAN_POINT('Ctrl Pts',(85.9142168211947,12.1730448215963,21.1877665163798));
#9654=CARTESIAN_POINT('Ctrl Pts',(85.9125312846368,12.1378130848876,21.2023599795504));
#9655=CARTESIAN_POINT('',(85.6650600099154,12.2435854724711,21.4291343481959));
#9656=CARTESIAN_POINT('Origin',(83.2320511340963,0.946223172744332,21.967));
#9657=CARTESIAN_POINT('',(83.2320511268164,2.54622314356777,21.842));
#9658=CARTESIAN_POINT('',(83.2320511279539,2.29622314356776,22.092));
#9659=CARTESIAN_POINT('',(83.2320511268164,2.54622314356777,21.842));
#9660=CARTESIAN_POINT('',(83.2320511340963,-0.403776798079101,22.092));
#9661=CARTESIAN_POINT('Origin',(83.2320511340963,0.946223172744332,22.092));
#9662=CARTESIAN_POINT('',(83.2320511340964,-0.653776798079104,21.842));
#9663=CARTESIAN_POINT('',(83.2320511340963,-0.403776798079101,22.092));
#9664=CARTESIAN_POINT('Origin',(83.2320511340963,0.946223172744332,21.842));
#9665=CARTESIAN_POINT('Origin',(91.8731460684678,2.42122327626113,21.967));
#9666=CARTESIAN_POINT('',(85.1320511241149,2.54622317274432,21.842));
#9667=CARTESIAN_POINT('',(85.1320511279539,2.29622317274432,22.092));
#9668=CARTESIAN_POINT('',(85.1320511241149,2.54622317274432,21.842));
#9669=CARTESIAN_POINT('',(91.8731460703873,2.29622327626113,22.092));
#9670=CARTESIAN_POINT('',(91.8731460665483,2.54622327626113,21.842));
#9671=CARTESIAN_POINT('Origin',(85.1320511340963,0.946223172744325,21.967));
#9672=CARTESIAN_POINT('',(85.1320511340963,-0.653776827255674,21.842));
#9673=CARTESIAN_POINT('',(85.1320511340963,-0.403776827255671,22.092));
#9674=CARTESIAN_POINT('',(85.1320511340963,-0.653776827255674,21.842));
#9675=CARTESIAN_POINT('Origin',(85.1320511340963,0.946223172744325,22.092));
#9676=CARTESIAN_POINT('Origin',(85.1320511340963,0.946223172744325,21.842));
#9677=CARTESIAN_POINT('Origin',(90.9231460838441,-0.528776827255679,21.967));
#9678=CARTESIAN_POINT('',(90.9231460838441,-0.403776827255679,22.092));
#9679=CARTESIAN_POINT('',(90.9231460838441,-0.653776827255679,21.842));
#9680=CARTESIAN_POINT('Origin',(83.2320511340963,-0.403776827255668,15.392));
#9681=CARTESIAN_POINT('',(83.2320511340963,-0.403776798079101,23.192));
#9682=CARTESIAN_POINT('',(83.2320511340963,-0.403776798079101,19.992));
#9683=CARTESIAN_POINT('',(85.1320511340963,-0.403776827255671,23.192));
#9684=CARTESIAN_POINT('',(90.9231460838441,-0.403776827255679,23.192));
#9685=CARTESIAN_POINT('',(85.1320511340963,-0.403776827255671,19.992));
#9686=CARTESIAN_POINT('Origin',(83.2320511340963,0.946223172744332,15.392));
#9687=CARTESIAN_POINT('',(83.2320511279539,2.29622314356776,23.192));
#9688=CARTESIAN_POINT('',(83.2320511279539,2.29622314356776,15.392));
#9689=CARTESIAN_POINT('Origin',(83.2320511340963,0.946223172744332,23.192));
#9690=CARTESIAN_POINT('Origin',(98.614241033592,0.943585641333247,21.842));
#9691=CARTESIAN_POINT('',(115.428497742064,6.94622316835919,21.842));
#9692=CARTESIAN_POINT('',(115.713061343773,6.94622317069181,21.842));
#9693=CARTESIAN_POINT('',(107.288831406763,6.94622310163691,21.842));
#9694=CARTESIAN_POINT('',(115.032051134106,6.54977655715178,21.842));
#9695=CARTESIAN_POINT('',(109.625162565657,1.14288794438166,21.842));
#9696=CARTESIAN_POINT('',(115.032051134106,-4.65733021921403,21.842));
#9697=CARTESIAN_POINT('',(115.032051134106,-1.43009559296091,21.842));
#9698=CARTESIAN_POINT('',(115.428497753924,-5.05377683164058,21.842));
#9699=CARTESIAN_POINT('',(109.626481222543,0.748239591568548,21.842));
#9700=CARTESIAN_POINT('',(115.713421839386,-5.05377682930501,21.842));
#9701=CARTESIAN_POINT('',(108.838831401219,-5.05377688565724,21.842));
#9702=CARTESIAN_POINT('',(115.713421839386,-8.70641452751535,21.842));
#9703=CARTESIAN_POINT('',(115.713421839386,9.69358555690215,21.842));
#9704=CARTESIAN_POINT('',(78.4150602277989,-8.70641452751537,21.842));
#9705=CARTESIAN_POINT('',(107.288650630696,-8.70641452751535,21.842));
#9706=CARTESIAN_POINT('',(78.4150602278011,9.24358547247117,21.842));
#9707=CARTESIAN_POINT('',(78.4150602277991,-6.80641444309425,21.842));
#9708=CARTESIAN_POINT('',(79.1650602278011,9.99358547247108,21.842));
#9709=CARTESIAN_POINT('Origin',(79.1650602278011,9.24358547247108,21.842));
#9710=CARTESIAN_POINT('',(83.6650600099154,9.99358547247108,21.842));
#9711=CARTESIAN_POINT('',(91.889650630697,9.99358547247108,21.842));
#9712=CARTESIAN_POINT('',(85.1947658640047,10.5935854724817,21.842));
#9713=CARTESIAN_POINT('Origin',(83.6650600099154,12.2435854724711,21.842));
#9714=CARTESIAN_POINT('',(115.713061343773,10.5935854724817,21.842));
#9715=CARTESIAN_POINT('',(88.3896506306957,10.5935854724817,21.842));
#9716=CARTESIAN_POINT('',(115.713061343773,9.23108555690216,21.842));
#9717=CARTESIAN_POINT('',(95.832051134096,5.94622317274411,21.842));
#9718=CARTESIAN_POINT('',(101.605553825992,-4.0537768272559,21.842));
#9719=CARTESIAN_POINT('',(97.2629276685649,3.46787231568605,21.842));
#9720=CARTESIAN_POINT('',(94.2320511340961,5.94622317274411,21.842));
#9721=CARTESIAN_POINT('',(96.423146083844,5.9462231727441,21.842));
#9722=CARTESIAN_POINT('',(100.005553825992,-4.0537768272559,21.842));
#9723=CARTESIAN_POINT('',(98.749679014513,-1.87853784582772,21.842));
#9724=CARTESIAN_POINT('',(100.109897429792,-4.0537768272559,21.842));
#9725=CARTESIAN_POINT('',(102.632051134096,2.48212155760637,21.842));
#9726=CARTESIAN_POINT('',(100.632051134096,5.94622317274411,21.842));
#9727=CARTESIAN_POINT('',(102.462927668565,2.77505199265851,21.842));
#9728=CARTESIAN_POINT('',(102.632051134096,5.25340284971654,21.842));
#9729=CARTESIAN_POINT('',(102.632051134096,3.09849424552489,21.842));
#9730=CARTESIAN_POINT('',(102.232051134096,5.94622317274411,21.842));
#9731=CARTESIAN_POINT('',(102.862927668565,4.85351296174116,21.842));
#9732=CARTESIAN_POINT('',(99.623146083844,5.9462231727441,21.842));
#9733=CARTESIAN_POINT('',(99.0320511340961,5.94622317274411,21.842));
#9734=CARTESIAN_POINT('',(102.632051134096,-0.289159734503842,21.842));
#9735=CARTESIAN_POINT('',(100.062927668565,4.16069263871361,21.842));
#9736=CARTESIAN_POINT('',(97.432051134096,5.94622317274411,21.842));
#9737=CARTESIAN_POINT('',(98.023146083844,5.9462231727441,21.842));
#9738=CARTESIAN_POINT('',(102.632051134096,-3.06044102661405,21.842));
#9739=CARTESIAN_POINT('',(101.262927668565,-0.689049622479248,21.842));
#9740=CARTESIAN_POINT('',(102.632051134096,0.327212953414702,21.842));
#9741=CARTESIAN_POINT('',(96.8055538259923,-4.0537768272559,21.842));
#9742=CARTESIAN_POINT('',(92.632051134096,3.17494188063391,21.842));
#9743=CARTESIAN_POINT('',(95.949679014513,-2.57135816885528,21.842));
#9744=CARTESIAN_POINT('',(98.4055538259923,-4.0537768272559,21.842));
#9745=CARTESIAN_POINT('',(98.5098974297921,-4.0537768272559,21.842));
#9746=CARTESIAN_POINT('',(92.632051134096,5.94622317274411,21.842));
#9747=CARTESIAN_POINT('',(94.4629276685649,2.7750519926585,21.842));
#9748=CARTESIAN_POINT('',(92.632051134096,2.05926376098358,21.842));
#9749=CARTESIAN_POINT('',(93.6055538259923,-4.0537768272559,21.842));
#9750=CARTESIAN_POINT('',(92.632051134096,-2.36762070358648,21.842));
#9751=CARTESIAN_POINT('',(93.149679014513,-3.26417849188283,21.842));
#9752=CARTESIAN_POINT('',(95.2055538259923,-4.0537768272559,21.842));
#9753=CARTESIAN_POINT('',(96.9098974297921,-4.0537768272559,21.842));
#9754=CARTESIAN_POINT('',(92.632051134096,0.403660588523715,21.842));
#9755=CARTESIAN_POINT('',(93.2629276685648,-0.689049622479242,21.842));
#9756=CARTESIAN_POINT('',(92.632051134096,-0.712017531126613,21.842));
#9757=CARTESIAN_POINT('Origin',(85.1320511340963,0.946223172744325,23.317));
#9758=CARTESIAN_POINT('',(85.1320511340963,-0.653776827255674,23.442));
#9759=CARTESIAN_POINT('',(85.1320511340963,-0.403776827255671,23.192));
#9760=CARTESIAN_POINT('',(85.1320511268165,2.54622317274432,23.442));
#9761=CARTESIAN_POINT('Origin',(85.1320511340963,0.946223172744325,23.442));
#9762=CARTESIAN_POINT('',(85.1320511279539,2.29622317274432,23.192));
#9763=CARTESIAN_POINT('',(85.1320511268165,2.54622317274432,23.442));
#9764=CARTESIAN_POINT('Origin',(85.1320511340963,0.946223172744325,23.192));
#9765=CARTESIAN_POINT('Origin',(90.9231460838441,-0.528776827255679,23.317));
#9766=CARTESIAN_POINT('',(83.2320511340963,-0.653776827255668,23.442));
#9767=CARTESIAN_POINT('',(83.2320511340963,-0.403776798079101,23.192));
#9768=CARTESIAN_POINT('',(90.9231460838441,-0.653776827255679,23.442));
#9769=CARTESIAN_POINT('Origin',(83.2320511340963,0.946223172744332,23.317));
#9770=CARTESIAN_POINT('',(83.2320511268164,2.54622314356777,23.442));
#9771=CARTESIAN_POINT('',(83.2320511279539,2.29622314356776,23.192));
#9772=CARTESIAN_POINT('Origin',(83.2320511340963,0.946223172744332,23.442));
#9773=CARTESIAN_POINT('Origin',(91.8731460684678,2.42122327626113,23.317));
#9774=CARTESIAN_POINT('',(91.8731460665483,2.54622327626113,23.442));
#9775=CARTESIAN_POINT('',(91.8731460703873,2.29622327626113,23.192));
#9776=CARTESIAN_POINT('Origin',(85.1320511340963,0.946223172744325,15.392));
#9777=CARTESIAN_POINT('',(85.1320511279539,2.29622317274432,19.992));
#9778=CARTESIAN_POINT('Origin',(98.614241033592,0.943585641333247,23.442));
#9779=CARTESIAN_POINT('',(115.428497753924,-5.05377683164059,23.442));
#9780=CARTESIAN_POINT('',(118.813421839385,-5.05377680389377,23.442));
#9781=CARTESIAN_POINT('',(108.838831401219,-5.05377688565724,23.442));
#9782=CARTESIAN_POINT('',(115.032051134106,-4.65733021921401,23.442));
#9783=CARTESIAN_POINT('',(109.626481222543,0.748239591568548,23.442));
#9784=CARTESIAN_POINT('',(115.032051134106,6.54977655715176,23.442));
#9785=CARTESIAN_POINT('',(115.032051134106,-1.43009559296091,23.442));
#9786=CARTESIAN_POINT('',(115.428497742064,6.94622316835919,23.442));
#9787=CARTESIAN_POINT('',(109.625162565657,1.14288794438166,23.442));
#9788=CARTESIAN_POINT('',(118.813421839385,6.94622319610601,23.442));
#9789=CARTESIAN_POINT('',(107.288831406763,6.94622310163691,23.442));
#9790=CARTESIAN_POINT('',(118.813421839385,19.5435855923088,23.442));
#9791=CARTESIAN_POINT('',(118.813421839385,-9.35641444309548,23.442));
#9792=CARTESIAN_POINT('',(117.063421648734,21.2935855923088,23.442));
#9793=CARTESIAN_POINT('Origin',(117.063421839385,19.5435855923088,23.442));
#9794=CARTESIAN_POINT('',(87.6650590239784,21.2935823895526,23.442));
#9795=CARTESIAN_POINT('',(108.838830172746,21.2935846962942,23.442));
#9796=CARTESIAN_POINT('',(85.9150592146293,19.5435821989018,23.442));
#9797=CARTESIAN_POINT('Origin',(87.6650592146292,19.5435823895526,23.442));
#9798=CARTESIAN_POINT('',(85.9150600099153,12.2435857175936,23.442));
#9799=CARTESIAN_POINT('',(85.915060118859,11.2435832283719,23.442));
#9800=CARTESIAN_POINT('',(83.6650600099154,9.99358547247108,23.442));
#9801=CARTESIAN_POINT('Origin',(83.6650600099154,12.2435854724711,23.442));
#9802=CARTESIAN_POINT('',(79.1650602278011,9.99358547247108,23.442));
#9803=CARTESIAN_POINT('',(91.889650630697,9.99358547247108,23.442));
#9804=CARTESIAN_POINT('',(78.4150602278011,9.24358547247117,23.442));
#9805=CARTESIAN_POINT('Origin',(79.1650602278011,9.24358547247108,23.442));
#9806=CARTESIAN_POINT('',(78.4150602277978,-17.656414527524,23.442));
#9807=CARTESIAN_POINT('',(78.4150602277991,-6.80641444309425,23.442));
#9808=CARTESIAN_POINT('',(80.1650602277978,-19.4064145275242,23.442));
#9809=CARTESIAN_POINT('Origin',(80.1650602277978,-17.6564145275242,23.442));
#9810=CARTESIAN_POINT('',(117.063421839385,-19.4064145275242,23.442));
#9811=CARTESIAN_POINT('',(64.7388314364891,-19.4064145275242,23.442));
#9812=CARTESIAN_POINT('',(118.813421839385,-17.6564145275242,23.442));
#9813=CARTESIAN_POINT('Origin',(117.063421839385,-17.6564145275242,23.442));
#9814=CARTESIAN_POINT('',(118.813421839385,-9.35641444309548,23.442));
#9815=CARTESIAN_POINT('',(101.605553825992,-4.0537768272559,23.442));
#9816=CARTESIAN_POINT('',(100.005553825992,-4.0537768272559,23.442));
#9817=CARTESIAN_POINT('',(100.109897429792,-4.0537768272559,23.442));
#9818=CARTESIAN_POINT('',(94.2320511340961,5.94622317274411,23.442));
#9819=CARTESIAN_POINT('',(98.749679014513,-1.87853784582772,23.442));
#9820=CARTESIAN_POINT('',(95.832051134096,5.94622317274411,23.442));
#9821=CARTESIAN_POINT('',(96.423146083844,5.9462231727441,23.442));
#9822=CARTESIAN_POINT('',(97.2629276685649,3.46787231568605,23.442));
#9823=CARTESIAN_POINT('',(96.8055538259923,-4.0537768272559,23.442));
#9824=CARTESIAN_POINT('',(92.632051134096,3.17494188063391,23.442));
#9825=CARTESIAN_POINT('',(95.949679014513,-2.57135816885528,23.442));
#9826=CARTESIAN_POINT('',(92.632051134096,5.94622317274411,23.442));
#9827=CARTESIAN_POINT('',(92.632051134096,2.05926376098358,23.442));
#9828=CARTESIAN_POINT('',(98.4055538259923,-4.0537768272559,23.442));
#9829=CARTESIAN_POINT('',(94.4629276685649,2.7750519926585,23.442));
#9830=CARTESIAN_POINT('',(98.5098974297921,-4.0537768272559,23.442));
#9831=CARTESIAN_POINT('',(102.632051134096,-0.289159734503843,23.442));
#9832=CARTESIAN_POINT('',(102.632051134096,-3.06044102661405,23.442));
#9833=CARTESIAN_POINT('',(102.632051134096,0.327212953414702,23.442));
#9834=CARTESIAN_POINT('',(97.432051134096,5.94622317274411,23.442));
#9835=CARTESIAN_POINT('',(101.262927668565,-0.689049622479248,23.442));
#9836=CARTESIAN_POINT('',(99.0320511340961,5.94622317274411,23.442));
#9837=CARTESIAN_POINT('',(98.023146083844,5.9462231727441,23.442));
#9838=CARTESIAN_POINT('',(100.062927668565,4.16069263871361,23.442));
#9839=CARTESIAN_POINT('',(93.6055538259923,-4.0537768272559,23.442));
#9840=CARTESIAN_POINT('',(92.632051134096,-2.36762070358648,23.442));
#9841=CARTESIAN_POINT('',(93.149679014513,-3.26417849188283,23.442));
#9842=CARTESIAN_POINT('',(92.632051134096,0.403660588523715,23.442));
#9843=CARTESIAN_POINT('',(92.632051134096,-0.712017531126613,23.442));
#9844=CARTESIAN_POINT('',(95.2055538259923,-4.0537768272559,23.442));
#9845=CARTESIAN_POINT('',(93.2629276685648,-0.689049622479246,23.442));
#9846=CARTESIAN_POINT('',(96.9098974297921,-4.0537768272559,23.442));
#9847=CARTESIAN_POINT('',(102.632051134096,5.25340284971654,23.442));
#9848=CARTESIAN_POINT('',(102.632051134096,2.48212155760636,23.442));
#9849=CARTESIAN_POINT('',(102.632051134096,3.09849424552489,23.442));
#9850=CARTESIAN_POINT('',(100.632051134096,5.94622317274411,23.442));
#9851=CARTESIAN_POINT('',(102.462927668565,2.77505199265851,23.442));
#9852=CARTESIAN_POINT('',(102.232051134096,5.94622317274411,23.442));
#9853=CARTESIAN_POINT('',(99.623146083844,5.9462231727441,23.442));
#9854=CARTESIAN_POINT('',(102.862927668565,4.85351296174115,23.442));
#9855=CARTESIAN_POINT('Origin',(116.088061343773,6.82122317376574,14.1795));
#9856=CARTESIAN_POINT('',(115.963421839386,6.945862677131,16.7380861137937));
#9857=CARTESIAN_POINT('',(116.213061343773,6.69622317479039,16.8414901822149));
#9858=CARTESIAN_POINT('',(115.970455794681,6.93882872189302,16.7409996734742));
#9859=CARTESIAN_POINT('',(116.213061343773,6.69622317479039,21.6955533905933));
#9860=CARTESIAN_POINT('',(116.213061343773,6.69622317479039,14.1795));
#9861=CARTESIAN_POINT('',(115.963061343773,6.9462231727411,21.592));
#9862=CARTESIAN_POINT('',(115.571882222317,7.33740229098987,21.4299683025761));
#9863=CARTESIAN_POINT('',(115.963061343773,6.9462231727411,7.14236049561305));
#9864=CARTESIAN_POINT('',(115.963061343773,6.9462231727411,14.1795));
#9865=CARTESIAN_POINT('',(115.963421839386,6.94586267713101,7.14200000000001));
#9866=CARTESIAN_POINT('',(112.965764539928,9.94351995201672,10.1396572994581));
#9867=CARTESIAN_POINT('',(115.963421839386,6.94586267713099,7.88975));
#9868=CARTESIAN_POINT('Origin',(115.863421839386,17.9435854724711,7.242));
#9869=CARTESIAN_POINT('',(115.963061343773,15.5403925774909,7.14236049561306));
#9870=CARTESIAN_POINT('',(115.963061343773,17.7310854724711,7.14236049561306));
#9871=CARTESIAN_POINT('',(115.713061343773,16.1439459680841,7.39236049561306));
#9872=CARTESIAN_POINT('',(114.942010531456,18.0054272964572,8.16341130792948));
#9873=CARTESIAN_POINT('',(115.463421839386,16.3935854724711,7.642));
#9874=CARTESIAN_POINT('',(109.955361663786,21.9016456480708,13.1500601755997));
#9875=CARTESIAN_POINT('',(115.763421839386,16.6935854724711,7.342));
#9876=CARTESIAN_POINT('',(112.146959971271,13.0771236043565,10.9584618681146));
#9877=CARTESIAN_POINT('',(115.763421839386,18.3935854724749,7.342));
#9878=CARTESIAN_POINT('',(115.763421839386,17.9435854724711,7.342));
#9879=CARTESIAN_POINT('',(115.838421839386,18.4685854724749,7.26700000000001));
#9880=CARTESIAN_POINT('',(111.965709941039,14.5958735741279,11.139711898347));
#9881=CARTESIAN_POINT('',(115.963421839386,18.3435854724749,7.142));
#9882=CARTESIAN_POINT('',(116.385671839386,17.9213354724742,6.71974999999932));
#9883=CARTESIAN_POINT('',(115.963421839386,9.94358547247155,7.14200000000001));
#9884=CARTESIAN_POINT('Origin',(115.963061343773,17.5185854724711,12.967));
#9885=CARTESIAN_POINT('',(115.963061343773,10.5438573806368,21.592));
#9886=CARTESIAN_POINT('',(115.963061343773,9.23108555690216,21.592));
#9887=CARTESIAN_POINT('',(115.963061343773,13.8661854105172,20.2158466713713));
#9888=CARTESIAN_POINT('',(115.963061343773,15.8757897906661,19.3834412821092));
#9889=CARTESIAN_POINT('',(115.963061343773,18.3435854724711,15.7384466094174));
#9890=CARTESIAN_POINT('',(115.963061343773,15.8668087771824,18.215223304706));
#9891=CARTESIAN_POINT('',(115.963061343773,18.3435854724711,9.94555339059328));
#9892=CARTESIAN_POINT('',(115.963061343773,18.3435854724711,11.4045));
#9893=CARTESIAN_POINT('',(115.963061343773,18.3918087771744,9.99377669529664));
#9894=CARTESIAN_POINT('Origin',(117.539039817957,6.82122318565967,20.1927982211119));
#9895=CARTESIAN_POINT('',(117.450651469797,6.94622318493514,20.1044098739759));
#9896=CARTESIAN_POINT('',(115.816614734366,6.69622317154065,22.092));
#9897=CARTESIAN_POINT('',(117.627428166118,6.69622318638421,20.2811865682479));
#9898=CARTESIAN_POINT('',(115.816614734366,6.69622317154065,22.092));
#9899=CARTESIAN_POINT('Origin',(107.288831407788,6.82122310163691,21.967));
#9900=CARTESIAN_POINT('',(115.532051134106,6.69622316920803,22.092));
#9901=CARTESIAN_POINT('',(107.288831408813,6.69622310163691,22.092));
#9902=CARTESIAN_POINT('',(115.532051134106,6.69622316920803,22.092));
#9903=CARTESIAN_POINT('Origin',(115.157051134106,-1.43009559296091,21.967));
#9904=CARTESIAN_POINT('',(115.282051134106,6.44622316715874,22.092));
#9905=CARTESIAN_POINT('',(115.282051134106,-4.55377682725556,22.092));
#9906=CARTESIAN_POINT('',(115.282051134106,-1.43009559296091,22.092));
#9907=CARTESIAN_POINT('',(115.282051134106,-4.55377682725556,22.092));
#9908=CARTESIAN_POINT('',(115.032051134106,6.54977655715178,21.842));
#9909=CARTESIAN_POINT('Origin',(108.838831400194,-4.92877688565724,21.967));
#9910=CARTESIAN_POINT('',(115.532051142304,-4.80377683079174,22.092));
#9911=CARTESIAN_POINT('',(115.816975229979,-4.80377682845617,22.092));
#9912=CARTESIAN_POINT('',(108.83883139917,-4.80377688565724,22.092));
#9913=CARTESIAN_POINT('',(115.816975229979,-4.80377682845617,22.092));
#9914=CARTESIAN_POINT('',(115.428497753924,-5.05377683164058,21.842));
#9915=CARTESIAN_POINT('Origin',(116.088421839386,5.84845205382593,15.8174521847606));
#9916=CARTESIAN_POINT('',(116.213421839386,6.44622317479335,16.592));
#9917=CARTESIAN_POINT('',(116.213421839386,6.69622317479335,16.842));
#9918=CARTESIAN_POINT('',(116.213421839386,5.76006370668994,15.9058405318966));
#9919=CARTESIAN_POINT('',(115.567665323353,6.69622316949997,15.9287623770352));
#9920=CARTESIAN_POINT('',(115.963421839386,6.54977656333732,16.342));
#9921=CARTESIAN_POINT('',(115.963421839386,5.93684040096192,15.7290638376246));
#9922=CARTESIAN_POINT('',(115.963421839386,6.54977656333732,16.342));
#9923=CARTESIAN_POINT('Origin',(116.088421839386,9.69358547247225,16.467));
#9924=CARTESIAN_POINT('',(116.213421839386,-4.55377682520642,16.592));
#9925=CARTESIAN_POINT('',(116.213421839386,9.69358547247225,16.592));
#9926=CARTESIAN_POINT('',(115.963421839386,-4.65733021784899,16.342));
#9927=CARTESIAN_POINT('',(115.963421839386,9.69358547247225,16.342));
#9928=CARTESIAN_POINT('',(115.963421839386,-4.65733021784899,16.342));
#9929=CARTESIAN_POINT('Origin',(116.088421839386,4.79267536170588,7.06877111676645));
#9930=CARTESIAN_POINT('',(116.213421839386,-4.80377682520642,16.842));
#9931=CARTESIAN_POINT('',(116.213421839386,4.88106370986653,7.15715946492709));
#9932=CARTESIAN_POINT('',(115.963421839386,-5.05377682725572,16.7384466094067));
#9933=CARTESIAN_POINT('',(115.963421839386,4.70428701354524,6.98038276860581));
#9934=CARTESIAN_POINT('',(115.963421839386,-5.05377682725572,16.7384466094067));
#9935=CARTESIAN_POINT('Origin',(116.088421839386,-4.92877682623107,8.496));
#9936=CARTESIAN_POINT('',(116.213421839386,-4.80377682520642,21.6955533905933));
#9937=CARTESIAN_POINT('',(116.213421839386,-4.80377682520642,8.496));
#9938=CARTESIAN_POINT('',(115.963421839386,-5.05377682725572,21.592));
#9939=CARTESIAN_POINT('',(115.963421839386,-5.05377682725572,8.496));
#9940=CARTESIAN_POINT('',(115.963421839386,-5.05377682725572,21.592));
#9941=CARTESIAN_POINT('Origin',(118.314310186818,-4.92877680798507,19.4178883478642));
#9942=CARTESIAN_POINT('',(118.402698533954,-4.80377680726054,19.5062766960249));
#9943=CARTESIAN_POINT('',(118.225921839682,-5.05377680870961,19.3294999997036));
#9944=CARTESIAN_POINT('Origin',(109.714869569367,0.836627940040821,21.967));
#9945=CARTESIAN_POINT('',(109.803257916191,0.925016288513095,22.092));
#9946=CARTESIAN_POINT('Origin',(109.713550913668,1.05449959709561,21.967));
#9947=CARTESIAN_POINT('',(109.801939261679,0.966111249809569,22.092));
#9948=CARTESIAN_POINT('Origin',(115.838061343773,9.23108555690216,21.717));
#9949=CARTESIAN_POINT('',(115.963061343773,10.5438573806368,21.592));
#9950=CARTESIAN_POINT('Origin',(115.838421839386,9.69358555690215,21.717));
#9951=CARTESIAN_POINT('',(115.963421839386,-8.65668643567045,21.592));
#9952=CARTESIAN_POINT('',(115.963421839386,9.69358555690215,21.592));
#9953=CARTESIAN_POINT('',(115.963421839386,-8.65668643567045,21.592));
#9954=CARTESIAN_POINT('Origin',(115.963421839386,18.4435854724711,1.6));
#9955=CARTESIAN_POINT('',(115.963421839386,18.3435854724749,1.85));
#9956=CARTESIAN_POINT('',(115.963421839386,18.3435854724749,4.5584999999998));
#9957=CARTESIAN_POINT('',(115.963421839386,12.7035196801497,1.85));
#9958=CARTESIAN_POINT('',(115.963421839386,9.69358547247225,1.85));
#9959=CARTESIAN_POINT('',(115.963421839386,12.7035196801497,3.892));
#9960=CARTESIAN_POINT('',(115.963421839386,12.7035196801497,0.8));
#9961=CARTESIAN_POINT('',(115.963421839386,7.20351968014974,3.892));
#9962=CARTESIAN_POINT('',(115.963421839386,14.4485525763104,3.892));
#9963=CARTESIAN_POINT('',(115.963421839386,7.20351968014974,1.85));
#9964=CARTESIAN_POINT('',(115.963421839386,7.20351968014974,0.8));
#9965=CARTESIAN_POINT('',(115.963421839386,-5.31634873520395,1.85));
#9966=CARTESIAN_POINT('',(115.963421839386,9.69358547247225,1.85));
#9967=CARTESIAN_POINT('',(115.963421839386,-5.31634873520395,3.892));
#9968=CARTESIAN_POINT('',(115.963421839386,-5.31634873520395,0.8));
#9969=CARTESIAN_POINT('',(115.963421839386,-10.816348735204,3.892));
#9970=CARTESIAN_POINT('',(115.963421839386,4.93861836863356,3.892));
#9971=CARTESIAN_POINT('',(115.963421839386,-10.816348735204,1.85));
#9972=CARTESIAN_POINT('',(115.963421839386,-10.816348735204,0.8));
#9973=CARTESIAN_POINT('',(115.963421839386,-16.456414527529,1.85));
#9974=CARTESIAN_POINT('',(115.963421839386,9.69358547247225,1.85));
#9975=CARTESIAN_POINT('',(115.963421839386,-16.456414527529,7.142));
#9976=CARTESIAN_POINT('',(115.963421839386,-16.456414527529,1.6));
#9977=CARTESIAN_POINT('',(115.963421839386,-13.6528611369318,7.14199999999999));
#9978=CARTESIAN_POINT('',(115.963421839386,18.1935854724711,7.142));
#9979=CARTESIAN_POINT('',(115.963421839386,-16.4564145275251,9.94555339059324));
#9980=CARTESIAN_POINT('',(115.963421839386,-5.14413783222943,-1.36672330470241));
#9981=CARTESIAN_POINT('',(115.963421839386,-16.4564145275251,15.738446609397));
#9982=CARTESIAN_POINT('',(115.963421839386,-16.4564145275251,5.721));
#9983=CARTESIAN_POINT('',(115.963421839386,-11.9790144655508,20.2158466713713));
#9984=CARTESIAN_POINT('',(115.963421839386,-11.3026378322221,20.8922233047));
#9985=CARTESIAN_POINT('',(115.963421839386,-1.455623648914,24.5747778697747));
#9986=CARTESIAN_POINT('Origin',(118.938421839385,-9.35641452752536,16.467));
#9987=CARTESIAN_POINT('',(119.063421839385,-4.65733019243774,16.342));
#9988=CARTESIAN_POINT('',(119.063421839385,6.54977658874857,16.342));
#9989=CARTESIAN_POINT('',(119.063421839385,-9.35641452752536,16.342));
#9990=CARTESIAN_POINT('',(118.813421839385,6.446223196106,16.592));
#9991=CARTESIAN_POINT('',(119.063421839385,6.54977658874857,16.342));
#9992=CARTESIAN_POINT('',(118.813421839385,-4.55377680389376,16.592));
#9993=CARTESIAN_POINT('',(118.813421839385,-9.35641452752536,16.592));
#9994=CARTESIAN_POINT('',(119.063421839385,-4.65733019243774,16.342));
#9995=CARTESIAN_POINT('Origin',(118.938421839385,-4.92877680286912,7.696));
#9996=CARTESIAN_POINT('',(118.813421839385,-4.80377680389377,16.842));
#9997=CARTESIAN_POINT('',(118.813421839385,-4.80377680389377,23.0884466094068));
#9998=CARTESIAN_POINT('',(118.813421839385,-4.80377680389377,7.696));
#9999=CARTESIAN_POINT('',(119.063421839385,-5.05377680184447,23.192));
#10000=CARTESIAN_POINT('',(118.813421839385,-4.80377680389377,23.0884466094068));
#10001=CARTESIAN_POINT('',(119.063421839385,-5.05377680184447,16.7384466094067));
#10002=CARTESIAN_POINT('',(119.063421839385,-5.05377680184447,7.696));
#10003=CARTESIAN_POINT('',(119.063421839385,-5.05377680184447,16.7384466094067));
#10004=CARTESIAN_POINT('Origin',(120.087533456279,6.82122320655012,21.9911116878098));
#10005=CARTESIAN_POINT('',(119.063421839385,6.9462231981553,23.192));
#10006=CARTESIAN_POINT('',(120.175921803415,6.94622320727466,22.0795000359704));
#10007=CARTESIAN_POINT('',(118.709868448792,6.69622319525716,23.192));
#10008=CARTESIAN_POINT('',(118.813421839385,6.94622319610601,23.442));
#10009=CARTESIAN_POINT('',(118.813421839385,6.69622319610601,23.0884466094067));
#10010=CARTESIAN_POINT('',(119.999145109143,6.69622320582559,21.9027233396492));
#10011=CARTESIAN_POINT('',(118.813421839385,6.69622319610601,23.0884466094067));
#10012=CARTESIAN_POINT('Origin',(107.288831407788,6.82122310163691,23.317));
#10013=CARTESIAN_POINT('',(115.532051134106,6.69622316920803,23.192));
#10014=CARTESIAN_POINT('',(115.428497742064,6.94622316835919,23.442));
#10015=CARTESIAN_POINT('',(107.288831408813,6.69622310163691,23.192));
#10016=CARTESIAN_POINT('Origin',(109.713550913668,1.05449959709561,23.317));
#10017=CARTESIAN_POINT('',(115.282051134106,6.44622316715874,23.192));
#10018=CARTESIAN_POINT('',(115.032051134106,6.54977655715176,23.442));
#10019=CARTESIAN_POINT('',(109.801939261679,0.966111249809569,23.192));
#10020=CARTESIAN_POINT('Origin',(115.157051134106,-1.43009559296091,23.317));
#10021=CARTESIAN_POINT('',(115.282051134106,-4.55377682725556,23.192));
#10022=CARTESIAN_POINT('',(115.032051134106,-4.65733021921401,23.442));
#10023=CARTESIAN_POINT('',(115.282051134106,-1.43009559296091,23.192));
#10024=CARTESIAN_POINT('Origin',(109.714869569367,0.836627940040821,23.317));
#10025=CARTESIAN_POINT('',(115.532051142304,-4.80377683079174,23.192));
#10026=CARTESIAN_POINT('',(109.803257916191,0.925016288513095,23.192));
#10027=CARTESIAN_POINT('',(115.428497753924,-5.05377683164059,23.442));
#10028=CARTESIAN_POINT('Origin',(108.838831400194,-4.92877688565724,23.317));
#10029=CARTESIAN_POINT('',(118.709868448792,-4.80377680474261,23.192));
#10030=CARTESIAN_POINT('',(108.83883139917,-4.80377688565724,23.192));
#10031=CARTESIAN_POINT('',(118.813421839385,-5.05377680389377,23.442));
#10032=CARTESIAN_POINT('Origin',(120.862533452482,-4.92877678709684,21.2161116916065));
#10033=CARTESIAN_POINT('',(120.774145104321,-4.80377678782137,21.1277233444706));
#10034=CARTESIAN_POINT('',(120.950921800643,-5.0537767863723,21.3045000387425));
#10035=CARTESIAN_POINT('Origin',(118.938421839385,6.82122319713065,7.696));
#10036=CARTESIAN_POINT('',(119.063421839385,6.9462231981553,16.7384466094067));
#10037=CARTESIAN_POINT('',(119.063421839385,6.9462231981553,7.696));
#10038=CARTESIAN_POINT('',(118.813421839385,6.69622319610601,16.842));
#10039=CARTESIAN_POINT('',(118.813421839385,6.69622319610601,7.696));
#10040=CARTESIAN_POINT('',(118.813421839385,6.69622319610601,16.842));
#10041=CARTESIAN_POINT('Origin',(118.938421839385,-4.33232462661199,16.1937711284462));
#10042=CARTESIAN_POINT('',(118.813421839385,-4.243936279476,16.2821594755822));
#10043=CARTESIAN_POINT('',(119.063421839385,-4.42071297374799,16.1053827813103));
#10044=CARTESIAN_POINT('Origin',(118.938421839385,-4.07654793449195,5.89245217308081));
#10045=CARTESIAN_POINT('',(119.063421839385,-3.98815958633131,5.80406382492017));
#10046=CARTESIAN_POINT('',(118.813421839385,-4.16493628265259,5.98084052124145));
#10047=CARTESIAN_POINT('Origin',(118.938421839385,-9.35641444309548,23.317));
#10048=CARTESIAN_POINT('',(119.063421839385,19.5435855923088,23.192));
#10049=CARTESIAN_POINT('',(119.063421839385,-9.35641444309548,23.192));
#10050=CARTESIAN_POINT('',(119.063421839385,19.5435855923088,23.192));
#10051=CARTESIAN_POINT('Origin',(97.013421801042,-4.67877698259221,16.717));
#10052=CARTESIAN_POINT('',(97.0134218020667,-4.80377698259221,16.842));
#10053=CARTESIAN_POINT('',(97.0134218000174,-4.55377698259221,16.592));
#10054=CARTESIAN_POINT('Origin',(74.9634218393857,0.943585472473467,16.592));
#10055=CARTESIAN_POINT('',(95.4634218137587,6.44622300470194,16.592));
#10056=CARTESIAN_POINT('Origin',(95.4634218127341,6.57122300470194,16.717));
#10057=CARTESIAN_POINT('',(95.4634218117094,6.69622300470194,16.842));
#10058=CARTESIAN_POINT('Origin',(115.963421831188,6.69622317274405,15.392));
#10059=CARTESIAN_POINT('',(115.532051134106,6.69622316920803,15.392));
#10060=CARTESIAN_POINT('Origin',(115.838421839386,-1.50345907795964,24.6902628113386));
#10061=CARTESIAN_POINT('',(115.713421839386,-12.1206280898885,20.4277864376269));
#10062=CARTESIAN_POINT('',(115.713421839386,-1.55129450700527,24.8057477529025));
#10063=CARTESIAN_POINT('',(115.963421839386,-11.9790144655508,20.2158466713713));
#10064=CARTESIAN_POINT('Origin',(115.838421839386,-11.3910261798704,20.9806116523483));
#10065=CARTESIAN_POINT('',(115.713421839386,-16.7064145275251,15.8419999999903));
#10066=CARTESIAN_POINT('',(115.713421839386,-11.4794145275188,21.0689999999966));
#10067=CARTESIAN_POINT('',(115.963421839386,-16.4564145275251,15.738446609397));
#10068=CARTESIAN_POINT('Origin',(115.838421839386,-16.5814145275251,5.721));
#10069=CARTESIAN_POINT('',(115.713421839386,-16.7064145275251,9.842));
#10070=CARTESIAN_POINT('',(115.713421839386,-16.7064145275251,5.721));
#10071=CARTESIAN_POINT('',(115.963421839386,-16.4564145275251,9.94555339059324));
#10072=CARTESIAN_POINT('Origin',(115.838421839386,-5.23252617987775,-1.45511165235073));
#10073=CARTESIAN_POINT('',(115.713421839386,-14.2564145275251,7.39199999999999));
#10074=CARTESIAN_POINT('',(120.117937402789,-3.6229733186726,2.98748443659625));
#10075=CARTESIAN_POINT('',(115.713421839386,-5.32091452752607,-1.54349999999905));
#10076=CARTESIAN_POINT('Origin',(88.3896506306957,-10.4135213087019,21.1348932188135));
#10077=CARTESIAN_POINT('',(78.4150602277997,-12.1206280898885,20.4277864376269));
#10078=CARTESIAN_POINT('',(88.3896506306957,-12.1206280898885,20.4277864376269));
#10079=CARTESIAN_POINT('',(78.415060227798,-15.6349254517918,18.9721168081146));
#10080=CARTESIAN_POINT('Origin',(78.1650602277995,-16.7064145275154,15.842));
#10081=CARTESIAN_POINT('',(78.4150602277979,-16.7064145275251,15.8419999999903));
#10082=CARTESIAN_POINT('',(81.915060785786,-16.7064145275251,15.8419999999903));
#10083=CARTESIAN_POINT('',(78.4150602277988,-19.7294145275176,12.8189999999978));
#10084=CARTESIAN_POINT('Origin',(85.6650613437726,-16.7064145275251,9.842));
#10085=CARTESIAN_POINT('',(78.4150602277979,-16.7064145275251,9.842));
#10086=CARTESIAN_POINT('',(85.6650613437726,-16.7064145275251,9.842));
#10087=CARTESIAN_POINT('',(78.4150602277979,-16.7064145275251,5.721));
#10088=CARTESIAN_POINT('Origin',(100.814241591579,-15.6314145275251,8.767));
#10089=CARTESIAN_POINT('',(115.463421839386,-14.5064145275251,7.642));
#10090=CARTESIAN_POINT('',(115.438558464751,-14.53127790216,7.66686337463485));
#10091=CARTESIAN_POINT('',(78.4150602277982,-14.5064145275251,7.642));
#10092=CARTESIAN_POINT('',(104.539036514034,-14.5064145275251,7.642));
#10093=CARTESIAN_POINT('',(78.4150602277983,-13.5709145275242,6.7064999999991));
#10094=CARTESIAN_POINT('Origin',(115.407051134106,6.57122316818338,15.392));
#10095=CARTESIAN_POINT('',(115.282051134106,6.44622316715874,15.392));
#10096=CARTESIAN_POINT('Origin',(115.282051134106,-3.80377682725556,15.392));
#10097=CARTESIAN_POINT('',(115.282051134106,-4.55377682725556,15.392));
#10098=CARTESIAN_POINT('Origin',(115.407051138205,-4.67877682902365,15.392));
#10099=CARTESIAN_POINT('',(115.532051142304,-4.80377683079174,15.392));
#10100=CARTESIAN_POINT('Origin',(115.838061343773,18.4801971248228,9.90538834764832));
#10101=CARTESIAN_POINT('',(115.713061343773,18.5935854724711,9.842));
#10102=CARTESIAN_POINT('',(115.713061343773,18.5685854724711,9.817));
#10103=CARTESIAN_POINT('',(115.963061343773,18.3435854724711,9.94555339059328));
#10104=CARTESIAN_POINT('Origin',(115.838061343773,18.4685854724711,11.4045));
#10105=CARTESIAN_POINT('',(115.713061343773,18.5935854724711,15.8420000000106));
#10106=CARTESIAN_POINT('',(115.713061343773,18.5935854724711,11.4045));
#10107=CARTESIAN_POINT('',(115.963061343773,18.3435854724711,15.7384466094174));
#10108=CARTESIAN_POINT('Origin',(115.838061343773,15.9551971248307,18.3036116523543));
#10109=CARTESIAN_POINT('',(115.713061343773,14.0077990348548,20.4277864376269));
#10110=CARTESIAN_POINT('',(115.713061343773,16.0435854724791,18.3920000000027));
#10111=CARTESIAN_POINT('',(115.963061343773,13.8661854105172,20.2158466713713));
#10112=CARTESIAN_POINT('Origin',(115.838061343773,15.9236252197117,19.4989262236731));
#10113=CARTESIAN_POINT('',(115.713061343773,15.9714606487573,19.614411165237));
#10114=CARTESIAN_POINT('Origin',(85.4150607857873,17.5185854724711,8.767));
#10115=CARTESIAN_POINT('',(85.9150593181251,18.5935854724711,9.842));
#10116=CARTESIAN_POINT('',(85.6650613437726,18.5935854724711,9.842));
#10117=CARTESIAN_POINT('',(85.9150595578004,16.3935854724711,7.642));
#10118=CARTESIAN_POINT('',(85.9150591451776,20.1810846676966,11.4294991952255));
#10119=CARTESIAN_POINT('',(89.1398557082427,16.3935854724711,7.642));
#10120=CARTESIAN_POINT('Origin',(85.6650613437726,18.5935854724711,9.842));
#10121=CARTESIAN_POINT('',(85.9150602277995,18.5935854724711,15.8420000000106));
#10122=CARTESIAN_POINT('',(81.915060785786,18.5935854724711,15.8420000000106));
#10123=CARTESIAN_POINT('',(85.9150593181251,18.5935854724711,12.617));
#10124=CARTESIAN_POINT('Origin',(78.1650602277995,12.5935854724817,21.842));
#10125=CARTESIAN_POINT('',(88.3896506306957,14.0077990348548,20.4277864376269));
#10126=CARTESIAN_POINT('Ctrl Pts',(85.9150602277995,18.5935854724711,15.8420000000106));
#10127=CARTESIAN_POINT('Ctrl Pts',(85.9150602277995,18.5346599073722,15.9009255651095));
#10128=CARTESIAN_POINT('Ctrl Pts',(85.9150602277995,18.4757343422733,15.9598511302084));
#10129=CARTESIAN_POINT('Ctrl Pts',(85.9150602277995,18.4168087771744,16.0187766953073));
#10130=CARTESIAN_POINT('Origin',(88.3896506306957,12.3006922536683,21.1348932188135));
#10131=CARTESIAN_POINT('',(85.1509909291047,10.5681258840957,21.8525457069418));
#10132=CARTESIAN_POINT('Origin',(83.6650600099153,13.7103116614267,20.5510097423356));
#10133=CARTESIAN_POINT('Ctrl Pts',(85.150359587779,10.5687376007076,21.852292325485));
#10134=CARTESIAN_POINT('Ctrl Pts',(85.6014699379002,10.9661380594614,21.6876836657759));
#10135=CARTESIAN_POINT('Ctrl Pts',(85.884119945561,11.5439483481041,21.4483468077413));
#10136=CARTESIAN_POINT('Ctrl Pts',(85.912531284167,12.1378130750693,21.2023599836173));
#10137=CARTESIAN_POINT('Origin',(117.063421839385,19.5435855923088,23.317));
#10138=CARTESIAN_POINT('',(117.063421621499,21.5435855923088,23.192));
#10139=CARTESIAN_POINT('',(117.063421621499,21.5435855923088,23.192));
#10140=CARTESIAN_POINT('Origin',(117.063421839385,19.5435855923088,23.192));
#10141=CARTESIAN_POINT('Origin',(108.838830159128,21.4185846962942,23.317));
#10142=CARTESIAN_POINT('',(87.6650589967425,21.5435823895526,23.192));
#10143=CARTESIAN_POINT('',(87.6650589967425,21.5435823895526,23.192));
#10144=CARTESIAN_POINT('',(108.83883014551,21.5435846962942,23.192));
#10145=CARTESIAN_POINT('Origin',(87.6650592146292,19.5435823895526,23.317));
#10146=CARTESIAN_POINT('',(85.6650592146293,19.5435821716659,23.192));
#10147=CARTESIAN_POINT('',(85.6650592146293,19.5435821716659,23.192));
#10148=CARTESIAN_POINT('Origin',(87.6650592146292,19.5435823895526,23.192));
#10149=CARTESIAN_POINT('Origin',(85.7900601188589,11.243583214754,23.317));
#10150=CARTESIAN_POINT('',(85.6650600099154,12.2435856903578,23.192));
#10151=CARTESIAN_POINT('',(85.6650601188589,11.2435832011361,23.192));
#10152=CARTESIAN_POINT('Origin',(83.6650600099154,12.2435854724711,23.317));
#10153=CARTESIAN_POINT('',(83.6650600099154,10.2435854724711,23.192));
#10154=CARTESIAN_POINT('Origin',(91.889650630697,10.1185854724711,23.317));
#10155=CARTESIAN_POINT('',(79.1650602278011,10.2435854724711,23.192));
#10156=CARTESIAN_POINT('',(79.1650602278011,10.2435854724711,23.192));
#10157=CARTESIAN_POINT('',(91.889650630697,10.2435854724711,23.192));
#10158=CARTESIAN_POINT('Origin',(79.1650602278011,9.24358547247108,23.317));
#10159=CARTESIAN_POINT('',(78.1650602278011,9.2435854724712,23.192));
#10160=CARTESIAN_POINT('',(78.1650602278011,9.2435854724712,23.192));
#10161=CARTESIAN_POINT('Origin',(79.1650602278011,9.24358547247108,23.192));
#10162=CARTESIAN_POINT('Origin',(78.2900602277991,-6.80641444309423,23.317));
#10163=CARTESIAN_POINT('',(78.1650602277978,-17.6564145275239,23.192));
#10164=CARTESIAN_POINT('',(78.1650602277978,-17.6564145275239,23.192));
#10165=CARTESIAN_POINT('',(78.1650602277991,-6.80641444309422,23.192));
#10166=CARTESIAN_POINT('Origin',(80.1650602277978,-17.6564145275242,23.317));
#10167=CARTESIAN_POINT('',(80.1650602277978,-19.6564145275242,23.192));
#10168=CARTESIAN_POINT('',(80.1650602277978,-19.6564145275242,23.192));
#10169=CARTESIAN_POINT('Origin',(80.1650602277978,-17.6564145275242,23.192));
#10170=CARTESIAN_POINT('Origin',(64.7388314364891,-19.5314145275242,23.317));
#10171=CARTESIAN_POINT('',(117.063421839385,-19.6564145275242,23.192));
#10172=CARTESIAN_POINT('',(117.063421839385,-19.6564145275242,23.192));
#10173=CARTESIAN_POINT('',(64.7388314364891,-19.6564145275242,23.192));
#10174=CARTESIAN_POINT('Origin',(117.063421839385,-17.6564145275242,23.317));
#10175=CARTESIAN_POINT('',(119.063421839385,-17.6564145275242,23.192));
#10176=CARTESIAN_POINT('',(119.063421839385,-17.6564145275242,23.192));
#10177=CARTESIAN_POINT('Origin',(117.063421839385,-17.6564145275242,23.192));
#10178=CARTESIAN_POINT('Origin',(118.938421839385,-9.35641444309548,23.317));
#10179=CARTESIAN_POINT('',(119.063421839385,-9.35641444309548,23.192));
#10180=CARTESIAN_POINT('Origin',(119.063421717635,-4.80377680184447,15.392));
#10181=CARTESIAN_POINT('Origin',(117.063421839385,-17.6564145275242,0.));
#10182=CARTESIAN_POINT('',(117.063421839385,-19.6564145275242,0.25));
#10183=CARTESIAN_POINT('',(117.063421839385,-19.6564145275242,0.));
#10184=CARTESIAN_POINT('',(119.063421839385,-17.6564145275242,0.25));
#10185=CARTESIAN_POINT('Origin',(117.063421839385,-17.6564145275242,0.25));
#10186=CARTESIAN_POINT('',(119.063421839385,-17.6564145275242,20.192));
#10187=CARTESIAN_POINT('Origin',(30.8634218393863,-19.6564145275242,0.));
#10188=CARTESIAN_POINT('',(80.1650602277978,-19.6564145275242,7.442));
#10189=CARTESIAN_POINT('',(80.1650602277978,-19.6564145275242,0.800000000000001));
#10190=CARTESIAN_POINT('',(78.6650602277978,-19.6564145275242,6.942));
#10191=CARTESIAN_POINT('Ctrl Pts',(78.6650602277978,-19.6564145275242,6.942));
#10192=CARTESIAN_POINT('Ctrl Pts',(78.912020013902,-19.6564145275242,7.09017587166237));
#10193=CARTESIAN_POINT('Ctrl Pts',(79.1342838213934,-19.6564145275242,7.192));
#10194=CARTESIAN_POINT('Ctrl Pts',(79.6799889777251,-19.6564145275242,7.442));
#10195=CARTESIAN_POINT('Ctrl Pts',(80.1650602277978,-19.6564145275242,7.442));
#10196=CARTESIAN_POINT('',(32.8634218393863,-19.6564145275242,6.942));
#10197=CARTESIAN_POINT('',(52.913421839386,-19.6564145275242,6.942));
#10198=CARTESIAN_POINT('',(32.8634218393863,-19.6564145275242,0.25));
#10199=CARTESIAN_POINT('',(32.8634218393863,-19.6564145275242,0.));
#10200=CARTESIAN_POINT('',(52.913421839386,-19.6564145275242,0.25));
#10201=CARTESIAN_POINT('Origin',(80.1650602277978,-17.6564145275242,0.800000000000001));
#10202=CARTESIAN_POINT('',(78.1650602277978,-17.6564145275239,7.442));
#10203=CARTESIAN_POINT('',(78.1650602277978,-17.6564145275239,0.800000000000001));
#10204=CARTESIAN_POINT('Origin',(80.1650602277978,-17.6564145275242,7.442));
#10205=CARTESIAN_POINT('Origin',(78.1650602277982,-14.5564145275242,1.6));
#10206=CARTESIAN_POINT('',(78.1650602278011,9.2435854724712,22.092));
#10207=CARTESIAN_POINT('',(78.1650602278011,9.2435854724712,8.496));
#10208=CARTESIAN_POINT('',(78.1650602277989,-8.75614261936027,22.092));
#10209=CARTESIAN_POINT('',(78.1650602277991,-6.80641444309422,22.092));
#10210=CARTESIAN_POINT('',(78.1650602277985,-12.2622417142261,20.6397262038825));
#10211=CARTESIAN_POINT('',(78.165060227798,-15.730596309883,19.2030866912424));
#10212=CARTESIAN_POINT('',(78.1650602277979,-16.9564145275251,15.9455533905836));
#10213=CARTESIAN_POINT('',(78.1650602277975,-19.9061912228142,12.9957766952944));
#10214=CARTESIAN_POINT('',(78.1650602277979,-16.9564145275251,9.73844660940673));
#10215=CARTESIAN_POINT('',(78.1650602277979,-16.9564145275251,5.721));
#10216=CARTESIAN_POINT('',(78.1650602277981,-14.8099679181184,7.592));
#10217=CARTESIAN_POINT('',(78.1650602277983,-13.7476912228208,6.52972330470245));
#10218=CARTESIAN_POINT('',(78.165060227798,-16.2564145275242,7.592));
#10219=CARTESIAN_POINT('',(78.1650602277981,-15.0564145275242,7.592));
#10220=CARTESIAN_POINT('',(78.1650602277979,-16.4064145275242,7.44199999999999));
#10221=CARTESIAN_POINT('',(78.1650602277978,-17.5044145275242,6.34400000000005));
#10222=CARTESIAN_POINT('',(78.1650602277991,-6.80641452752558,7.442));
#10223=CARTESIAN_POINT('Origin',(79.1650602278011,9.24358547247108,8.496));
#10224=CARTESIAN_POINT('',(79.1650602278011,10.2435854724711,22.092));
#10225=CARTESIAN_POINT('',(79.1650602278011,10.2435854724711,8.496));
#10226=CARTESIAN_POINT('Origin',(79.1650602278011,9.24358547247108,22.092));
#10227=CARTESIAN_POINT('Origin',(85.1650602278021,10.2435854724711,15.392));
#10228=CARTESIAN_POINT('',(91.889650630697,10.2435854724711,22.092));
#10229=CARTESIAN_POINT('Origin',(85.6650589967425,21.5435821716659,15.392));
#10230=CARTESIAN_POINT('',(85.6650592146293,19.5435821716659,7.442));
#10231=CARTESIAN_POINT('',(85.6650592146293,19.5435821716659,15.392));
#10232=CARTESIAN_POINT('',(85.6650593508081,18.2935854724749,7.442));
#10233=CARTESIAN_POINT('',(85.6650601188588,11.2435844050059,7.442));
#10234=CARTESIAN_POINT('',(85.6650593671496,18.1435854724749,7.592));
#10235=CARTESIAN_POINT('',(85.6650594679223,17.21858444676,8.51700102571494));
#10236=CARTESIAN_POINT('',(85.6650595247303,16.6971388630643,7.592));
#10237=CARTESIAN_POINT('',(85.6650592200763,19.4935830104851,7.592));
#10238=CARTESIAN_POINT('',(85.6650592908892,18.8435854724711,9.73844660940675));
#10239=CARTESIAN_POINT('',(85.6650591259189,20.3578613493753,11.252722486311));
#10240=CARTESIAN_POINT('',(85.6650592908892,18.8435854724711,15.9455533906014));
#10241=CARTESIAN_POINT('',(85.6650592908892,18.8435854724711,12.617));
#10242=CARTESIAN_POINT('',(85.6650594513872,17.3703619261094,17.4187780349784));
#10243=CARTESIAN_POINT('Origin',(87.6650592146292,19.5435823895526,15.392));
#10244=CARTESIAN_POINT('',(87.6650589967425,21.5435823895526,7.442));
#10245=CARTESIAN_POINT('',(87.6650589967425,21.5435823895526,15.392));
#10246=CARTESIAN_POINT('Origin',(87.6650592146292,19.5435823895526,7.442));
#10247=CARTESIAN_POINT('Origin',(119.063421501661,21.5435858101955,15.392));
#10248=CARTESIAN_POINT('',(117.063421839385,21.5435854724711,7.192));
#10249=CARTESIAN_POINT('',(117.063421621499,21.5435855923088,7.696));
#10250=CARTESIAN_POINT('',(87.6650589967425,21.5435854724711,7.192));
#10251=CARTESIAN_POINT('',(119.063421839385,21.5435854724711,7.192));
#10252=CARTESIAN_POINT('',(87.6650589967425,21.5435823895526,15.392));
#10253=CARTESIAN_POINT('Origin',(117.063421839385,19.5435855923088,7.696));
#10254=CARTESIAN_POINT('',(119.063421839385,19.5435854724711,7.192));
#10255=CARTESIAN_POINT('',(119.063421839385,19.5435855923088,7.696));
#10256=CARTESIAN_POINT('Origin',(117.063421839385,19.5435854724711,7.192));
#10257=CARTESIAN_POINT('Origin',(119.063421839385,-19.6564145275242,0.));
#10258=CARTESIAN_POINT('',(119.063421839385,19.5435854724711,0.25));
#10259=CARTESIAN_POINT('',(119.063421839385,-9.35641452752536,0.25));
#10260=CARTESIAN_POINT('',(119.063421839385,19.5435854724711,0.));
#10261=CARTESIAN_POINT('Origin',(78.2900602277979,-16.8314145275251,5.721));
#10262=CARTESIAN_POINT('',(78.3298130966565,-16.7916616586664,9.80668948212787));
#10263=CARTESIAN_POINT('',(78.1650602277979,-16.9564145275251,15.9455533905836));
#10264=CARTESIAN_POINT('Origin',(78.2900602277982,-19.8178028751659,12.9073883476461));
#10265=CARTESIAN_POINT('',(78.1650602277985,-12.2622417142261,20.6397262038825));
#10266=CARTESIAN_POINT('Origin',(78.290060227798,-15.6827608808374,19.0876017496785));
#10267=CARTESIAN_POINT('',(78.1650602277989,-8.75614261936027,22.092));
#10268=CARTESIAN_POINT('Origin',(83.6650600099154,12.2435854724711,21.967));
#10269=CARTESIAN_POINT('',(83.6650600099154,9.99358547247108,21.842));
#10270=CARTESIAN_POINT('Ctrl Pts',(84.8187946105057,10.6099097177998,22.092));
#10271=CARTESIAN_POINT('Ctrl Pts',(84.8568632676768,10.6054008930673,22.066356457688));
#10272=CARTESIAN_POINT('Ctrl Pts',(84.8946972000031,10.6007970217537,22.0401003538395));
#10273=CARTESIAN_POINT('Ctrl Pts',(84.9321566785354,10.5961626976793,22.0134892436115));
#10274=CARTESIAN_POINT('Ctrl Pts',(84.9507340137141,10.5938643904142,22.0002919559408));
#10275=CARTESIAN_POINT('Ctrl Pts',(84.96921850669,10.5915583293697,21.9870075890637));
#10276=CARTESIAN_POINT('Ctrl Pts',(84.9875888911376,10.5892507683535,21.9736689265015));
#10277=CARTESIAN_POINT('Ctrl Pts',(85.0266203474332,10.5843479059659,21.9453283424312));
#10278=CARTESIAN_POINT('Ctrl Pts',(85.0655196365314,10.5793925076844,21.9164657587187));
#10279=CARTESIAN_POINT('Ctrl Pts',(85.1041028965251,10.5744511685623,21.8873465761301));
#10280=CARTESIAN_POINT('Ctrl Pts',(85.1195036283563,10.5724788044148,21.875723485643));
#10281=CARTESIAN_POINT('Ctrl Pts',(85.1348535088145,10.570508425729,21.8640596997204));
#10282=CARTESIAN_POINT('Ctrl Pts',(85.150138925617,10.5685432371439,21.8523728335091));
#10283=CARTESIAN_POINT('Ctrl Pts',(84.9187517718415,10.3908563983337,21.9259731319995));
#10284=CARTESIAN_POINT('Ctrl Pts',(85.5034465176194,10.7797528705185,21.7648869388615));
#10285=CARTESIAN_POINT('Ctrl Pts',(85.8795272863439,11.447950818742,21.4881102863574));
#10286=CARTESIAN_POINT('Ctrl Pts',(85.912531284167,12.1378130750693,21.2023599836173));
#10287=CARTESIAN_POINT('Ctrl Pts',(84.8854327180629,10.463874171489,21.981315421333));
#10288=CARTESIAN_POINT('Ctrl Pts',(85.4519267769095,10.8479258500784,21.8243017647709));
#10289=CARTESIAN_POINT('Ctrl Pts',(85.808038194201,11.5047436653379,21.5546828676957));
#10290=CARTESIAN_POINT('Ctrl Pts',(85.8300408594165,12.1730705408699,21.2779514384769));
#10291=CARTESIAN_POINT('Ctrl Pts',(84.8521136642843,10.5368919446444,22.0366577106665));
#10292=CARTESIAN_POINT('Ctrl Pts',(85.4004070361995,10.9160988296384,21.8837165906802));
#10293=CARTESIAN_POINT('Ctrl Pts',(85.7365491020582,11.5615365119337,21.621255449034));
#10294=CARTESIAN_POINT('Ctrl Pts',(85.7475504346659,12.2083280066705,21.3535428933364));
#10295=CARTESIAN_POINT('Ctrl Pts',(84.8187946105057,10.6099097177998,22.092));
#10296=CARTESIAN_POINT('Ctrl Pts',(85.3488872954896,10.9842718091983,21.9431314165896));
#10297=CARTESIAN_POINT('Ctrl Pts',(85.6650600099154,11.6183293585295,21.6878280303723));
#10298=CARTESIAN_POINT('Ctrl Pts',(85.6650600099154,12.2435854724711,21.429134348196));
#10299=CARTESIAN_POINT('Origin',(91.889650630697,10.1185854724711,21.967));
#10300=CARTESIAN_POINT('',(79.1650602278011,9.99358547247108,21.842));
#10301=CARTESIAN_POINT('Origin',(79.1650602278011,9.24358547247108,21.967));
#10302=CARTESIAN_POINT('',(78.4150602278011,9.24358547247117,21.842));
#10303=CARTESIAN_POINT('Origin',(78.2900602277991,-6.80641444309423,21.967));
#10304=CARTESIAN_POINT('Origin',(85.7900593045072,18.7185854724711,12.617));
#10305=CARTESIAN_POINT('',(85.8504763866069,18.6581683969533,9.81524887678173));
#10306=CARTESIAN_POINT('Ctrl Pts',(85.9150597729606,18.5935857940895,15.8420003216291));
#10307=CARTESIAN_POINT('Ctrl Pts',(85.8734250004438,18.6352205620705,15.8592457948241));
#10308=CARTESIAN_POINT('Ctrl Pts',(85.8317900182976,18.6768547632269,15.8764921303646));
#10309=CARTESIAN_POINT('Ctrl Pts',(85.7901552454227,18.718489531566,15.8937376018305));
#10310=CARTESIAN_POINT('Ctrl Pts',(85.7484565940912,18.7601881783548,15.911009532288));
#10311=CARTESIAN_POINT('Ctrl Pts',(85.70675794258,18.8018868253231,15.9282814618783));
#10312=CARTESIAN_POINT('Ctrl Pts',(85.6650592908892,18.8435854724711,15.9455533906014));
#10313=CARTESIAN_POINT('Ctrl Pts',(85.9150602277995,18.4168087771744,16.0187766953073));
#10314=CARTESIAN_POINT('Ctrl Pts',(85.9150602277995,18.5001421105082,15.9354433619735));
#10315=CARTESIAN_POINT('Ctrl Pts',(85.9150602277995,18.5834754438419,15.8521100286398));
#10316=CARTESIAN_POINT('Ctrl Pts',(85.9150602277995,18.6668087771757,15.768776695306));
#10317=CARTESIAN_POINT('Ctrl Pts',(85.8317265912413,18.4757343422729,16.0777022604058));
#10318=CARTESIAN_POINT('Ctrl Pts',(85.8317265882151,18.5590676756067,15.994368927072));
#10319=CARTESIAN_POINT('Ctrl Pts',(85.8317265851889,18.6424010089404,15.9110355937383));
#10320=CARTESIAN_POINT('Ctrl Pts',(85.8317265821627,18.7257343422742,15.8277022604045));
#10321=CARTESIAN_POINT('Ctrl Pts',(85.7483929546832,18.5346599073714,16.1366278255043));
#10322=CARTESIAN_POINT('Ctrl Pts',(85.7483929486308,18.6179932407052,16.0532944921705));
#10323=CARTESIAN_POINT('Ctrl Pts',(85.7483929425784,18.7013265740389,15.9699611588367));
#10324=CARTESIAN_POINT('Ctrl Pts',(85.748392936526,18.7846599073726,15.886627825503));
#10325=CARTESIAN_POINT('Ctrl Pts',(85.6650593181251,18.5935854724699,16.1955533906028));
#10326=CARTESIAN_POINT('Ctrl Pts',(85.6650593090465,18.6769188058036,16.112220057269));
#10327=CARTESIAN_POINT('Ctrl Pts',(85.6650592999679,18.7602521391374,16.0288867239352));
#10328=CARTESIAN_POINT('Ctrl Pts',(85.6650592908892,18.8435854724711,15.9455533906014));
#10329=CARTESIAN_POINT('Origin',(114.963421839386,-8.56634873520395,3.892));
#10330=CARTESIAN_POINT('',(114.213421839386,-5.56634873520395,3.892));
#10331=CARTESIAN_POINT('',(115.713421839386,-5.56634873520395,3.892));
#10332=CARTESIAN_POINT('',(115.463421839386,-5.56634873520395,3.892));
#10333=CARTESIAN_POINT('',(113.963421839386,-5.81634873520395,3.892));
#10334=CARTESIAN_POINT('',(113.588421839386,-6.19134873520394,3.892));
#10335=CARTESIAN_POINT('',(113.963421839386,-10.316348735204,3.892));
#10336=CARTESIAN_POINT('',(113.963421839386,-7.06634873520395,3.892));
#10337=CARTESIAN_POINT('',(114.213421839386,-10.566348735204,3.892));
#10338=CARTESIAN_POINT('',(113.838421839386,-10.1913487352039,3.892));
#10339=CARTESIAN_POINT('',(115.713421839386,-10.566348735204,3.892));
#10340=CARTESIAN_POINT('',(114.463421839386,-10.566348735204,3.892));
#10341=CARTESIAN_POINT('',(115.088421839386,-9.94134873520393,3.892));
#10342=CARTESIAN_POINT('',(114.838421839386,-6.44134873520383,3.892));
#10343=CARTESIAN_POINT('Origin',(114.963421839385,10.4535196801498,3.892));
#10344=CARTESIAN_POINT('',(115.713421839385,7.45351968014975,3.892));
#10345=CARTESIAN_POINT('',(114.838421839385,8.32851968014795,3.892));
#10346=CARTESIAN_POINT('',(115.713421839385,12.4535196801498,3.892));
#10347=CARTESIAN_POINT('',(115.088421839385,11.8285196801505,3.892));
#10348=CARTESIAN_POINT('',(114.213421839385,12.4535196801498,3.892));
#10349=CARTESIAN_POINT('',(115.463421839385,12.4535196801498,3.892));
#10350=CARTESIAN_POINT('',(113.963421839385,12.2035196801498,3.892));
#10351=CARTESIAN_POINT('',(113.838421839385,12.0785196801499,3.892));
#10352=CARTESIAN_POINT('',(113.963421839385,7.70351968014985,3.892));
#10353=CARTESIAN_POINT('',(113.963421839385,11.9535196801499,3.892));
#10354=CARTESIAN_POINT('',(114.213421839385,7.45351968014984,3.892));
#10355=CARTESIAN_POINT('',(113.588421839385,8.07851968014992,3.892));
#10356=CARTESIAN_POINT('',(114.463421839385,7.45351968014982,3.892));
#10357=CARTESIAN_POINT('Origin',(115.963421839386,-5.56634873520395,0.));
#10358=CARTESIAN_POINT('',(115.713421839386,-5.56634873520395,1.85));
#10359=CARTESIAN_POINT('',(115.713421839386,-5.56634873520395,0.8));
#10360=CARTESIAN_POINT('',(114.213421839386,-5.56634873520395,1.85));
#10361=CARTESIAN_POINT('',(95.4634218393857,-5.56634873520395,1.85));
#10362=CARTESIAN_POINT('',(114.213421839386,-5.56634873520395,0.));
#10363=CARTESIAN_POINT('Origin',(115.838421839386,-5.44134873520395,0.8));
#10364=CARTESIAN_POINT('',(115.963421839386,-5.31634873520395,1.85));
#10365=CARTESIAN_POINT('Origin',(113.963421839385,13.4535196801498,0.));
#10366=CARTESIAN_POINT('',(113.963421839385,12.2035196801498,1.85));
#10367=CARTESIAN_POINT('',(113.963421839385,12.2035196801498,0.));
#10368=CARTESIAN_POINT('',(113.963421839385,7.70351968014985,1.85));
#10369=CARTESIAN_POINT('',(113.963421839385,7.19855257631056,1.85));
#10370=CARTESIAN_POINT('',(113.963421839385,7.70351968014985,0.));
#10371=CARTESIAN_POINT('Origin',(114.088421839385,12.3285196801498,0.));
#10372=CARTESIAN_POINT('',(114.213421839385,12.4535196801498,1.85));
#10373=CARTESIAN_POINT('',(114.213421839385,12.4535196801498,0.));
#10374=CARTESIAN_POINT('',(114.213421839385,12.4535196801498,1.85));
#10375=CARTESIAN_POINT('Origin',(115.963421839385,12.4535196801497,0.));
#10376=CARTESIAN_POINT('',(115.713421839385,12.4535196801498,1.85));
#10377=CARTESIAN_POINT('',(115.713421839385,12.4535196801498,0.8));
#10378=CARTESIAN_POINT('',(95.4634218393858,12.4535196801508,1.85));
#10379=CARTESIAN_POINT('Origin',(115.838421839385,12.5785196801497,0.8));
#10380=CARTESIAN_POINT('',(115.963421839386,12.7035196801497,1.85));
#10381=CARTESIAN_POINT('Origin',(100.005553825992,-4.0537768272559,19.992));
#10382=CARTESIAN_POINT('',(94.2320511340961,5.94622317274411,19.992));
#10383=CARTESIAN_POINT('',(100.005553825992,-4.0537768272559,19.992));
#10384=CARTESIAN_POINT('Origin',(94.2320511340961,5.94622317274411,19.992));
#10385=CARTESIAN_POINT('',(95.832051134096,5.94622317274411,19.992));
#10386=CARTESIAN_POINT('Origin',(85.1320511279539,2.29622317274432,15.392));
#10387=CARTESIAN_POINT('Origin',(102.232051134096,5.94622317274411,19.992));
#10388=CARTESIAN_POINT('',(102.632051134096,5.25340284971654,19.992));
#10389=CARTESIAN_POINT('',(102.232051134096,5.94622317274411,19.992));
#10390=CARTESIAN_POINT('Origin',(102.632051134096,5.25340284971654,19.992));
#10391=CARTESIAN_POINT('',(102.632051134096,2.48212155760637,19.992));
#10392=CARTESIAN_POINT('Origin',(102.632051134096,-3.06044102661405,19.992));
#10393=CARTESIAN_POINT('',(97.432051134096,5.94622317274411,19.992));
#10394=CARTESIAN_POINT('',(102.632051134096,-3.06044102661405,19.992));
#10395=CARTESIAN_POINT('Origin',(97.432051134096,5.9462231727441,19.992));
#10396=CARTESIAN_POINT('',(99.0320511340961,5.94622317274411,19.992));
#10397=CARTESIAN_POINT('Origin',(92.632051134096,5.94622317274411,19.992));
#10398=CARTESIAN_POINT('',(98.4055538259923,-4.0537768272559,19.992));
#10399=CARTESIAN_POINT('',(92.632051134096,5.94622317274411,19.992));
#10400=CARTESIAN_POINT('Origin',(98.4055538259923,-4.0537768272559,19.992));
#10401=CARTESIAN_POINT('',(96.8055538259923,-4.0537768272559,19.992));
#10402=CARTESIAN_POINT('Origin',(92.632051134096,0.403660588523715,19.992));
#10403=CARTESIAN_POINT('',(95.2055538259923,-4.0537768272559,19.992));
#10404=CARTESIAN_POINT('',(92.632051134096,0.403660588523715,19.992));
#10405=CARTESIAN_POINT('Origin',(95.2055538259923,-4.0537768272559,19.992));
#10406=CARTESIAN_POINT('',(93.6055538259923,-4.0537768272559,19.992));
#10407=CARTESIAN_POINT('Origin',(78.2900602277983,-13.6593028751725,6.61811165235078));
#10408=CARTESIAN_POINT('',(78.2393242965103,-14.6306785962366,7.51773593128791));
#10409=CARTESIAN_POINT('',(85.7528811866179,-9.31779156841152,12.8306229591136));
#10410=CARTESIAN_POINT('',(78.3906396894812,-14.2653709223305,7.36642053831713));
#10411=CARTESIAN_POINT('Origin',(108.263831436489,-14.6814145275251,7.467));
#10412=CARTESIAN_POINT('',(115.763421839386,-14.8064145275251,7.342));
#10413=CARTESIAN_POINT('',(111.796823438903,-10.8398161270428,11.3085984004824));
#10414=CARTESIAN_POINT('',(78.4150602277983,-14.8064145275251,7.342));
#10415=CARTESIAN_POINT('',(108.263831436489,-14.8064145275251,7.342));
#10416=CARTESIAN_POINT('',(78.4150602277983,-14.8064145275251,7.342));
#10417=CARTESIAN_POINT('Origin',(115.863421839386,1.44358547247202,7.242));
#10418=CARTESIAN_POINT('',(115.838421839386,-16.5814145275287,7.26699999999994));
#10419=CARTESIAN_POINT('',(119.795421839385,-12.624414527534,3.31000000000027));
#10420=CARTESIAN_POINT('',(115.763421839386,-16.5064145275287,7.342));
#10421=CARTESIAN_POINT('',(111.588490105569,-12.3314827937117,11.5169317338165));
#10422=CARTESIAN_POINT('',(115.763421839386,1.44358547247202,7.342));
#10423=CARTESIAN_POINT('Origin',(85.7900591355483,20.269473008536,11.3411108407683));
#10424=CARTESIAN_POINT('',(85.7393236129746,16.517849541183,7.51773593128807));
#10425=CARTESIAN_POINT('',(84.4675197249127,19.5882549288658,8.78953948484972));
#10426=CARTESIAN_POINT('',(87.5280855085404,15.2530039723372,8.78258150013384));
#10427=CARTESIAN_POINT('Origin',(92.864650630698,16.5685854724711,7.467));
#10428=CARTESIAN_POINT('',(85.9150595251174,16.6935854724711,7.342));
#10429=CARTESIAN_POINT('',(85.9150595251174,16.6935854724711,7.342));
#10430=CARTESIAN_POINT('',(92.864650630698,16.6935854724711,7.342));
#10431=CARTESIAN_POINT('Origin',(80.2267408522032,18.718584368186,7.06700000000488));
#10432=CARTESIAN_POINT('',(36.2154247322205,18.59358058391,6.94200000000976));
#10433=CARTESIAN_POINT('',(115.713421839386,18.5935854724749,6.94200000000976));
#10434=CARTESIAN_POINT('',(80.2267408522032,18.5935854724749,6.94200000000976));
#10435=CARTESIAN_POINT('',(115.613422281106,18.6935850307544,7.04200044172045));
#10436=CARTESIAN_POINT('',(110.196261011467,24.110746300393,12.4592095684601));
#10437=CARTESIAN_POINT('',(85.2650597489512,18.6935850307544,7.04200044172045));
#10438=CARTESIAN_POINT('',(86.6269456507552,18.6935850307544,7.04200044172045));
#10439=CARTESIAN_POINT('',(85.4150592908894,18.843583263897,7.192));
#10440=CARTESIAN_POINT('',(83.2836723850766,16.7122149551405,5.06061286198892));
#10441=CARTESIAN_POINT('',(36.3208113133402,18.843583263897,7.192));
#10442=CARTESIAN_POINT('',(80.2267408522032,18.843583263897,7.192));
#10443=CARTESIAN_POINT('Ctrl Pts',(36.3208113133402,18.843583263897,7.192));
#10444=CARTESIAN_POINT('Ctrl Pts',(36.2871386784846,18.7604827820621,7.10889878402629));
#10445=CARTESIAN_POINT('Ctrl Pts',(36.2519044242755,18.6766343259645,7.02504958718206));
#10446=CARTESIAN_POINT('Ctrl Pts',(36.2154196578227,18.5935841428261,6.94199867034925));
#10447=CARTESIAN_POINT('Origin',(34.9634218393857,17.4435854724712,7.067));
#10448=CARTESIAN_POINT('',(33.8134218393809,16.1915870699207,6.942));
#10449=CARTESIAN_POINT('Origin',(34.9634218393857,17.4435854724712,6.942));
#10450=CARTESIAN_POINT('',(33.5634218393809,16.0861982764262,7.192));
#10451=CARTESIAN_POINT('Origin',(34.9634218393857,17.4435854724712,7.192));
#10452=CARTESIAN_POINT('Ctrl Pts',(33.5634218393809,16.0861982764262,7.192));
#10453=CARTESIAN_POINT('Ctrl Pts',(33.6468745095578,16.1200124811945,7.10854732982313));
#10454=CARTESIAN_POINT('Ctrl Pts',(33.7305159527052,16.1551667058225,7.02490588667567));
#10455=CARTESIAN_POINT('Ctrl Pts',(33.8134218393809,16.1915870699207,6.942));
#10456=CARTESIAN_POINT('Origin',(33.6884218393844,-6.61902817328754,7.067));
#10457=CARTESIAN_POINT('',(33.8134218393856,-14.3044161249739,6.942));
#10458=CARTESIAN_POINT('',(33.8134218393844,-6.61902817328752,6.942));
#10459=CARTESIAN_POINT('',(33.5634218393856,-14.199027331479,7.192));
#10460=CARTESIAN_POINT('',(33.5634218393844,-6.61902817328756,7.192));
#10461=CARTESIAN_POINT('Ctrl Pts',(33.5634218393856,-14.199027331479,7.192));
#10462=CARTESIAN_POINT('Ctrl Pts',(33.6468745095626,-14.2328415362475,7.10854732982305));
#10463=CARTESIAN_POINT('Ctrl Pts',(33.73051595271,-14.2679957608756,7.02490588667563));
#10464=CARTESIAN_POINT('Ctrl Pts',(33.8134218393856,-14.3044161249739,6.942));
#10465=CARTESIAN_POINT('Origin',(34.9634218393856,-15.5564145275288,7.067));
#10466=CARTESIAN_POINT('',(36.2154202419493,-16.7064145275193,6.942));
#10467=CARTESIAN_POINT('Origin',(34.9634218393856,-15.5564145275288,6.942));
#10468=CARTESIAN_POINT('',(36.3208090354453,-16.9564145275193,7.192));
#10469=CARTESIAN_POINT('Origin',(34.9634218393856,-15.5564145275288,7.192));
#10470=CARTESIAN_POINT('Ctrl Pts',(36.3208090354453,-16.9564145275193,7.192));
#10471=CARTESIAN_POINT('Ctrl Pts',(36.2869948306763,-16.8729618573418,7.10854732982255));
#10472=CARTESIAN_POINT('Ctrl Pts',(36.2518406060479,-16.7893204141947,7.02490588667542));
#10473=CARTESIAN_POINT('Ctrl Pts',(36.2154202419493,-16.7064145275193,6.942));
#10474=CARTESIAN_POINT('Origin',(95.4634218393846,-16.8314145275263,7.067));
#10475=CARTESIAN_POINT('',(77.9150602277979,-16.9564145275242,7.192));
#10476=CARTESIAN_POINT('',(95.4634218393846,-16.9564145275263,7.192));
#10477=CARTESIAN_POINT('',(77.7650602277979,-16.8064145275242,7.042));
#10478=CARTESIAN_POINT('',(79.1481204963959,-18.1894747961225,8.42506026859813));
#10479=CARTESIAN_POINT('',(115.613421839386,-16.8064145275287,7.042));
#10480=CARTESIAN_POINT('',(101.863626637937,-16.806414527527,7.042));
#10481=CARTESIAN_POINT('',(115.713421839386,-16.7064145275287,6.942));
#10482=CARTESIAN_POINT('',(113.228755172714,-19.1910811941969,9.42666666666855));
#10483=CARTESIAN_POINT('',(95.4634218393846,-16.7064145275263,6.942));
#10484=CARTESIAN_POINT('Origin',(85.4900598650207,18.5935854724749,7.5169999999996));
#10485=CARTESIAN_POINT('',(36.2154247322205,18.59358058391,5.392));
#10486=CARTESIAN_POINT('',(36.2154247322205,18.59358058391,1.6));
#10487=CARTESIAN_POINT('',(38.7246941051353,18.5935854724749,5.392));
#10488=CARTESIAN_POINT('',(60.6350700140215,18.5935854724749,5.392));
#10489=CARTESIAN_POINT('',(38.7246941051353,18.5935854724749,1.85));
#10490=CARTESIAN_POINT('',(38.7246941051353,18.5935854724749,4.5584999999998));
#10491=CARTESIAN_POINT('',(70.837921639238,18.5935854724749,1.85));
#10492=CARTESIAN_POINT('',(80.2267408522032,18.5935854724749,1.85));
#10493=CARTESIAN_POINT('',(70.837921639238,18.5935854724749,5.392));
#10494=CARTESIAN_POINT('',(70.837921639238,18.5935854724749,3.7584999999998));
#10495=CARTESIAN_POINT('',(81.3379216392357,18.5935854724749,5.392));
#10496=CARTESIAN_POINT('',(80.7889907521282,18.5935854724749,5.392));
#10497=CARTESIAN_POINT('',(81.3379216392357,18.5935854724749,1.85));
#10498=CARTESIAN_POINT('',(81.3379216392357,18.5935854724749,3.7584999999998));
#10499=CARTESIAN_POINT('',(115.713421839386,18.5935854724749,1.85));
#10500=CARTESIAN_POINT('',(80.2267408522032,18.5935854724749,1.85));
#10501=CARTESIAN_POINT('',(115.713421839386,18.5935854724749,4.5584999999998));
#10502=CARTESIAN_POINT('Origin',(34.9634218393857,17.4435854724712,1.6));
#10503=CARTESIAN_POINT('',(33.8134218393809,16.1915870699206,5.392));
#10504=CARTESIAN_POINT('',(33.8134218393809,16.1915870699207,1.6));
#10505=CARTESIAN_POINT('',(36.6634218393857,17.4435854724712,5.392));
#10506=CARTESIAN_POINT('Origin',(34.9634218393857,17.4435854724712,5.392));
#10507=CARTESIAN_POINT('',(36.6634218393857,17.4435854724712,2.65));
#10508=CARTESIAN_POINT('',(36.6634218393857,17.4435854724712,1.6));
#10509=CARTESIAN_POINT('Origin',(34.9634218393857,17.4435854724712,2.65));
#10510=CARTESIAN_POINT('Origin',(34.9634218393857,17.4435854724712,5.392));
#10511=CARTESIAN_POINT('Origin',(33.8134218393856,-14.1816418190421,1.6));
#10512=CARTESIAN_POINT('',(33.8134218393856,-14.3044161249739,5.392));
#10513=CARTESIAN_POINT('',(33.8134218393856,-14.3044161249739,1.6));
#10514=CARTESIAN_POINT('',(33.8134218393853,-12.2064145275291,5.392));
#10515=CARTESIAN_POINT('',(33.8134218393857,-14.6940281732858,5.392));
#10516=CARTESIAN_POINT('',(33.8134218393853,-12.2064145275291,1.85));
#10517=CARTESIAN_POINT('',(33.8134218393853,-12.2064145275291,1.6));
#10518=CARTESIAN_POINT('',(33.8134218393842,-5.25000000000002,1.85));
#10519=CARTESIAN_POINT('',(33.8134218393844,-6.61902817328752,1.85));
#10520=CARTESIAN_POINT('',(33.8134218393842,-5.25000000000002,5.392));
#10521=CARTESIAN_POINT('',(33.8134218393842,-5.25000000000002,0.8));
#10522=CARTESIAN_POINT('',(33.8134218393826,5.24999999999998,5.392));
#10523=CARTESIAN_POINT('',(33.8134218393845,-7.09082090952107,5.392));
#10524=CARTESIAN_POINT('',(33.8134218393826,5.24999999999998,1.85));
#10525=CARTESIAN_POINT('',(33.8134218393826,5.24999999999998,0.8));
#10526=CARTESIAN_POINT('',(33.8134218393812,14.0935854724715,1.85));
#10527=CARTESIAN_POINT('',(33.8134218393844,-6.61902817328752,1.85));
#10528=CARTESIAN_POINT('',(33.8134218393812,14.0935854724715,5.392));
#10529=CARTESIAN_POINT('',(33.8134218393812,14.0935854724715,1.6));
#10530=CARTESIAN_POINT('',(33.8134218393832,1.45597182671455,5.392));
#10531=CARTESIAN_POINT('Origin',(34.9634218393856,-15.5564145275288,1.6));
#10532=CARTESIAN_POINT('',(36.2154202419493,-16.7064145275193,5.392));
#10533=CARTESIAN_POINT('',(36.2154202419493,-16.7064145275193,1.6));
#10534=CARTESIAN_POINT('',(36.6634218393856,-15.5564145275288,5.392));
#10535=CARTESIAN_POINT('Origin',(34.9634218393856,-15.5564145275288,5.392));
#10536=CARTESIAN_POINT('',(36.6634218393856,-15.5564145275288,2.65));
#10537=CARTESIAN_POINT('',(36.6634218393856,-15.5564145275288,1.6));
#10538=CARTESIAN_POINT('Origin',(34.9634218393856,-15.5564145275288,2.65));
#10539=CARTESIAN_POINT('Origin',(34.9634218393856,-15.5564145275288,5.392));
#10540=CARTESIAN_POINT('Origin',(115.963421839386,-16.7064145275287,1.6));
#10541=CARTESIAN_POINT('',(115.713421839386,-16.7064145275287,1.85));
#10542=CARTESIAN_POINT('',(115.713421839386,-16.7064145275287,1.6));
#10543=CARTESIAN_POINT('',(81.3379216392294,-16.7064145275246,1.85));
#10544=CARTESIAN_POINT('',(95.4634218393846,-16.7064145275263,1.85));
#10545=CARTESIAN_POINT('',(81.3379216392294,-16.7064145275246,5.392));
#10546=CARTESIAN_POINT('',(81.3379216392294,-16.7064145275246,0.8));
#10547=CARTESIAN_POINT('',(70.8379216392294,-16.7064145275234,5.392));
#10548=CARTESIAN_POINT('',(96.0256717393075,-16.7064145275263,5.392));
#10549=CARTESIAN_POINT('',(70.8379216392294,-16.7064145275234,1.85));
#10550=CARTESIAN_POINT('',(70.8379216392294,-16.7064145275234,0.8));
#10551=CARTESIAN_POINT('',(38.7388483199286,-16.7064145275196,1.85));
#10552=CARTESIAN_POINT('',(95.4634218393846,-16.7064145275263,1.85));
#10553=CARTESIAN_POINT('',(38.7388483199286,-16.7064145275196,5.392));
#10554=CARTESIAN_POINT('',(38.7388483199286,-16.7064145275196,1.6));
#10555=CARTESIAN_POINT('',(75.851135079657,-16.706414527524,5.392));
#10556=CARTESIAN_POINT('Origin',(78.2900602277982,-15.0564145275242,7.467));
#10557=CARTESIAN_POINT('',(78.4150602277981,-16.5064145275242,7.342));
#10558=CARTESIAN_POINT('',(78.4150602277983,-15.0564145275243,7.342));
#10559=CARTESIAN_POINT('',(83.1398554292499,-21.2312097289743,2.61720479855048));
#10560=CARTESIAN_POINT('Origin',(97.0134218393855,21.4185854724711,7.067));
#10561=CARTESIAN_POINT('',(86.2508494671817,21.2935854724711,7.192));
#10562=CARTESIAN_POINT('',(86.165063325196,21.5435854724711,6.942));
#10563=CARTESIAN_POINT('Ctrl Pts',(86.165063325196,21.5435854724711,6.942));
#10564=CARTESIAN_POINT('Ctrl Pts',(86.2079563961889,21.4149058187045,7.0706796537666));
#10565=CARTESIAN_POINT('Ctrl Pts',(86.2508494671817,21.2935854724711,7.192));
#10566=CARTESIAN_POINT('',(32.8634218393863,21.5435854724711,6.942));
#10567=CARTESIAN_POINT('',(97.0134218393855,21.5435854724711,6.942));
#10568=CARTESIAN_POINT('',(32.8634218393863,21.2935854724711,7.192));
#10569=CARTESIAN_POINT('',(32.8634218393863,21.5435854724711,6.942));
#10570=CARTESIAN_POINT('',(97.0134218393855,21.2935854724711,7.192));
#10571=CARTESIAN_POINT('Origin',(32.8634218393863,19.5435854724711,7.067));
#10572=CARTESIAN_POINT('',(30.8634218393863,19.5435854724711,6.942));
#10573=CARTESIAN_POINT('Origin',(32.8634218393863,19.5435854724711,6.942));
#10574=CARTESIAN_POINT('',(31.1134218393863,19.5435854724711,7.192));
#10575=CARTESIAN_POINT('',(30.8634218393863,19.5435854724711,6.942));
#10576=CARTESIAN_POINT('Origin',(32.8634218393863,19.5435854724711,7.192));
#10577=CARTESIAN_POINT('Origin',(30.9884218393863,11.2435854724723,7.067));
#10578=CARTESIAN_POINT('',(30.8634218393863,-17.6564145275242,6.942));
#10579=CARTESIAN_POINT('',(31.1134218393863,-17.6564145275242,7.192));
#10580=CARTESIAN_POINT('',(30.8634218393863,-17.6564145275242,6.942));
#10581=CARTESIAN_POINT('',(31.1134218393863,11.2435854724723,7.192));
#10582=CARTESIAN_POINT('',(30.8634218393863,11.2435854724723,6.942));
#10583=CARTESIAN_POINT('Origin',(32.8634218393863,-17.6564145275242,7.067));
#10584=CARTESIAN_POINT('Origin',(32.8634218393863,-17.6564145275242,6.942));
#10585=CARTESIAN_POINT('',(32.8634218393863,-19.4064145275242,7.192));
#10586=CARTESIAN_POINT('',(32.8634218393863,-19.6564145275242,6.942));
#10587=CARTESIAN_POINT('Origin',(32.8634218393863,-17.6564145275242,7.192));
#10588=CARTESIAN_POINT('Origin',(52.913421839386,-19.5314145275242,7.067));
#10589=CARTESIAN_POINT('',(78.7508466654247,-19.4064145275242,7.192));
#10590=CARTESIAN_POINT('Ctrl Pts',(78.7508466654247,-19.4064145275242,7.192));
#10591=CARTESIAN_POINT('Ctrl Pts',(78.7079534466112,-19.5277348710838,7.0706796564404));
#10592=CARTESIAN_POINT('Ctrl Pts',(78.6650602277978,-19.6564145275242,6.942));
#10593=CARTESIAN_POINT('',(52.913421839386,-19.4064145275242,7.192));
#10594=CARTESIAN_POINT('Origin',(32.8634218393863,-17.6564145275242,0.));
#10595=CARTESIAN_POINT('',(30.8634218393863,-17.6564145275242,0.25));
#10596=CARTESIAN_POINT('',(30.8634218393863,-17.6564145275242,0.));
#10597=CARTESIAN_POINT('Origin',(32.8634218393863,-17.6564145275242,0.25));
#10598=CARTESIAN_POINT('Origin',(30.8634218393863,21.5435854724711,0.));
#10599=CARTESIAN_POINT('',(30.8634218393863,19.5435854724711,0.25));
#10600=CARTESIAN_POINT('',(30.8634218393863,19.5435854724711,0.));
#10601=CARTESIAN_POINT('',(30.8634218393863,11.2435854724723,0.25));
#10602=CARTESIAN_POINT('Origin',(32.8634218393863,19.5435854724711,0.));
#10603=CARTESIAN_POINT('',(32.8634218393863,21.5435854724711,0.25));
#10604=CARTESIAN_POINT('',(32.8634218393863,21.5435854724711,0.));
#10605=CARTESIAN_POINT('Origin',(32.8634218393863,19.5435854724711,0.25));
#10606=CARTESIAN_POINT('Origin',(119.063421839385,21.5435854724711,0.));
#10607=CARTESIAN_POINT('',(86.6342887899873,21.5435854724711,7.192));
#10608=CARTESIAN_POINT('Ctrl Pts',(86.6342887899873,21.5435854724711,7.192));
#10609=CARTESIAN_POINT('Ctrl Pts',(86.4120240961388,21.5435854724711,7.09017605650616));
#10610=CARTESIAN_POINT('Ctrl Pts',(86.165063325196,21.5435854724711,6.942));
#10611=CARTESIAN_POINT('Ctrl Pts',(87.6650589967429,21.5435854724711,7.44199691708149));
#10612=CARTESIAN_POINT('Ctrl Pts',(87.1799902683042,21.5435854724711,7.44199686423664));
#10613=CARTESIAN_POINT('Ctrl Pts',(86.6342887899873,21.5435854724711,7.192));
#10614=CARTESIAN_POINT('',(117.063421839385,21.5435854724711,0.25));
#10615=CARTESIAN_POINT('',(117.063421839385,21.5435854724711,0.));
#10616=CARTESIAN_POINT('',(97.0134218393855,21.5435854724711,0.25));
#10617=CARTESIAN_POINT('Origin',(32.8634218393863,19.5435854724711,0.125));
#10618=CARTESIAN_POINT('',(31.1134218393863,19.5435854724711,0.));
#10619=CARTESIAN_POINT('',(31.1134218393863,19.5435854724711,0.));
#10620=CARTESIAN_POINT('',(32.8634218393863,21.2935854724711,0.));
#10621=CARTESIAN_POINT('',(32.8634218393863,21.5435854724711,0.25));
#10622=CARTESIAN_POINT('Origin',(32.8634218393863,19.5435854724711,0.));
#10623=CARTESIAN_POINT('Origin',(30.9884218393863,11.2435854724723,0.125));
#10624=CARTESIAN_POINT('',(31.1134218393863,-17.6564145275242,0.));
#10625=CARTESIAN_POINT('',(31.1134218393863,-17.6564145275242,0.));
#10626=CARTESIAN_POINT('',(31.1134218393863,11.2435854724723,0.));
#10627=CARTESIAN_POINT('Origin',(32.8634218393863,-17.6564145275242,0.125));
#10628=CARTESIAN_POINT('',(32.8634218393863,-19.4064145275242,0.));
#10629=CARTESIAN_POINT('',(32.8634218393863,-19.4064145275242,0.));
#10630=CARTESIAN_POINT('Origin',(32.8634218393863,-17.6564145275242,0.));
#10631=CARTESIAN_POINT('Origin',(52.913421839386,-19.5314145275242,0.125));
#10632=CARTESIAN_POINT('',(117.063421839385,-19.4064145275242,0.));
#10633=CARTESIAN_POINT('',(117.063421839385,-19.4064145275242,0.));
#10634=CARTESIAN_POINT('',(52.913421839386,-19.4064145275242,0.));
#10635=CARTESIAN_POINT('Origin',(117.063421839385,-17.6564145275242,0.125));
#10636=CARTESIAN_POINT('',(118.813421839385,-17.6564145275242,0.));
#10637=CARTESIAN_POINT('',(118.813421839385,-17.6564145275242,0.));
#10638=CARTESIAN_POINT('Origin',(117.063421839385,-17.6564145275242,0.));
#10639=CARTESIAN_POINT('Origin',(118.938421839385,-9.35641452752536,0.125));
#10640=CARTESIAN_POINT('',(118.813421839385,19.5435854724711,0.));
#10641=CARTESIAN_POINT('',(118.813421839385,19.5435854724711,0.));
#10642=CARTESIAN_POINT('',(118.813421839385,-9.35641452752536,0.));
#10643=CARTESIAN_POINT('Origin',(117.063421839385,19.5435854724711,0.125));
#10644=CARTESIAN_POINT('',(117.063421839385,21.2935854724711,0.));
#10645=CARTESIAN_POINT('',(117.063421839385,21.2935854724711,0.));
#10646=CARTESIAN_POINT('Origin',(117.063421839385,19.5435854724711,0.25));
#10647=CARTESIAN_POINT('Origin',(117.063421839385,19.5435854724711,0.));
#10648=CARTESIAN_POINT('Origin',(97.0134218393855,21.4185854724711,0.125));
#10649=CARTESIAN_POINT('',(97.0134218393855,21.2935854724711,0.));
#10650=CARTESIAN_POINT('Origin',(117.063421839385,19.5435854724711,0.));
#10651=CARTESIAN_POINT('Origin',(74.9634218393857,0.943585472473467,0.));
#10652=CARTESIAN_POINT('',(31.6147902780856,-15.5564145275286,0.));
#10653=CARTESIAN_POINT('',(33.2891060587365,-18.4564145275288,0.));
#10654=CARTESIAN_POINT('',(33.4826650677347,-18.7916685653764,0.));
#10655=CARTESIAN_POINT('',(36.637737620035,-18.4564145275288,0.));
#10656=CARTESIAN_POINT('',(54.1695652192502,-18.4564145275287,0.));
#10657=CARTESIAN_POINT('',(38.3120534006856,-15.5564145275291,0.));
#10658=CARTESIAN_POINT('',(45.6503219909082,-2.8461604896832,0.));
#10659=CARTESIAN_POINT('',(36.6377376200348,-12.6564145275288,0.));
#10660=CARTESIAN_POINT('',(39.2994690298197,-17.2666685653759,0.));
#10661=CARTESIAN_POINT('',(33.2891060587362,-12.6564145275289,0.));
#10662=CARTESIAN_POINT('',(55.7572784595212,-12.6564145275287,0.));
#10663=CARTESIAN_POINT('',(41.4212312690951,1.42883951031735,0.));
#10664=CARTESIAN_POINT('',(31.6147902780856,17.4435854724714,0.));
#10665=CARTESIAN_POINT('',(33.2891060587365,14.5435854724712,0.));
#10666=CARTESIAN_POINT('',(40.6273746489582,1.83333143462677,0.));
#10667=CARTESIAN_POINT('',(36.6377376200351,14.5435854724712,0.));
#10668=CARTESIAN_POINT('',(54.1695652192502,14.5435854724713,0.));
#10669=CARTESIAN_POINT('',(38.3120534006857,17.4435854724709,0.));
#10670=CARTESIAN_POINT('',(38.5056124096848,17.7788395103199,0.));
#10671=CARTESIAN_POINT('',(36.6377376200348,20.3435854724712,0.));
#10672=CARTESIAN_POINT('',(46.4441786110432,3.35833143462721,0.));
#10673=CARTESIAN_POINT('',(33.2891060587362,20.3435854724712,0.));
#10674=CARTESIAN_POINT('',(55.7572784595212,20.3435854724713,0.));
#10675=CARTESIAN_POINT('',(34.2765216878717,22.0538395103205,0.));
#10676=CARTESIAN_POINT('Origin',(78.0400602277991,-6.80641452752556,7.317));
#10677=CARTESIAN_POINT('',(84.6731887625807,-9.89828599274339,13.9501285347816));
#10678=CARTESIAN_POINT('',(77.9150602277978,-17.6564145275239,7.192));
#10679=CARTESIAN_POINT('',(77.9150602277991,-6.80641452752554,7.192));
#10680=CARTESIAN_POINT('',(77.9150602277978,-17.6564145275239,7.192));
#10681=CARTESIAN_POINT('Origin',(108.263831436489,-16.6064145275278,7.242));
#10682=CARTESIAN_POINT('',(108.263831436489,-16.5064145275278,7.342));
#10683=CARTESIAN_POINT('',(113.623156772234,-18.7966795946778,5.05173493285065));
#10684=CARTESIAN_POINT('Origin',(80.1650602277978,-17.6564145275242,7.317));
#10685=CARTESIAN_POINT('Origin',(80.1650602277978,-17.6564145275242,7.192));
#10686=CARTESIAN_POINT('Origin',(74.9634218393857,0.943585472473467,7.192));
#10687=CARTESIAN_POINT('',(85.4150592146293,19.5435821444301,7.192));
#10688=CARTESIAN_POINT('',(85.4150601188588,11.2435843777701,7.192));
#10689=CARTESIAN_POINT('Origin',(87.6650592146292,19.5435823895526,7.192));
#10690=CARTESIAN_POINT('Origin',(85.5400601188588,11.243584391388,7.317));
#10691=CARTESIAN_POINT('',(85.4150592146293,19.5435821444301,7.192));
#10692=CARTESIAN_POINT('',(87.958741723447,15.9999033497176,9.73568212275733));
#10693=CARTESIAN_POINT('Origin',(87.6650592146292,19.5435823895526,7.317));
#10694=CARTESIAN_POINT('Origin',(93.0271504493073,18.4935854724749,7.242));
#10695=CARTESIAN_POINT('',(111.576793274372,22.730214037488,3.00537143498689));
#10696=CARTESIAN_POINT('',(85.9150593399137,18.3935854724749,7.342));
#10697=CARTESIAN_POINT('',(93.0271504493073,18.3935854724749,7.342));
#10698=CARTESIAN_POINT('',(87.2754072538447,19.7539335346067,5.98165193786823));
#10699=CARTESIAN_POINT('Origin',(85.7900592200763,19.493583024103,7.467));
#10700=CARTESIAN_POINT('',(85.9150592200763,19.4935830377209,7.342));
#10701=CARTESIAN_POINT('Origin',(115.838421839386,-16.5814145275288,1.6));
#10702=CARTESIAN_POINT('',(115.838421839386,-16.5814145275288,1.72499999999997));
#10703=CARTESIAN_POINT('',(120.196755172717,-12.2230811942025,6.08333333333169));
#10704=CARTESIAN_POINT('',(112.463421839382,-19.9564145275285,5.10000000000191));
#10705=CARTESIAN_POINT('Origin',(100.564241033592,-15.556414527527,7.342));
#10706=CARTESIAN_POINT('Origin',(115.838421839386,18.4685854724749,4.5584999999998));
#10707=CARTESIAN_POINT('',(115.838421839386,18.4685854724749,1.72500000000001));
#10708=CARTESIAN_POINT('',(109.430891674855,24.8761156370053,8.13253016453044));
#10709=CARTESIAN_POINT('',(117.773171839386,16.5338354724745,3.6597500000004));
#10710=CARTESIAN_POINT('Origin',(100.564241033594,17.4435854724711,7.342));
#10711=CARTESIAN_POINT('Origin',(114.088421839386,-10.441348735204,0.));
#10712=CARTESIAN_POINT('',(113.963421839386,-10.316348735204,1.85));
#10713=CARTESIAN_POINT('',(113.963421839386,-10.316348735204,0.));
#10714=CARTESIAN_POINT('',(114.213421839386,-10.566348735204,1.85));
#10715=CARTESIAN_POINT('',(113.963421839386,-10.316348735204,1.85));
#10716=CARTESIAN_POINT('',(114.213421839386,-10.566348735204,0.));
#10717=CARTESIAN_POINT('Origin',(113.963421839386,-5.56634873520395,0.));
#10718=CARTESIAN_POINT('',(113.963421839386,-5.81634873520395,1.85));
#10719=CARTESIAN_POINT('',(113.963421839386,-5.81634873520395,0.));
#10720=CARTESIAN_POINT('',(113.963421839386,-2.31138163136524,1.85));
#10721=CARTESIAN_POINT('Origin',(114.088421839386,-5.69134873520395,0.));
#10722=CARTESIAN_POINT('',(114.213421839386,-5.56634873520395,1.85));
#10723=CARTESIAN_POINT('Origin',(115.838421839385,7.32851968014974,0.8));
#10724=CARTESIAN_POINT('',(115.713421839385,7.45351968014975,1.85));
#10725=CARTESIAN_POINT('',(115.713421839385,7.45351968014975,0.8));
#10726=CARTESIAN_POINT('',(115.838421839386,7.32851968014961,1.72499999999986));
#10727=CARTESIAN_POINT('',(112.430088506041,10.7368530134864,5.13333333333651));
#10728=CARTESIAN_POINT('',(115.290077540665,7.87686397886866,1.17665570127952));
#10729=CARTESIAN_POINT('Origin',(115.838421839386,-10.691348735204,0.8));
#10730=CARTESIAN_POINT('',(115.713421839386,-10.566348735204,1.85));
#10731=CARTESIAN_POINT('',(115.713421839386,-10.566348735204,0.8));
#10732=CARTESIAN_POINT('',(115.713421839386,-10.566348735204,1.85));
#10733=CARTESIAN_POINT('Origin',(76.0879216392357,17.4435854724711,5.392));
#10734=CARTESIAN_POINT('',(81.0879216392357,18.3435854724711,5.392));
#10735=CARTESIAN_POINT('',(79.6754216392545,16.9310854724687,5.392));
#10736=CARTESIAN_POINT('',(71.0879216392357,18.3435854724749,5.392));
#10737=CARTESIAN_POINT('',(72.5004159196882,16.9310839472745,5.392));
#10738=CARTESIAN_POINT('',(71.0879216392357,16.6935854724711,5.392));
#10739=CARTESIAN_POINT('',(71.0879216392357,17.9435854724711,5.392));
#10740=CARTESIAN_POINT('',(71.3379216392357,16.4435854724711,5.392));
#10741=CARTESIAN_POINT('',(72.2129216392357,15.5685854724711,5.392));
#10742=CARTESIAN_POINT('',(80.8379216392357,16.4435854724711,5.392));
#10743=CARTESIAN_POINT('',(73.5879216392357,16.4435854724711,5.392));
#10744=CARTESIAN_POINT('',(81.0879216392357,16.6935854724711,5.392));
#10745=CARTESIAN_POINT('',(79.9629216392357,15.5685854724711,5.392));
#10746=CARTESIAN_POINT('',(81.0879216392357,16.9435854724711,5.392));
#10747=CARTESIAN_POINT('Origin',(71.0879216392357,18.4435854724711,0.));
#10748=CARTESIAN_POINT('',(71.0879216392357,18.3435843830374,1.85));
#10749=CARTESIAN_POINT('',(71.0879216392357,18.3435843830374,3.7584999999998));
#10750=CARTESIAN_POINT('',(71.0879216392357,16.6935854724711,1.85));
#10751=CARTESIAN_POINT('',(71.0879216392357,9.6935854724723,1.85));
#10752=CARTESIAN_POINT('',(71.0879216392357,16.6935854724711,0.));
#10753=CARTESIAN_POINT('Origin',(70.9629216392369,18.4685849277562,3.7584999999998));
#10754=CARTESIAN_POINT('',(70.837921639238,18.5935854724749,1.85));
#10755=CARTESIAN_POINT('Origin',(81.2129216392357,18.468585472473,3.7584999999998));
#10756=CARTESIAN_POINT('',(81.0879216392357,18.3435854724711,1.85));
#10757=CARTESIAN_POINT('',(81.0879216392357,18.3435854724711,3.7584999999998));
#10758=CARTESIAN_POINT('',(81.0879216392357,18.3435854724711,1.85));
#10759=CARTESIAN_POINT('Origin',(76.0879216392295,-15.5564145275239,5.392));
#10760=CARTESIAN_POINT('',(71.0879216392294,-16.4564145275233,5.392));
#10761=CARTESIAN_POINT('',(72.5004216392293,-15.0439145275234,5.392));
#10762=CARTESIAN_POINT('',(81.0879216392294,-16.4564145275245,5.392));
#10763=CARTESIAN_POINT('',(79.6754216392297,-15.0439145275244,5.392));
#10764=CARTESIAN_POINT('',(81.0879216392296,-14.8064145275246,5.392));
#10765=CARTESIAN_POINT('',(81.0879216392295,-16.0564145275246,5.392));
#10766=CARTESIAN_POINT('',(80.8379216392297,-14.5564145275245,5.392));
#10767=CARTESIAN_POINT('',(79.9629216392299,-13.6814145275244,5.392));
#10768=CARTESIAN_POINT('',(71.3379216392297,-14.5564145275234,5.392));
#10769=CARTESIAN_POINT('',(78.5879216392297,-14.5564145275243,5.392));
#10770=CARTESIAN_POINT('',(71.0879216392296,-14.8064145275233,5.392));
#10771=CARTESIAN_POINT('',(72.2129216392298,-13.6814145275235,5.392));
#10772=CARTESIAN_POINT('',(71.0879216392296,-15.0564145275233,5.392));
#10773=CARTESIAN_POINT('Origin',(81.0879216392294,-16.5564145275246,0.));
#10774=CARTESIAN_POINT('',(81.0879216392294,-16.4564145275246,1.85));
#10775=CARTESIAN_POINT('',(81.0879216392294,-16.4564145275246,0.8));
#10776=CARTESIAN_POINT('',(81.0879216392296,-14.8064145275246,1.85));
#10777=CARTESIAN_POINT('',(81.0879216392305,-7.80641452752593,1.85));
#10778=CARTESIAN_POINT('',(81.0879216392296,-14.8064145275246,0.));
#10779=CARTESIAN_POINT('Origin',(81.2129216392294,-16.5814145275246,0.8));
#10780=CARTESIAN_POINT('',(81.3379216392294,-16.7064145275246,1.85));
#10781=CARTESIAN_POINT('Origin',(70.9629216392294,-16.5814145275233,0.8));
#10782=CARTESIAN_POINT('',(71.0879216392294,-16.4564145275233,1.85));
#10783=CARTESIAN_POINT('',(71.0879216392294,-16.4564145275233,0.8));
#10784=CARTESIAN_POINT('',(71.0879216392294,-16.4564145275233,1.85));
#10785=CARTESIAN_POINT('Origin',(34.9634218393834,1.53210777398272E-13,
5.392));
#10786=CARTESIAN_POINT('',(35.9634218393827,4.75000000000031,5.392));
#10787=CARTESIAN_POINT('',(35.9634218393842,-4.74999999999969,5.392));
#10788=CARTESIAN_POINT('',(35.9634218393838,-2.49999999999969,5.392));
#10789=CARTESIAN_POINT('',(35.7134218393827,5.00000000000027,5.392));
#10790=CARTESIAN_POINT('',(36.8384218393828,3.87500000000045,5.392));
#10791=CARTESIAN_POINT('',(34.0634218393826,5.00000000000002,5.392));
#10792=CARTESIAN_POINT('',(35.4634218393827,5.00000000000023,5.392));
#10793=CARTESIAN_POINT('',(35.4759218393829,3.58750000000033,5.392));
#10794=CARTESIAN_POINT('',(34.0634218393842,-4.99999999999998,5.392));
#10795=CARTESIAN_POINT('',(35.475921839384,-3.58749999999978,5.392));
#10796=CARTESIAN_POINT('',(35.7134218393842,-4.99999999999973,5.392));
#10797=CARTESIAN_POINT('',(34.4634218393842,-4.99999999999992,5.392));
#10798=CARTESIAN_POINT('',(36.838421839384,-3.87499999999955,5.392));
#10799=CARTESIAN_POINT('Origin',(35.7388483199286,-15.2064145275291,5.392));
#10800=CARTESIAN_POINT('',(36.7388483199286,-12.2064145275291,5.392));
#10801=CARTESIAN_POINT('',(38.7388483199286,-14.2064145275291,5.392));
#10802=CARTESIAN_POINT('Origin',(36.7388483199286,-14.2064145275291,5.392));
#10803=CARTESIAN_POINT('',(37.2388483199286,-12.2064145275291,5.392));
#10804=CARTESIAN_POINT('',(38.7388483199286,-16.7064145275291,5.392));
#10805=CARTESIAN_POINT('Origin',(35.7800801630223,17.0935854724715,5.392));
#10806=CARTESIAN_POINT('',(38.7551611858792,16.1181996339047,5.392));
#10807=CARTESIAN_POINT('',(36.7553126558508,14.0935854724715,5.392));
#10808=CARTESIAN_POINT('Origin',(36.7553126558508,16.0935854724715,5.392));
#10809=CARTESIAN_POINT('',(38.7613937437086,15.6118174990779,5.392));
#10810=CARTESIAN_POINT('',(34.2800801630223,14.0935854724715,5.392));
#10811=CARTESIAN_POINT('Origin',(35.9634218393842,-4.99999999999969,0.));
#10812=CARTESIAN_POINT('',(35.9634218393842,-4.74999999999969,1.85));
#10813=CARTESIAN_POINT('',(35.9634218393842,-4.74999999999969,0.));
#10814=CARTESIAN_POINT('',(35.9634218393827,4.75000000000031,1.85));
#10815=CARTESIAN_POINT('',(35.9634218393837,-2.02820726376611,1.85));
#10816=CARTESIAN_POINT('',(35.9634218393827,4.75000000000031,0.));
#10817=CARTESIAN_POINT('Origin',(35.8384218393842,-4.87499999999971,0.));
#10818=CARTESIAN_POINT('',(35.7134218393842,-4.99999999999973,1.85));
#10819=CARTESIAN_POINT('',(35.7134218393842,-4.99999999999973,0.));
#10820=CARTESIAN_POINT('',(35.7134218393842,-4.99999999999973,1.85));
#10821=CARTESIAN_POINT('Origin',(33.9634218393842,-5.,0.));
#10822=CARTESIAN_POINT('',(34.0634218393842,-4.99999999999998,1.85));
#10823=CARTESIAN_POINT('',(34.0634218393842,-4.99999999999998,0.8));
#10824=CARTESIAN_POINT('',(54.4634218393854,-4.99999999999685,1.85));
#10825=CARTESIAN_POINT('Origin',(33.9384218393842,-5.125,0.8));
#10826=CARTESIAN_POINT('',(33.9384218393842,-5.12500000000001,1.725));
#10827=CARTESIAN_POINT('',(33.843583810503,-5.21983802888127,1.81983802888125));
#10828=CARTESIAN_POINT('',(37.2050885060506,-1.85833333333264,4.99166666666689));
#10829=CARTESIAN_POINT('Origin',(36.7553126558508,16.0935854724715,1.6));
#10830=CARTESIAN_POINT('',(36.7553126558508,14.0935854724715,1.6));
#10831=CARTESIAN_POINT('',(36.7553126558508,14.0935854724715,1.6));
#10832=CARTESIAN_POINT('',(38.7551611858792,16.1181996339047,1.6));
#10833=CARTESIAN_POINT('Origin',(36.7553126558508,16.0935854724715,1.6));
#10834=CARTESIAN_POINT('',(38.7551611858792,16.1181996339047,1.6));
#10835=CARTESIAN_POINT('Origin',(32.7800801630223,14.0935854724715,1.6));
#10836=CARTESIAN_POINT('',(34.0634218393812,14.0935854724715,1.6));
#10837=CARTESIAN_POINT('',(33.6800864202923,14.0935854724715,1.98333541908893));
#10838=CARTESIAN_POINT('',(53.871751001204,14.0935854724715,1.6));
#10839=CARTESIAN_POINT('Origin',(36.7388483199286,-14.2064145275291,1.6));
#10840=CARTESIAN_POINT('',(38.7388483199286,-14.2064145275291,1.6));
#10841=CARTESIAN_POINT('',(38.7388483199286,-14.2064145275291,1.6));
#10842=CARTESIAN_POINT('',(36.7388483199286,-12.2064145275291,1.6));
#10843=CARTESIAN_POINT('Origin',(36.7388483199286,-14.2064145275291,1.6));
#10844=CARTESIAN_POINT('',(36.7388483199286,-12.2064145275291,1.6));
#10845=CARTESIAN_POINT('Origin',(38.7388483199286,-18.2064145275291,1.6));
#10846=CARTESIAN_POINT('',(38.7388483199286,-16.4564145275194,1.6));
#10847=CARTESIAN_POINT('',(38.7388483199286,-16.9564145275239,2.10000000000411));
#10848=CARTESIAN_POINT('',(38.7388483199286,-8.63141452752781,1.6));
#10849=CARTESIAN_POINT('Origin',(34.9634218393856,-15.5564145275288,2.65));
#10850=CARTESIAN_POINT('',(36.637737620035,-18.4564145275288,2.65));
#10851=CARTESIAN_POINT('',(38.3120534006856,-15.5564145275291,2.65));
#10852=CARTESIAN_POINT('',(37.0779672002922,-17.6939145275291,2.65));
#10853=CARTESIAN_POINT('',(33.2891060587364,-18.4564145275288,2.65));
#10854=CARTESIAN_POINT('',(34.1695652192501,-18.4564145275288,2.65));
#10855=CARTESIAN_POINT('',(31.6147902780856,-15.5564145275286,2.65));
#10856=CARTESIAN_POINT('',(32.0550198583431,-16.3189145275291,2.65));
#10857=CARTESIAN_POINT('',(33.2891060587362,-12.6564145275289,2.65));
#10858=CARTESIAN_POINT('',(32.848876478479,-13.4189145275286,2.65));
#10859=CARTESIAN_POINT('',(36.6377376200348,-12.6564145275288,2.65));
#10860=CARTESIAN_POINT('',(35.7572784595211,-12.6564145275288,2.65));
#10861=CARTESIAN_POINT('',(37.8718238204281,-14.7939145275286,2.65));
#10862=CARTESIAN_POINT('Origin',(34.9634218393857,17.4435854724712,2.65));
#10863=CARTESIAN_POINT('',(33.2891060587362,20.3435854724712,2.65));
#10864=CARTESIAN_POINT('',(31.6147902780856,17.4435854724714,2.65));
#10865=CARTESIAN_POINT('',(32.8488764784791,19.5810854724714,2.65));
#10866=CARTESIAN_POINT('',(36.6377376200348,20.3435854724712,2.65));
#10867=CARTESIAN_POINT('',(35.7572784595212,20.3435854724712,2.65));
#10868=CARTESIAN_POINT('',(38.3120534006857,17.4435854724709,2.65));
#10869=CARTESIAN_POINT('',(37.8718238204281,18.2060854724714,2.65));
#10870=CARTESIAN_POINT('',(36.6377376200351,14.5435854724712,2.65));
#10871=CARTESIAN_POINT('',(37.0779672002922,15.3060854724709,2.65));
#10872=CARTESIAN_POINT('',(33.2891060587365,14.5435854724712,2.65));
#10873=CARTESIAN_POINT('',(34.1695652192502,14.5435854724712,2.65));
#10874=CARTESIAN_POINT('',(32.0550198583432,16.6810854724709,2.65));
#10875=CARTESIAN_POINT('Origin',(38.2687521304963,-15.4814145275288,0.));
#10876=CARTESIAN_POINT('',(38.3120534006857,-15.5564145275291,0.));
#10877=CARTESIAN_POINT('',(36.6377376200348,-12.6564145275288,0.));
#10878=CARTESIAN_POINT('Origin',(36.5511350796566,-12.6564145275288,0.));
#10879=CARTESIAN_POINT('',(33.2891060587362,-12.6564145275289,0.));
#10880=CARTESIAN_POINT('Origin',(33.3757085991147,14.5435854724712,0.));
#10881=CARTESIAN_POINT('',(36.6377376200351,14.5435854724712,0.));
#10882=CARTESIAN_POINT('',(33.2891060587365,14.5435854724712,0.));
#10883=CARTESIAN_POINT('Origin',(36.6810388902243,14.6185854724711,0.));
#10884=CARTESIAN_POINT('',(38.3120534006857,17.4435854724709,0.));
#10885=CARTESIAN_POINT('Origin',(36.6810388902243,-18.3814145275289,0.));
#10886=CARTESIAN_POINT('',(36.637737620035,-18.4564145275288,0.));
#10887=CARTESIAN_POINT('Origin',(31.658091548275,17.3685854724711,0.));
#10888=CARTESIAN_POINT('',(31.6147902780856,17.4435854724714,0.));
#10889=CARTESIAN_POINT('Origin',(33.245804788547,20.2685854724712,0.));
#10890=CARTESIAN_POINT('',(33.2891060587362,20.3435854724712,0.));
#10891=CARTESIAN_POINT('Origin',(38.7800801630223,14.0935854724715,1.6));
#10892=CARTESIAN_POINT('',(38.7277711083512,18.3435854724749,1.6));
#10893=CARTESIAN_POINT('',(38.8637333314276,7.29694255934174,1.6));
#10894=CARTESIAN_POINT('',(38.7416516913693,17.2158174751816,0.472232002706662));
#10895=CARTESIAN_POINT('Origin',(80.2267408522032,18.4685854724749,1.725));
#10896=CARTESIAN_POINT('',(70.8379216392357,18.3435854724749,1.6));
#10897=CARTESIAN_POINT('',(80.2267408522032,18.3435854724749,1.6));
#10898=CARTESIAN_POINT('',(70.8379216392357,18.3435854724749,1.6));
#10899=CARTESIAN_POINT('Origin',(74.9634218393857,0.943585472473467,1.6));
#10900=CARTESIAN_POINT('',(34.0634218393826,5.25000000000002,1.6));
#10901=CARTESIAN_POINT('',(34.0634218393845,-6.61902817328748,1.6));
#10902=CARTESIAN_POINT('',(36.2134218393826,5.25000000000035,1.6));
#10903=CARTESIAN_POINT('',(55.4634218393839,5.25000000000331,1.6));
#10904=CARTESIAN_POINT('',(36.2134218393842,-5.24999999999965,1.6));
#10905=CARTESIAN_POINT('',(36.2134218393837,-2.02820726376607,1.6));
#10906=CARTESIAN_POINT('',(34.0634218393842,-5.24999999999998,1.6));
#10907=CARTESIAN_POINT('',(54.4634218393855,-5.24999999999685,1.6));
#10908=CARTESIAN_POINT('',(34.0634218393853,-12.2064145275291,1.6));
#10909=CARTESIAN_POINT('',(34.0634218393844,-6.61902817328748,1.6));
#10910=CARTESIAN_POINT('',(56.8511350796572,-12.2064145275291,1.6));
#10911=CARTESIAN_POINT('',(70.8379216392294,-16.4564145275232,1.6));
#10912=CARTESIAN_POINT('',(95.4634218393847,-16.4564145275261,1.6));
#10913=CARTESIAN_POINT('',(70.8379216392297,-14.3064145275233,1.6));
#10914=CARTESIAN_POINT('',(70.8379216392306,-6.80641452752466,1.6));
#10915=CARTESIAN_POINT('',(81.3379216392297,-14.3064145275246,1.6));
#10916=CARTESIAN_POINT('',(78.0256717393068,-14.3064145275242,1.6));
#10917=CARTESIAN_POINT('',(81.3379216392294,-16.4564145275247,1.6));
#10918=CARTESIAN_POINT('',(81.3379216392305,-7.80641452752596,1.6));
#10919=CARTESIAN_POINT('',(115.713421839386,-16.4564145275288,1.6));
#10920=CARTESIAN_POINT('',(95.4634218393847,-16.4564145275264,1.6));
#10921=CARTESIAN_POINT('',(115.713421839386,-10.8163487352039,1.6));
#10922=CARTESIAN_POINT('',(115.713421839386,9.69358547247225,1.6));
#10923=CARTESIAN_POINT('',(113.713421839386,-10.816348735204,1.6));
#10924=CARTESIAN_POINT('',(94.4634218393857,-10.816348735204,1.6));
#10925=CARTESIAN_POINT('',(113.713421839386,-5.31634873520395,1.6));
#10926=CARTESIAN_POINT('',(113.713421839386,-2.31138163136524,1.6));
#10927=CARTESIAN_POINT('',(115.713421839386,-5.31634873520395,1.6));
#10928=CARTESIAN_POINT('',(95.4634218393857,-5.31634873520395,1.6));
#10929=CARTESIAN_POINT('',(115.713421839386,7.20351968014975,1.6));
#10930=CARTESIAN_POINT('',(115.713421839386,9.69358547247225,1.6));
#10931=CARTESIAN_POINT('',(113.713421839385,7.20351968014986,1.6));
#10932=CARTESIAN_POINT('',(94.4634218393856,7.20351968015095,1.6));
#10933=CARTESIAN_POINT('',(113.713421839385,12.7035196801499,1.6));
#10934=CARTESIAN_POINT('',(113.713421839385,7.19855257631058,1.6));
#10935=CARTESIAN_POINT('',(115.713421839386,12.7035196801498,1.6));
#10936=CARTESIAN_POINT('',(95.4634218393859,12.7035196801508,1.6));
#10937=CARTESIAN_POINT('',(115.713421839386,18.3435854724749,1.6));
#10938=CARTESIAN_POINT('',(115.713421839386,9.69358547247225,1.6));
#10939=CARTESIAN_POINT('',(81.3379216392357,18.3435854724749,1.6));
#10940=CARTESIAN_POINT('',(80.2267408522032,18.3435854724749,1.6));
#10941=CARTESIAN_POINT('',(81.3379216392357,16.1935854724711,1.6));
#10942=CARTESIAN_POINT('',(81.3379216392357,8.6935854724723,1.6));
#10943=CARTESIAN_POINT('',(70.8379216392357,16.1935854724711,1.6));
#10944=CARTESIAN_POINT('',(73.0256717393107,16.1935854724711,1.6));
#10945=CARTESIAN_POINT('',(70.8379216392357,9.6935854724723,1.6));
#10946=CARTESIAN_POINT('Origin',(38.7388483199286,-12.2064145275291,1.6));
#10947=CARTESIAN_POINT('',(35.1697784595209,-12.2064145275291,0.493643379864393));
#10948=CARTESIAN_POINT('Origin',(33.9384218393844,-6.6190281732875,1.725));
#10949=CARTESIAN_POINT('',(37.6082598682662,-8.79483802888089,-1.94483802888147));
#10950=CARTESIAN_POINT('Origin',(33.9384218393826,5.12499999999999,0.8));
#10951=CARTESIAN_POINT('',(34.0634218393827,5.00000000000002,1.85));
#10952=CARTESIAN_POINT('',(34.0634218393827,5.00000000000002,0.8));
#10953=CARTESIAN_POINT('',(33.9384218393826,5.12499999999999,1.725));
#10954=CARTESIAN_POINT('',(37.3717551727171,1.69166666666687,5.15833333333364));
#10955=CARTESIAN_POINT('',(36.049926534931,3.01349530445246,-0.386504695547768));
#10956=CARTESIAN_POINT('Origin',(36.5511350796567,20.3435854724712,0.));
#10957=CARTESIAN_POINT('',(36.6377376200348,20.3435854724712,0.));
#10958=CARTESIAN_POINT('Origin',(38.2687521304963,17.5185854724712,0.));
#10959=CARTESIAN_POINT('Origin',(33.245804788547,-12.7314145275288,0.));
#10960=CARTESIAN_POINT('',(31.6147902780856,-15.5564145275286,0.));
#10961=CARTESIAN_POINT('Origin',(31.658091548275,-15.6314145275289,0.));
#10962=CARTESIAN_POINT('',(33.2891060587364,-18.4564145275288,0.));
#10963=CARTESIAN_POINT('Origin',(33.3757085991146,-18.4564145275288,0.));
#10964=CARTESIAN_POINT('Origin',(95.4634218393847,-16.5814145275263,1.725));
#10965=CARTESIAN_POINT('',(115.713421839386,-16.4564145275288,1.6));
#10966=CARTESIAN_POINT('',(81.3379216392294,-16.4564145275247,1.6));
#10967=CARTESIAN_POINT('Origin',(115.838421839386,9.69358547247225,1.725));
#10968=CARTESIAN_POINT('',(115.963421839386,-10.816348735204,1.85));
#10969=CARTESIAN_POINT('Origin',(80.2267408522032,18.4685854724749,1.725));
#10970=CARTESIAN_POINT('',(81.3379216392357,18.5935854724749,1.85));
#10971=CARTESIAN_POINT('',(108.440641674855,11.070805307944,-5.67278016453088));
#10972=CARTESIAN_POINT('Origin',(115.838421839386,9.69358547247225,1.725));
#10973=CARTESIAN_POINT('',(115.713421839386,12.7035196801498,1.6));
#10974=CARTESIAN_POINT('Origin',(94.4634218393856,7.32851968015095,1.725));
#10975=CARTESIAN_POINT('',(114.213421839385,7.45351968014984,1.85));
#10976=CARTESIAN_POINT('',(94.4634218393856,7.45351968015095,1.85));
#10977=CARTESIAN_POINT('',(114.213421839385,7.45351968014984,1.85));
#10978=CARTESIAN_POINT('',(112.670099471439,4.1601973122037,-1.44332236794623));
#10979=CARTESIAN_POINT('Origin',(95.4634218393858,12.5785196801508,1.725));
#10980=CARTESIAN_POINT('',(115.713421839385,12.4535196801498,1.85));
#10981=CARTESIAN_POINT('',(113.713421839385,12.7035196801499,1.6));
#10982=CARTESIAN_POINT('Origin',(115.713421839386,12.7035196801498,1.6));
#10983=CARTESIAN_POINT('Origin',(113.713421839385,12.7035196801499,1.6));
#10984=CARTESIAN_POINT('',(113.963421839385,12.2035196801498,1.85));
#10985=CARTESIAN_POINT('Origin',(114.088421839385,7.57851968014984,0.));
#10986=CARTESIAN_POINT('',(113.963421839385,7.70351968014985,1.85));
#10987=CARTESIAN_POINT('',(114.213421839385,7.45351968014984,0.));
#10988=CARTESIAN_POINT('Origin',(113.838421839385,7.19855257631057,1.725));
#10989=CARTESIAN_POINT('',(113.713421839385,7.20351968014986,1.6));
#10990=CARTESIAN_POINT('Origin',(114.213421839385,7.45351968014984,1.85));
#10991=CARTESIAN_POINT('Origin',(115.838421839386,9.69358547247225,1.725));
#10992=CARTESIAN_POINT('',(115.713421839386,-5.31634873520395,1.6));
#10993=CARTESIAN_POINT('Origin',(81.0879216392357,18.3435854724711,1.85));
#10994=CARTESIAN_POINT('',(81.3379216392357,18.3435854724749,1.6));
#10995=CARTESIAN_POINT('Origin',(81.0879216392357,16.6935854724711,1.85));
#10996=CARTESIAN_POINT('',(80.8379216392357,16.4435854724711,1.85));
#10997=CARTESIAN_POINT('',(81.3379216392357,16.1935854724711,1.6));
#10998=CARTESIAN_POINT('',(81.0879216392357,16.6935854724711,1.85));
#10999=CARTESIAN_POINT('',(81.0879216392357,16.6935854724711,1.85));
#11000=CARTESIAN_POINT('',(80.8379216392357,16.4435854724711,1.85));
#11001=CARTESIAN_POINT('Origin',(81.2129216392357,8.6935854724723,1.725));
#11002=CARTESIAN_POINT('',(81.0879216392357,8.6935854724723,1.85));
#11003=CARTESIAN_POINT('Origin',(80.9629216392357,16.5685854724711,0.));
#11004=CARTESIAN_POINT('',(80.8379216392357,16.4435854724711,0.));
#11005=CARTESIAN_POINT('',(81.0879216392357,16.6935854724711,0.));
#11006=CARTESIAN_POINT('Origin',(71.3379216392357,16.4435854724711,1.85));
#11007=CARTESIAN_POINT('',(70.8379216392357,16.1935854724711,1.6));
#11008=CARTESIAN_POINT('',(71.3379216392357,16.4435854724711,1.85));
#11009=CARTESIAN_POINT('',(71.3379216392357,16.4435854724711,1.85));
#11010=CARTESIAN_POINT('',(71.0879216392357,16.6935854724711,1.85));
#11011=CARTESIAN_POINT('Origin',(73.0256717393107,16.3185854724711,1.725));
#11012=CARTESIAN_POINT('',(73.0256717393107,16.4435854724711,1.85));
#11013=CARTESIAN_POINT('Origin',(71.2129216392357,16.5685854724711,0.));
#11014=CARTESIAN_POINT('',(71.3379216392357,16.4435854724711,0.));
#11015=CARTESIAN_POINT('Origin',(70.8379216392357,18.3435854724749,1.6));
#11016=CARTESIAN_POINT('',(71.0879216392357,18.3435843830374,1.85));
#11017=CARTESIAN_POINT('Origin',(70.9629216392357,9.6935854724723,1.725));
#11018=CARTESIAN_POINT('Origin',(81.0879216392357,16.4435854724711,0.));
#11019=CARTESIAN_POINT('Origin',(36.2134218393826,5.25000000000035,1.6));
#11020=CARTESIAN_POINT('',(35.7134218393827,5.00000000000027,1.85));
#11021=CARTESIAN_POINT('',(35.9634218393827,4.75000000000031,1.85));
#11022=CARTESIAN_POINT('',(36.2134218393826,5.25000000000035,1.6));
#11023=CARTESIAN_POINT('',(35.7134218393827,5.00000000000027,1.85));
#11024=CARTESIAN_POINT('Origin',(35.9634218393842,-4.74999999999969,1.85));
#11025=CARTESIAN_POINT('',(36.2134218393842,-5.24999999999965,1.6));
#11026=CARTESIAN_POINT('',(35.9634218393842,-4.74999999999969,1.85));
#11027=CARTESIAN_POINT('Origin',(36.0884218393837,-2.02820726376609,1.725));
#11028=CARTESIAN_POINT('Origin',(54.4634218393855,-5.12499999999685,1.725));
#11029=CARTESIAN_POINT('Origin',(55.4634218393839,5.12500000000331,1.725));
#11030=CARTESIAN_POINT('',(55.4634218393839,5.00000000000331,1.85));
#11031=CARTESIAN_POINT('',(35.5685838105018,6.7551619711195,0.0948380288807604));
#11032=CARTESIAN_POINT('Origin',(35.8384218393827,4.87500000000029,0.));
#11033=CARTESIAN_POINT('',(35.7134218393827,5.00000000000027,0.));
#11034=CARTESIAN_POINT('Origin',(35.9634218393827,5.00000000000031,0.));
#11035=CARTESIAN_POINT('Origin',(33.9384218393845,-6.6190281732875,1.725));
#11036=CARTESIAN_POINT('Origin',(70.8379216392294,-16.4564145275232,1.6));
#11037=CARTESIAN_POINT('',(70.8379216392294,-16.4564145275232,1.6));
#11038=CARTESIAN_POINT('',(70.8379216392294,-16.7064145275234,1.85));
#11039=CARTESIAN_POINT('Origin',(115.713421839386,-5.56634873520395,1.85));
#11040=CARTESIAN_POINT('',(115.713421839386,-5.56634873520395,1.85));
#11041=CARTESIAN_POINT('Origin',(71.0879216392296,-14.8064145275233,1.85));
#11042=CARTESIAN_POINT('',(71.3379216392297,-14.5564145275234,1.85));
#11043=CARTESIAN_POINT('',(70.8379216392297,-14.3064145275233,1.6));
#11044=CARTESIAN_POINT('',(71.0879216392296,-14.8064145275233,1.85));
#11045=CARTESIAN_POINT('',(71.0879216392296,-14.8064145275233,1.85));
#11046=CARTESIAN_POINT('',(71.3379216392297,-14.5564145275234,1.85));
#11047=CARTESIAN_POINT('Origin',(70.9629216392306,-6.80641452752467,1.725));
#11048=CARTESIAN_POINT('',(71.0879216392306,-6.80641452752469,1.85));
#11049=CARTESIAN_POINT('Origin',(71.2129216392296,-14.6814145275233,0.));
#11050=CARTESIAN_POINT('',(71.3379216392297,-14.5564145275234,0.));
#11051=CARTESIAN_POINT('',(71.0879216392296,-14.8064145275233,0.));
#11052=CARTESIAN_POINT('Origin',(113.713421839386,-5.31634873520395,1.6));
#11053=CARTESIAN_POINT('',(113.713421839386,-5.31634873520395,1.6));
#11054=CARTESIAN_POINT('',(113.963421839386,-5.81634873520395,1.85));
#11055=CARTESIAN_POINT('Origin',(95.4634218393857,-5.44134873520395,1.725));
#11056=CARTESIAN_POINT('Origin',(80.8379216392297,-14.5564145275245,1.85));
#11057=CARTESIAN_POINT('',(81.3379216392297,-14.3064145275246,1.6));
#11058=CARTESIAN_POINT('',(80.8379216392297,-14.5564145275245,1.85));
#11059=CARTESIAN_POINT('',(80.8379216392297,-14.5564145275245,1.85));
#11060=CARTESIAN_POINT('',(81.0879216392296,-14.8064145275246,1.85));
#11061=CARTESIAN_POINT('Origin',(78.0256717393068,-14.4314145275242,1.725));
#11062=CARTESIAN_POINT('',(78.0256717393067,-14.5564145275242,1.85));
#11063=CARTESIAN_POINT('Origin',(80.9629216392297,-14.6814145275246,0.));
#11064=CARTESIAN_POINT('',(80.8379216392297,-14.5564145275245,0.));
#11065=CARTESIAN_POINT('Origin',(113.713421839386,-10.816348735204,1.6));
#11066=CARTESIAN_POINT('',(113.713421839386,-10.816348735204,1.6));
#11067=CARTESIAN_POINT('',(114.213421839386,-10.566348735204,1.85));
#11068=CARTESIAN_POINT('Origin',(113.838421839386,-2.31138163136524,1.725));
#11069=CARTESIAN_POINT('Origin',(81.0879216392294,-16.4564145275246,1.85));
#11070=CARTESIAN_POINT('',(81.0879216392294,-16.4564145275246,1.85));
#11071=CARTESIAN_POINT('Origin',(81.2129216392305,-7.80641452752595,1.725));
#11072=CARTESIAN_POINT('Origin',(115.713421839386,-10.816348735204,1.6));
#11073=CARTESIAN_POINT('',(115.713421839386,-10.816348735204,1.6));
#11074=CARTESIAN_POINT('Origin',(94.4634218393857,-10.691348735204,1.725));
#11075=CARTESIAN_POINT('',(94.4634218393857,-10.566348735204,1.85));
#11076=CARTESIAN_POINT('Origin',(95.4634218393847,-16.5814145275262,1.725));
#11077=CARTESIAN_POINT('Origin',(71.0879216392297,-14.5564145275233,0.));
#11078=CARTESIAN_POINT('Origin',(113.963421839386,-10.566348735204,0.));
#11079=CARTESIAN_POINT('Origin',(101.605553825992,-4.0537768272559,19.992));
#11080=CARTESIAN_POINT('',(101.605553825992,-4.0537768272559,19.992));
#11081=CARTESIAN_POINT('Origin',(95.832051134096,5.94622317274411,19.992));
#11082=CARTESIAN_POINT('Origin',(96.8055538259923,-4.0537768272559,19.992));
#11083=CARTESIAN_POINT('',(92.632051134096,3.17494188063391,19.992));
#11084=CARTESIAN_POINT('Origin',(92.632051134096,3.17494188063391,19.992));
#11085=CARTESIAN_POINT('Origin',(102.632051134096,-0.289159734503842,19.992));
#11086=CARTESIAN_POINT('',(102.632051134096,-0.289159734503842,19.992));
#11087=CARTESIAN_POINT('Origin',(99.0320511340961,5.94622317274411,19.992));
#11088=CARTESIAN_POINT('Origin',(93.6055538259923,-4.0537768272559,19.992));
#11089=CARTESIAN_POINT('',(92.632051134096,-2.36762070358648,19.992));
#11090=CARTESIAN_POINT('Origin',(92.632051134096,-2.36762070358648,19.992));
#11091=CARTESIAN_POINT('Origin',(100.632051134096,5.9462231727441,19.992));
#11092=CARTESIAN_POINT('',(100.632051134096,5.94622317274411,19.992));
#11093=CARTESIAN_POINT('Origin',(102.632051134096,2.48212155760637,19.992));
#11094=CARTESIAN_POINT('Origin',(71.0879216392357,16.4435854724711,0.));
#11095=CARTESIAN_POINT('Origin',(113.963421839385,7.45351968014985,0.));
#11096=CARTESIAN_POINT('Origin',(81.0879216392297,-14.5564145275246,0.));
#11097=CARTESIAN_POINT('Origin',(34.9634217538234,17.4435854724712,15.8669999981374));
#11098=CARTESIAN_POINT('',(38.1534217575486,17.4435854724712,15.992));
#11099=CARTESIAN_POINT('Origin',(34.9634217538234,17.4435854724712,15.992));
#11100=CARTESIAN_POINT('',(37.9034217538234,17.4435854724712,15.7419999962747));
#11101=CARTESIAN_POINT('',(38.028421755686,17.4435854724712,15.8669999981374));
#11102=CARTESIAN_POINT('Origin',(34.9634217538234,17.4435854724712,15.7419999962747));
#11103=CARTESIAN_POINT('Origin',(54.5142410335938,0.943585472473023,15.992));
#11104=CARTESIAN_POINT('',(66.2650602278065,19.5435854724711,15.992));
#11105=CARTESIAN_POINT('',(66.2650602278065,17.6924854724711,15.992));
#11106=CARTESIAN_POINT('',(66.2650602278065,11.2435854724721,15.992));
#11107=CARTESIAN_POINT('',(64.5150602278065,21.2935854724711,15.992));
#11108=CARTESIAN_POINT('Origin',(64.5150602278065,19.5435854724711,15.992));
#11109=CARTESIAN_POINT('',(32.8634218393863,21.2935854724711,15.992));
#11110=CARTESIAN_POINT('',(43.68883143649,21.2935854724711,15.992));
#11111=CARTESIAN_POINT('',(31.1134218393863,19.5435854724711,15.992));
#11112=CARTESIAN_POINT('Origin',(32.8634218393863,19.5435854724711,15.992));
#11113=CARTESIAN_POINT('',(31.1134218393863,15.6580618272481,15.992));
#11114=CARTESIAN_POINT('',(31.1134218393863,7.5508236498601,15.992));
#11115=CARTESIAN_POINT('',(32.863421839386,13.9080618272481,15.992));
#11116=CARTESIAN_POINT('Origin',(32.8634218393863,15.6580618272481,15.992));
#11117=CARTESIAN_POINT('',(40.7678328449966,13.9080618272471,15.992));
#11118=CARTESIAN_POINT('',(48.6410369392958,13.9080618272461,15.992));
#11119=CARTESIAN_POINT('',(43.0178328449963,11.6580618272471,15.992));
#11120=CARTESIAN_POINT('Origin',(40.7678328449963,11.6580618272471,15.992));
#11121=CARTESIAN_POINT('',(43.0178328449963,-1.30993817274472,15.992));
#11122=CARTESIAN_POINT('',(43.0178328449963,-1.43317635013585,15.992));
#11123=CARTESIAN_POINT('',(40.7678328449963,-3.55993817274472,15.992));
#11124=CARTESIAN_POINT('Origin',(40.7678328449963,-1.30993817274472,15.992));
#11125=CARTESIAN_POINT('',(32.8634218393863,-3.55993817274472,15.992));
#11126=CARTESIAN_POINT('',(42.68883143649,-3.55993817274472,15.992));
#11127=CARTESIAN_POINT('',(31.1134218393863,-5.30993817274472,15.992));
#11128=CARTESIAN_POINT('Origin',(32.8634218393863,-5.30993817274472,15.992));
#11129=CARTESIAN_POINT('',(31.1134218393863,-17.6564145275242,15.992));
#11130=CARTESIAN_POINT('',(31.1134218393863,7.5508236498601,15.992));
#11131=CARTESIAN_POINT('',(32.8634218393862,-19.4064145275242,15.992));
#11132=CARTESIAN_POINT('Origin',(32.8634218393863,-17.6564145275242,15.992));
#11133=CARTESIAN_POINT('',(46.0463534528617,-19.4064145275245,15.992));
#11134=CARTESIAN_POINT('',(66.339650630696,-19.4064145275249,15.992));
#11135=CARTESIAN_POINT('',(46.0463534528617,17.6924854724711,15.992));
#11136=CARTESIAN_POINT('',(46.0463534528617,5.59308547247205,15.992));
#11137=CARTESIAN_POINT('',(65.8370057196031,17.6924854724711,15.992));
#11138=CARTESIAN_POINT('',(38.1534217575486,-15.5564145275288,15.992));
#11139=CARTESIAN_POINT('Origin',(34.9634217538233,-15.5564145275288,15.992));
#11140=CARTESIAN_POINT('Origin',(34.9634217872317,17.4435854724712,13.5));
#11141=CARTESIAN_POINT('',(37.9034218110736,17.4435854724712,11.9000000438094));
#11142=CARTESIAN_POINT('',(37.9034217872317,17.4435854724712,13.5000000438094));
#11143=CARTESIAN_POINT('Origin',(34.9634218110736,17.4435854724712,11.9));
#11144=CARTESIAN_POINT('Origin',(34.9634217538233,-15.5564145275288,15.8669999981374));
#11145=CARTESIAN_POINT('',(37.9034217538233,-15.5564145275288,15.7419999962747));
#11146=CARTESIAN_POINT('',(38.0284217556859,-15.5564145275288,15.8669999981374));
#11147=CARTESIAN_POINT('Origin',(34.9634217538233,-15.5564145275288,15.7419999962747));
#11148=CARTESIAN_POINT('Origin',(34.9634217872317,-15.5564145275288,13.5));
#11149=CARTESIAN_POINT('',(37.9034218110735,-15.5564145275288,11.9000000438094));
#11150=CARTESIAN_POINT('',(37.9034217872317,-15.5564145275288,13.5000000438094));
#11151=CARTESIAN_POINT('Origin',(34.9634218110735,-15.5564145275288,11.9));
#11152=CARTESIAN_POINT('Origin',(66.3900602278065,15.7043971248228,17.8033116523517));
#11153=CARTESIAN_POINT('',(66.5150602278065,12.2425854724711,21.0883466094067));
#11154=CARTESIAN_POINT('',(66.5150602278065,17.5889320818778,15.742));
#11155=CARTESIAN_POINT('',(66.5150602278065,15.6160087771745,17.7149233047034));
#11156=CARTESIAN_POINT('',(66.7390031864528,17.4961718712086,15.5180570413538));
#11157=CARTESIAN_POINT('',(66.2650602278065,12.1863992546232,21.4980862178479));
#11158=CARTESIAN_POINT('',(66.2650602278065,15.7927854724711,17.8917));
#11159=CARTESIAN_POINT('',(66.4815665787526,12.276079121525,21.1022201330982));
#11160=CARTESIAN_POINT('',(66.2650602278065,12.1863992546232,21.4980862178479));
#11161=CARTESIAN_POINT('',(66.5580232479053,12.1996224523723,21.0705507438013));
#11162=CARTESIAN_POINT('Origin',(65.8843867734647,12.720165817889,20.8112265456581));
#11163=CARTESIAN_POINT('',(68.2089740099586,10.2424854724711,23.442));
#11164=CARTESIAN_POINT('',(65.7312936645407,12.720165817889,20.9643196545821));
#11165=CARTESIAN_POINT('',(68.7087740099587,9.99258547247107,23.442));
#11166=CARTESIAN_POINT('',(73.1558175334127,7.76906371074417,23.442));
#11167=CARTESIAN_POINT('',(68.4587740099587,10.2425854724711,23.192));
#11168=CARTESIAN_POINT('',(68.6705907217075,10.0307687607222,23.4038167117489));
#11169=CARTESIAN_POINT('',(68.5150602278066,10.2425854724711,23.1357137821521));
#11170=CARTESIAN_POINT('',(71.3356196633342,10.2425854724711,20.3151543466247));
#11171=CARTESIAN_POINT('',(66.0374798823886,12.720165817889,20.6581334367342));
#11172=CARTESIAN_POINT('Origin',(66.5150602278065,21.5435854724711,19.992));
#11173=CARTESIAN_POINT('',(66.5150602278065,19.5435854724711,15.742));
#11174=CARTESIAN_POINT('',(66.5150602278065,11.2435854724721,15.742));
#11175=CARTESIAN_POINT('',(66.5150602278065,12.2425854724711,18.192));
#11176=CARTESIAN_POINT('',(66.5150602278065,12.2425854724711,20.092));
#11177=CARTESIAN_POINT('',(66.5150602278065,12.2435854724711,18.191));
#11178=CARTESIAN_POINT('',(66.5150602278065,11.2928354724711,19.14175));
#11179=CARTESIAN_POINT('',(66.5150602278065,12.2435854724711,14.642));
#11180=CARTESIAN_POINT('',(66.5150602278065,12.2435854724711,19.992));
#11181=CARTESIAN_POINT('',(66.5150602278065,18.4471372754477,14.642));
#11182=CARTESIAN_POINT('',(66.5150602278065,11.2435854724721,14.642));
#11183=CARTESIAN_POINT('',(66.5150602278065,18.8435838848545,14.2455533905933));
#11184=CARTESIAN_POINT('',(66.5150602278065,17.982860813629,15.1062764618187));
#11185=CARTESIAN_POINT('',(66.5150602278065,18.8435838848545,7.592));
#11186=CARTESIAN_POINT('',(66.5150602278065,18.8435838848545,19.992));
#11187=CARTESIAN_POINT('',(66.5150602278065,19.5435854724711,7.592));
#11188=CARTESIAN_POINT('',(66.5150602278065,19.6972045611651,7.592));
#11189=CARTESIAN_POINT('',(66.5150602278065,19.5435854724711,19.992));
#11190=CARTESIAN_POINT('Origin',(67.5150602278065,11.2425854724711,20.092));
#11191=CARTESIAN_POINT('',(68.5150602278066,10.2425854724711,20.192));
#11192=CARTESIAN_POINT('',(68.5150602278066,10.2425854724711,20.092));
#11193=CARTESIAN_POINT('',(66.1314919616221,12.6261537386555,17.8084317338156));
#11194=CARTESIAN_POINT('Origin',(71.1470128729435,-19.5314145275271,24.9948706678038));
#11195=CARTESIAN_POINT('',(66.5591419729758,-19.6564145275249,23.192));
#11196=CARTESIAN_POINT('',(66.5150602278065,-19.4064145275249,23.442));
#11197=CARTESIAN_POINT('',(66.5828111813864,-19.7906492788308,23.0577652486941));
#11198=CARTESIAN_POINT('',(71.1042603550278,-19.4064145275292,25.1123322454021));
#11199=CARTESIAN_POINT('',(46.0904351980388,-19.6564145275245,15.742));
#11200=CARTESIAN_POINT('',(46.0192809084112,-19.2528784984861,16.1455360290384));
#11201=CARTESIAN_POINT('',(71.1897653908592,-19.656414527525,24.8774090902056));
#11202=CARTESIAN_POINT('Origin',(66.5150602277987,10.2425854724711,23.442));
#11203=CARTESIAN_POINT('',(66.5150602278065,10.2424854724711,23.442));
#11204=CARTESIAN_POINT('',(66.5150602278065,8.41858547247302,23.442));
#11205=CARTESIAN_POINT('',(65.1752012884438,10.7301542445117,22.9543312279593));
#11206=CARTESIAN_POINT('Origin',(77.4150602277985,-19.5314145275251,23.317));
#11207=CARTESIAN_POINT('',(76.1150602277977,-19.656414527525,23.192));
#11208=CARTESIAN_POINT('',(77.4150602277985,-19.6564145275251,23.192));
#11209=CARTESIAN_POINT('',(76.1150602277977,-19.406414527525,23.442));
#11210=CARTESIAN_POINT('',(76.1150602277977,-19.656414527525,23.192));
#11211=CARTESIAN_POINT('',(77.4150602277985,-19.4064145275251,23.442));
#11212=CARTESIAN_POINT('Origin',(66.339650630696,-19.5314145275249,15.867));
#11213=CARTESIAN_POINT('',(32.8634218393862,-19.6564145275242,15.742));
#11214=CARTESIAN_POINT('',(32.8634218393862,-19.4064145275242,15.992));
#11215=CARTESIAN_POINT('',(66.339650630696,-19.6564145275249,15.742));
#11216=CARTESIAN_POINT('Origin',(32.8634218393863,-17.6564145275242,15.867));
#11217=CARTESIAN_POINT('',(30.8634218393863,-17.6564145275242,15.742));
#11218=CARTESIAN_POINT('',(31.1134218393863,-17.6564145275242,15.992));
#11219=CARTESIAN_POINT('Origin',(32.8634218393863,-17.6564145275242,15.742));
#11220=CARTESIAN_POINT('Origin',(30.9884218393863,7.5508236498601,15.867));
#11221=CARTESIAN_POINT('',(30.8634218393863,-5.30993817274472,15.742));
#11222=CARTESIAN_POINT('',(31.1134218393863,-5.30993817274472,15.992));
#11223=CARTESIAN_POINT('',(30.8634218393863,7.5508236498601,15.742));
#11224=CARTESIAN_POINT('Origin',(32.8634218393863,-5.30993817274472,15.867));
#11225=CARTESIAN_POINT('',(32.8634218393863,-3.30993817274472,15.742));
#11226=CARTESIAN_POINT('',(32.8634218393863,-3.55993817274472,15.992));
#11227=CARTESIAN_POINT('Origin',(32.8634218393863,-5.30993817274472,15.742));
#11228=CARTESIAN_POINT('Origin',(42.68883143649,-3.43493817274472,15.867));
#11229=CARTESIAN_POINT('',(40.7678328449963,-3.30993817274472,15.742));
#11230=CARTESIAN_POINT('',(40.7678328449963,-3.55993817274472,15.992));
#11231=CARTESIAN_POINT('',(42.68883143649,-3.30993817274472,15.742));
#11232=CARTESIAN_POINT('Origin',(40.7678328449963,-1.30993817274472,15.867));
#11233=CARTESIAN_POINT('',(42.7678328449963,-1.30993817274472,15.742));
#11234=CARTESIAN_POINT('',(43.0178328449963,-1.30993817274472,15.992));
#11235=CARTESIAN_POINT('Origin',(40.7678328449963,-1.30993817274472,15.742));
#11236=CARTESIAN_POINT('Origin',(42.8928328449963,-1.43317635013585,15.867));
#11237=CARTESIAN_POINT('',(42.7678328449963,11.6580618272471,15.742));
#11238=CARTESIAN_POINT('',(43.0178328449963,11.6580618272471,15.992));
#11239=CARTESIAN_POINT('',(42.7678328449963,-1.43317635013585,15.742));
#11240=CARTESIAN_POINT('Origin',(40.7678328449963,11.6580618272471,15.867));
#11241=CARTESIAN_POINT('',(40.7678328449965,13.6580618272471,15.742));
#11242=CARTESIAN_POINT('',(40.7678328449966,13.9080618272471,15.992));
#11243=CARTESIAN_POINT('Origin',(40.7678328449963,11.6580618272471,15.742));
#11244=CARTESIAN_POINT('Origin',(48.6410369392958,13.7830618272461,15.867));
#11245=CARTESIAN_POINT('',(32.863421839386,13.6580618272481,15.742));
#11246=CARTESIAN_POINT('',(32.863421839386,13.9080618272481,15.992));
#11247=CARTESIAN_POINT('',(48.6410369392958,13.6580618272461,15.742));
#11248=CARTESIAN_POINT('Origin',(32.8634218393863,15.6580618272481,15.867));
#11249=CARTESIAN_POINT('',(30.8634218393863,15.6580618272481,15.742));
#11250=CARTESIAN_POINT('',(31.1134218393863,15.6580618272481,15.992));
#11251=CARTESIAN_POINT('Origin',(32.8634218393863,15.6580618272481,15.742));
#11252=CARTESIAN_POINT('Origin',(30.9884218393863,7.5508236498601,15.867));
#11253=CARTESIAN_POINT('',(30.8634218393863,19.5435854724711,15.742));
#11254=CARTESIAN_POINT('',(31.1134218393863,19.5435854724711,15.992));
#11255=CARTESIAN_POINT('',(30.8634218393863,7.5508236498601,15.742));
#11256=CARTESIAN_POINT('Origin',(32.8634218393863,19.5435854724711,15.867));
#11257=CARTESIAN_POINT('',(32.8634218393863,21.5435854724711,15.742));
#11258=CARTESIAN_POINT('',(32.8634218393863,21.2935854724711,15.992));
#11259=CARTESIAN_POINT('Origin',(32.8634218393863,19.5435854724711,15.742));
#11260=CARTESIAN_POINT('Origin',(43.68883143649,21.4185854724711,15.867));
#11261=CARTESIAN_POINT('',(64.5150602278065,21.5435854724711,15.742));
#11262=CARTESIAN_POINT('',(64.5150602278065,21.2935854724711,15.992));
#11263=CARTESIAN_POINT('',(43.68883143649,21.5435854724711,15.742));
#11264=CARTESIAN_POINT('Origin',(64.5150602278065,19.5435854724711,15.867));
#11265=CARTESIAN_POINT('',(66.2650602278065,19.5435854724711,15.992));
#11266=CARTESIAN_POINT('Origin',(64.5150602278065,19.5435854724711,15.742));
#11267=CARTESIAN_POINT('Origin',(66.3900602278065,11.2435854724721,15.867));
#11268=CARTESIAN_POINT('Origin',(76.9124153167055,10.1175854724711,23.317));
#11269=CARTESIAN_POINT('',(77.1597704056124,10.2425854724711,23.192));
#11270=CARTESIAN_POINT('',(76.9124153167055,10.2425854724711,23.192));
#11271=CARTESIAN_POINT('',(77.1537771491654,9.99258547247107,23.442));
#11272=CARTESIAN_POINT('',(76.7887377722521,9.99258547247107,23.442));
#11273=CARTESIAN_POINT('Ctrl Pts',(77.1537771491654,9.99258547247107,23.442));
#11274=CARTESIAN_POINT('Ctrl Pts',(77.1559157702081,10.0753862952118,23.3591991772592));
#11275=CARTESIAN_POINT('Ctrl Pts',(77.1579188734418,10.159803139897,23.2747823325741));
#11276=CARTESIAN_POINT('Ctrl Pts',(77.1597704056125,10.2425854724711,23.192));
#11277=CARTESIAN_POINT('Origin',(76.1150602277977,-17.656414527525,23.317));
#11278=CARTESIAN_POINT('',(78.1150602277977,-17.6564145275252,23.192));
#11279=CARTESIAN_POINT('',(77.8650602277977,-17.6564145275252,23.442));
#11280=CARTESIAN_POINT('',(78.1150602277977,-17.6564145275252,23.192));
#11281=CARTESIAN_POINT('Origin',(76.1150602277977,-17.656414527525,23.442));
#11282=CARTESIAN_POINT('Origin',(76.1150602277977,-17.656414527525,23.192));
#11283=CARTESIAN_POINT('Origin',(77.9900602277995,2.76858547247294,23.317));
#11284=CARTESIAN_POINT('',(78.1150602278001,9.24358547247099,23.192));
#11285=CARTESIAN_POINT('',(77.8650602278001,9.24358547247101,23.442));
#11286=CARTESIAN_POINT('',(78.1150602278001,9.24358547247099,23.192));
#11287=CARTESIAN_POINT('',(77.8650602277995,2.76858547247295,23.442));
#11288=CARTESIAN_POINT('',(78.1150602277995,2.76858547247293,23.192));
#11289=CARTESIAN_POINT('Origin',(77.1150602278001,9.24358547247108,23.317));
#11290=CARTESIAN_POINT('Origin',(77.1150602278001,9.24358547247108,23.442));
#11291=CARTESIAN_POINT('Origin',(77.1150602278001,9.24358547247108,23.192));
#11292=CARTESIAN_POINT('Origin',(77.1597704056124,10.2425854724711,20.192));
#11293=CARTESIAN_POINT('',(77.1597704056124,10.2425854724711,20.192));
#11294=CARTESIAN_POINT('',(77.1597704056124,10.2425854724711,20.192));
#11295=CARTESIAN_POINT('',(68.5898554292494,10.2425854724711,20.192));
#11296=CARTESIAN_POINT('Origin',(77.1150602278001,9.24358547247108,19.992));
#11297=CARTESIAN_POINT('',(78.1150602278001,9.24358547247099,18.8420000000006));
#11298=CARTESIAN_POINT('',(78.1150602278001,9.24358547247099,19.992));
#11299=CARTESIAN_POINT('',(77.1150602278003,10.2435854724711,18.4431074904833));
#11300=CARTESIAN_POINT('Ctrl Pts',(77.1150602278004,10.2435854724711,18.4431074904832));
#11301=CARTESIAN_POINT('Ctrl Pts',(77.3981085653061,10.243585472471,18.5614340397974));
#11302=CARTESIAN_POINT('Ctrl Pts',(77.9133787242262,10.0165077392546,18.7664517426149));
#11303=CARTESIAN_POINT('Ctrl Pts',(78.1150602278001,9.47630458096874,18.8420000000006));
#11304=CARTESIAN_POINT('Ctrl Pts',(78.1150602278001,9.24358547247099,18.8420000000006));
#11305=CARTESIAN_POINT('',(77.1150602278001,10.2435854724711,20.191));
#11306=CARTESIAN_POINT('',(77.1150602278001,10.2435854724711,19.992));
#11307=CARTESIAN_POINT('Origin',(77.1150602278001,9.24358547247108,21.191));
#11308=CARTESIAN_POINT('Origin',(78.1150602278002,10.2435854724711,19.992));
#11309=CARTESIAN_POINT('',(78.1150602277977,-17.6564145275252,7.592));
#11310=CARTESIAN_POINT('',(78.1150602277977,-17.6564145275252,19.992));
#11311=CARTESIAN_POINT('',(78.1150602277978,-16.9564145275242,7.592));
#11312=CARTESIAN_POINT('',(78.1150602277998,5.59358550243132,7.592));
#11313=CARTESIAN_POINT('',(78.1150602277978,-16.9564145275242,10.3205533905933));
#11314=CARTESIAN_POINT('',(78.1150602277978,-16.9564145275242,13.592));
#11315=CARTESIAN_POINT('',(78.1150602277988,-16.7064145275242,10.5705533905933));
#11316=CARTESIAN_POINT('',(78.1150602277986,-7.63944122282209,19.6375266952955));
#11317=CARTESIAN_POINT('',(78.1150602277988,-16.7064145275242,15.3634466094067));
#11318=CARTESIAN_POINT('',(78.1150602277988,-16.7064145275242,13.592));
#11319=CARTESIAN_POINT('',(78.1150602277978,-16.9564145275242,15.6134466094067));
#11320=CARTESIAN_POINT('',(78.1150602277983,-11.1519412228221,9.80897330470455));
#11321=CARTESIAN_POINT('',(78.1150602277978,-16.9564145275242,18.418505797598));
#11322=CARTESIAN_POINT('',(78.1150602277978,-16.9564145275242,13.592));
#11323=CARTESIAN_POINT('',(78.1150602277978,-16.5659604510898,18.8419999999996));
#11324=CARTESIAN_POINT('',(78.1150602277984,-10.4478094347072,25.4778674200979));
#11325=CARTESIAN_POINT('',(78.1150602278002,10.2435854724711,18.8420000000007));
#11326=CARTESIAN_POINT('Origin',(76.1150602277977,-17.656414527525,19.992));
#11327=CARTESIAN_POINT('',(76.1150602277977,-19.656414527525,7.592));
#11328=CARTESIAN_POINT('',(76.1150602277977,-19.656414527525,19.992));
#11329=CARTESIAN_POINT('Origin',(76.1150602277977,-17.656414527525,7.592));
#11330=CARTESIAN_POINT('Origin',(78.1650602277986,-19.6564145275251,19.992));
#11331=CARTESIAN_POINT('',(32.8634218393862,-19.6564145275242,7.592));
#11332=CARTESIAN_POINT('',(32.8634218393862,-19.6564145275242,19.992));
#11333=CARTESIAN_POINT('',(76.564241033592,-19.6564145275251,7.592));
#11334=CARTESIAN_POINT('Origin',(77.9900602277986,-7.55105287517376,19.5491383476472));
#11335=CARTESIAN_POINT('',(77.8650602277978,-16.7064145275242,10.217));
#11336=CARTESIAN_POINT('',(77.8650602277978,-16.4564145275242,10.467));
#11337=CARTESIAN_POINT('',(77.8650602277986,-7.46266452752543,19.4607499999988));
#11338=CARTESIAN_POINT('',(78.0418369230901,-16.7064145275181,10.467));
#11339=CARTESIAN_POINT('',(75.8874719217972,-13.659682324387,10.467));
#11340=CARTESIAN_POINT('',(81.3646031977357,-16.7064145275181,15.1661011302002));
#11341=CARTESIAN_POINT('',(78.1150602277978,-16.9564145275242,10.3205533905933));
#11342=CARTESIAN_POINT('Origin',(77.9900602277983,-16.8314145275242,13.592));
#11343=CARTESIAN_POINT('',(77.9900602277981,-16.8314145275239,7.46700000000026));
#11344=CARTESIAN_POINT('',(75.273393556131,-14.114747855845,4.75033332833296));
#11345=CARTESIAN_POINT('',(77.8650602277988,-16.7064145275242,7.592));
#11346=CARTESIAN_POINT('',(76.6899236954335,-15.5312779951537,8.76713653237035));
#11347=CARTESIAN_POINT('',(77.8650602277988,-16.7064145275242,13.592));
#11348=CARTESIAN_POINT('Origin',(77.8900602277984,-16.5814145275242,10.342));
#11349=CARTESIAN_POINT('',(77.1150602277929,-16.7064145275241,10.217));
#11350=CARTESIAN_POINT('',(77.8900602277984,-16.7064145275242,10.217));
#11351=CARTESIAN_POINT('',(77.3650602277929,-16.4564145275241,10.467));
#11352=CARTESIAN_POINT('',(77.7025602277958,-16.1189145275212,10.8045000000029));
#11353=CARTESIAN_POINT('',(77.8900602277984,-16.4564145275242,10.467));
#11354=CARTESIAN_POINT('Origin',(77.6650602277979,-16.7064145275242,7.192));
#11355=CARTESIAN_POINT('',(39.7388483199286,-16.7064145275196,7.592));
#11356=CARTESIAN_POINT('',(76.3142410335908,-16.706414527524,7.592));
#11357=CARTESIAN_POINT('',(39.7388483199286,-16.7064145275196,14.142));
#11358=CARTESIAN_POINT('',(39.7388483199286,-16.7064145275196,4.396));
#11359=CARTESIAN_POINT('',(68.1654291260426,-16.706414527523,14.142));
#11360=CARTESIAN_POINT('',(66.0896506306948,-16.7064145275228,14.142));
#11361=CARTESIAN_POINT('',(77.8650602277988,-16.7064145275242,18.2158450627408));
#11362=CARTESIAN_POINT('',(75.9855847718701,-16.706414527524,17.4264653712501));
#11363=CARTESIAN_POINT('',(77.8650602277988,-16.7064145275242,15.717));
#11364=CARTESIAN_POINT('',(77.8650602277988,-16.7064145275242,13.592));
#11365=CARTESIAN_POINT('',(77.1150602277929,-16.7064145275241,15.717));
#11366=CARTESIAN_POINT('',(77.8900602277983,-16.7064145275242,15.717));
#11367=CARTESIAN_POINT('',(77.1150602277989,-16.7064145275241,10.0795));
#11368=CARTESIAN_POINT('Origin',(76.3142410335907,-16.831414527524,7.467));
#11369=CARTESIAN_POINT('',(77.8650602277978,-16.9564145275242,7.342));
#11370=CARTESIAN_POINT('',(81.4482570337561,-13.3732177215666,10.925196805958));
#11371=CARTESIAN_POINT('',(39.6352949293353,-16.9564145275196,7.342));
#11372=CARTESIAN_POINT('',(76.3142410335907,-16.956414527524,7.342));
#11373=CARTESIAN_POINT('',(39.6352949293353,-16.9564145275196,7.342));
#11374=CARTESIAN_POINT('Origin',(77.9998124645993,10.2435854724711,18.6685959394562));
#11375=CARTESIAN_POINT('',(77.884564701396,-16.4704860779864,18.4951918789108));
#11376=CARTESIAN_POINT('',(77.8845647013983,9.24358547247102,18.4951918789118));
#11377=CARTESIAN_POINT('',(77.8845647013984,10.2435854724711,18.4951918789118));
#11378=CARTESIAN_POINT('',(77.8845647013983,9.24358547247102,18.4951918789118));
#11379=CARTESIAN_POINT('',(78.1150602277978,-16.5659604510898,18.8419999999996));
#11380=CARTESIAN_POINT('Ctrl Pts',(78.1150602278001,9.24358547247099,18.8420000000006));
#11381=CARTESIAN_POINT('Ctrl Pts',(78.1150602278001,9.47630458096874,18.8420000000006));
#11382=CARTESIAN_POINT('Ctrl Pts',(77.9133787242262,10.0165077392546,18.7664517426149));
#11383=CARTESIAN_POINT('Ctrl Pts',(77.3981085653061,10.243585472471,18.5614340397974));
#11384=CARTESIAN_POINT('Ctrl Pts',(77.1150602278004,10.2435854724711,18.4431074904832));
#11385=CARTESIAN_POINT('Ctrl Pts',(78.0382283856662,9.243585472471,18.726397292971));
#11386=CARTESIAN_POINT('Ctrl Pts',(78.0382283856662,9.44989781123844,18.726397292971));
#11387=CARTESIAN_POINT('Ctrl Pts',(77.865669697187,9.93044520312074,18.6600279598866));
#11388=CARTESIAN_POINT('Ctrl Pts',(77.402386885316,10.1519274978323,18.4730463548534));
#11389=CARTESIAN_POINT('Ctrl Pts',(77.1403620648129,10.1590297618602,18.3633650985342));
#11390=CARTESIAN_POINT('Ctrl Pts',(77.9613965435322,9.24358547247101,18.6107945859414));
#11391=CARTESIAN_POINT('Ctrl Pts',(77.9613965435323,9.42349104150814,18.6107945859414));
#11392=CARTESIAN_POINT('Ctrl Pts',(77.8179606701478,9.84438266698691,18.5536041771583));
#11393=CARTESIAN_POINT('Ctrl Pts',(77.4066652053259,10.0602695231937,18.3846586699094));
#11394=CARTESIAN_POINT('Ctrl Pts',(77.1656639018255,10.0744740512494,18.2836227065852));
#11395=CARTESIAN_POINT('Ctrl Pts',(77.8845647013983,9.24358547247102,18.4951918789118));
#11396=CARTESIAN_POINT('Ctrl Pts',(77.8845647013983,9.39708427177783,18.4951918789118));
#11397=CARTESIAN_POINT('Ctrl Pts',(77.7702516431086,9.75832013085308,18.44718039443));
#11398=CARTESIAN_POINT('Ctrl Pts',(77.4109435253357,9.96861154855497,18.2962709849653));
#11399=CARTESIAN_POINT('Ctrl Pts',(77.190965738838,9.98991834063855,18.2038803146362));
#11400=CARTESIAN_POINT('',(77.1909657388381,9.98991834063855,18.2038803146362));
#11401=CARTESIAN_POINT('',(77.1909657388381,9.98991834063855,18.2038803146362));
#11402=CARTESIAN_POINT('Ctrl Pts',(77.8845647013983,9.24358547247102,18.4951918789118));
#11403=CARTESIAN_POINT('Ctrl Pts',(77.8845647013983,9.39708427177783,18.4951918789118));
#11404=CARTESIAN_POINT('Ctrl Pts',(77.7702516431086,9.75832013085308,18.44718039443));
#11405=CARTESIAN_POINT('Ctrl Pts',(77.4109435253357,9.96861154855497,18.2962709849653));
#11406=CARTESIAN_POINT('Ctrl Pts',(77.190965738838,9.98991834063855,18.2038803146362));
#11407=CARTESIAN_POINT('Origin',(77.9948374202225,-10.330745147789,25.3699362423559));
#11408=CARTESIAN_POINT('',(77.874614612646,-16.7159689123714,18.2094950298813));
#11409=CARTESIAN_POINT('',(77.874614612646,-16.4564145275295,18.4910128416358));
#11410=CARTESIAN_POINT('',(77.8746146126466,-10.2136808608707,25.2620050646139));
#11411=CARTESIAN_POINT('',(71.085438820344,-6.85507004482018,15.6395590088667));
#11412=CARTESIAN_POINT('',(78.1150602277978,-16.9564145275242,18.418505797598));
#11413=CARTESIAN_POINT('Origin',(77.9900602277983,-16.8314145275242,13.592));
#11414=CARTESIAN_POINT('',(78.2169148705181,-17.058269170245,17.9819955183898));
#11415=CARTESIAN_POINT('',(78.1150602277978,-16.9564145275242,15.6134466094067));
#11416=CARTESIAN_POINT('Origin',(77.9900602277983,-11.0635528751738,9.89736165235287));
#11417=CARTESIAN_POINT('',(78.0418369230902,-16.7064145275181,15.467));
#11418=CARTESIAN_POINT('',(79.3581877061189,-16.7064145275181,13.6053988698001));
#11419=CARTESIAN_POINT('',(77.8650602277978,-16.4564145275242,15.467));
#11420=CARTESIAN_POINT('',(76.4796738510408,-14.4971823243871,15.467));
#11421=CARTESIAN_POINT('',(77.8650602277983,-10.9751645275254,9.98575000000119));
#11422=CARTESIAN_POINT('Origin',(73.3862753444095,10.1185854724711,16.7414878176046));
#11423=CARTESIAN_POINT('',(68.5150602278065,10.2435854724711,14.8311549372593));
#11424=CARTESIAN_POINT('',(77.0182521067113,10.2435854724711,18.4024955264021));
#11425=CARTESIAN_POINT('',(73.3378712838651,10.2435854724711,16.8567355808055));
#11426=CARTESIAN_POINT('',(77.1150602278001,9.99358547247108,18.1720000000003));
#11427=CARTESIAN_POINT('',(77.0182521067113,10.2435854724711,18.4024955264021));
#11428=CARTESIAN_POINT('',(68.425018777846,9.99358547247108,14.5221825910167));
#11429=CARTESIAN_POINT('',(73.434679404954,9.99358547247108,16.6262400544037));
#11430=CARTESIAN_POINT('',(68.524614612655,10.2340310876227,14.8248049043991));
#11431=CARTESIAN_POINT('',(68.425018777846,9.99358547247108,14.5221825910167));
#11432=CARTESIAN_POINT('',(68.1662426311202,10.5924030691575,15.0629860008284));
#11433=CARTESIAN_POINT('Origin',(66.3900602278066,18.7185838712365,19.992));
#11434=CARTESIAN_POINT('',(66.2650602278066,18.5935838576186,14.142));
#11435=CARTESIAN_POINT('',(66.2650602278066,18.5935838576186,7.592));
#11436=CARTESIAN_POINT('',(66.2650602278066,18.5935838576186,19.992));
#11437=CARTESIAN_POINT('',(66.3900602278066,18.7185838712365,7.467));
#11438=CARTESIAN_POINT('',(62.8379087177011,15.1664319741476,11.0191515101056));
#11439=CARTESIAN_POINT('',(68.6406635304381,20.9691874190565,9.7176033026315));
#11440=CARTESIAN_POINT('',(66.5150602278065,18.8435838848545,14.2455533905933));
#11441=CARTESIAN_POINT('Origin',(66.3900602278065,17.8944724591718,15.0178881073614));
#11442=CARTESIAN_POINT('',(66.2650602278065,18.3435838576186,14.392));
#11443=CARTESIAN_POINT('',(66.2650602278065,17.8060841047145,14.9294997529041));
#11444=CARTESIAN_POINT('',(66.5150602278065,18.4471372754477,14.642));
#11445=CARTESIAN_POINT('Origin',(66.3900602278065,11.2435854724721,14.517));
#11446=CARTESIAN_POINT('',(66.2650602278065,12.1400320818778,14.392));
#11447=CARTESIAN_POINT('',(66.2650602278065,11.2435854724721,14.392));
#11448=CARTESIAN_POINT('',(66.5150602278065,12.2435854724711,14.642));
#11449=CARTESIAN_POINT('Origin',(66.7514670816046,11.8304019233764,14.517));
#11450=CARTESIAN_POINT('',(68.1150602278066,10.2900320818778,14.392));
#11451=CARTESIAN_POINT('',(66.6630787339562,11.7420135757281,14.392));
#11452=CARTESIAN_POINT('',(68.0893648402764,10.6692808600012,14.642));
#11453=CARTESIAN_POINT('',(66.8398554292529,11.9187902710248,14.642));
#11454=CARTESIAN_POINT('',(68.1378087631599,10.2807954871572,14.4015543848484));
#11455=CARTESIAN_POINT('',(68.0893648402764,10.6692808600012,14.642));
#11456=CARTESIAN_POINT('',(71.7856104155057,8.79967747404274,15.9336310788349));
#11457=CARTESIAN_POINT('Origin',(71.0709566355608,7.51766833973655,15.7638725226391));
#11458=CARTESIAN_POINT('',(71.0180001974979,7.40060405281917,15.6112347872713));
#11459=CARTESIAN_POINT('',(71.1239130736237,7.63473262665393,15.9165102580069));
#11460=CARTESIAN_POINT('Ctrl Pts',(77.1150602278004,10.2435854724711,18.4431074904832));
#11461=CARTESIAN_POINT('Ctrl Pts',(77.0826174934866,10.2435854724711,18.4295450126552));
#11462=CARTESIAN_POINT('Ctrl Pts',(77.050437983521,10.2435854724711,18.4160135946622));
#11463=CARTESIAN_POINT('Ctrl Pts',(77.0182521067113,10.2435854724711,18.4024955264021));
#11464=CARTESIAN_POINT('Ctrl Pts',(77.140362064813,10.1590297618602,18.3633650985342));
#11465=CARTESIAN_POINT('Ctrl Pts',(77.110329026251,10.1598438166853,18.3507935360607));
#11466=CARTESIAN_POINT('Ctrl Pts',(77.0804273874784,10.1602521391377,18.3382241652379));
#11467=CARTESIAN_POINT('Ctrl Pts',(77.0505214804076,10.1602521391377,18.3256636842682));
#11468=CARTESIAN_POINT('Ctrl Pts',(77.1656639018255,10.0744740512494,18.2836227065852));
#11469=CARTESIAN_POINT('Ctrl Pts',(77.1380405590154,10.0761021608996,18.2720420594663));
#11470=CARTESIAN_POINT('Ctrl Pts',(77.1104167914358,10.0769188058044,18.2604347358137));
#11471=CARTESIAN_POINT('Ctrl Pts',(77.0827908541038,10.0769188058044,18.2488318421342));
#11472=CARTESIAN_POINT('Ctrl Pts',(77.1909657388381,9.98991834063855,18.2038803146363));
#11473=CARTESIAN_POINT('Ctrl Pts',(77.1657520917799,9.99236050511385,18.1932905828718));
#11474=CARTESIAN_POINT('Ctrl Pts',(77.1404061953932,9.99358547247108,18.1826453063894));
#11475=CARTESIAN_POINT('Ctrl Pts',(77.1150602278001,9.99358547247108,18.1720000000003));
#11476=CARTESIAN_POINT('Ctrl Pts',(77.0182521067113,10.2435854724711,18.4024955264021));
#11477=CARTESIAN_POINT('Ctrl Pts',(77.050437983521,10.2435854724711,18.4160135946622));
#11478=CARTESIAN_POINT('Ctrl Pts',(77.0826174934866,10.2435854724711,18.4295450126552));
#11479=CARTESIAN_POINT('Ctrl Pts',(77.1150602278004,10.2435854724711,18.4431074904832));
#11480=CARTESIAN_POINT('Ctrl Pts',(77.1909657388381,9.98991834063855,18.2038803146363));
#11481=CARTESIAN_POINT('Ctrl Pts',(77.1657520917799,9.99236050511385,18.1932905828718));
#11482=CARTESIAN_POINT('Ctrl Pts',(77.1404061953932,9.99358547247108,18.1826453063894));
#11483=CARTESIAN_POINT('Ctrl Pts',(77.1150602278001,9.99358547247108,18.1720000000003));
#11484=CARTESIAN_POINT('Origin',(66.5150602278065,10.2435854724711,19.992));
#11485=CARTESIAN_POINT('',(68.5150602278065,10.2435854724711,20.191));
#11486=CARTESIAN_POINT('',(68.5150602278065,10.2435854724711,19.992));
#11487=CARTESIAN_POINT('',(63.5148554292534,10.2435854724711,20.191));
#11488=CARTESIAN_POINT('Origin',(67.5150602278065,11.2435854724711,19.992));
#11489=CARTESIAN_POINT('',(66.1153252949555,12.6433204053221,17.7912650671489));
#11490=CARTESIAN_POINT('Origin',(66.3900602278065,19.6972045611651,7.467));
#11491=CARTESIAN_POINT('',(66.2650602278065,18.8435838576186,7.342));
#11492=CARTESIAN_POINT('',(64.7623052300658,20.3463386916442,5.83924500225922));
#11493=CARTESIAN_POINT('',(66.2650602278065,19.5435854724711,7.342));
#11494=CARTESIAN_POINT('',(66.2650602278065,19.6972045611651,7.342));
#11495=CARTESIAN_POINT('',(66.2650602278065,19.5435854724711,7.342));
#11496=CARTESIAN_POINT('Origin',(57.6021505766243,18.718582913852,7.467));
#11497=CARTESIAN_POINT('',(39.7246941619392,18.5935809662216,7.592));
#11498=CARTESIAN_POINT('',(57.6021505902422,18.593582913852,7.592));
#11499=CARTESIAN_POINT('',(39.6202384113802,18.8435809548419,7.342));
#11500=CARTESIAN_POINT('',(39.7246941619392,18.5935809662216,7.592));
#11501=CARTESIAN_POINT('',(57.6021505630063,18.843582913852,7.342));
#11502=CARTESIAN_POINT('Origin',(66.5150602278065,18.5935838848545,19.992));
#11503=CARTESIAN_POINT('',(39.7246941619392,18.5935809662216,14.142));
#11504=CARTESIAN_POINT('',(60.5146496692751,18.5935832311495,14.142));
#11505=CARTESIAN_POINT('',(39.7246941619392,18.5935809662216,10.796));
#11506=CARTESIAN_POINT('Origin',(60.514649682893,18.4685832311495,14.267));
#11507=CARTESIAN_POINT('',(39.8291499124981,18.3435809776014,14.392));
#11508=CARTESIAN_POINT('',(60.5146496965109,18.3435832311495,14.392));
#11509=CARTESIAN_POINT('',(39.7246941619392,18.5935809662216,14.142));
#11510=CARTESIAN_POINT('Origin',(54.5142410335938,0.943585472473023,14.392));
#11511=CARTESIAN_POINT('',(40.7678328449963,-3.30993817274472,14.392));
#11512=CARTESIAN_POINT('',(33.8134218393839,-3.3104145275291,14.392));
#11513=CARTESIAN_POINT('',(42.68883143649,-3.30993817274472,14.392));
#11514=CARTESIAN_POINT('',(42.7678328449963,-1.30993817274472,14.392));
#11515=CARTESIAN_POINT('Origin',(40.7678328449963,-1.30993817274472,14.392));
#11516=CARTESIAN_POINT('',(42.7678328449963,11.6580618272471,14.392));
#11517=CARTESIAN_POINT('',(42.7678328449963,-1.43317635013585,14.392));
#11518=CARTESIAN_POINT('',(40.7678328449965,13.6580618272471,14.392));
#11519=CARTESIAN_POINT('Origin',(40.7678328449963,11.6580618272471,14.392));
#11520=CARTESIAN_POINT('',(39.0293055223988,13.6580618272473,14.392));
#11521=CARTESIAN_POINT('',(48.6410369392958,13.6580618272461,14.392));
#11522=CARTESIAN_POINT('',(39.0293055223988,14.1580618272473,14.392));
#11523=CARTESIAN_POINT('',(39.0293055223988,14.1580618272473,14.392));
#11524=CARTESIAN_POINT('',(38.9882678539276,17.4922855500728,14.392));
#11525=CARTESIAN_POINT('',(39.1121657379098,7.42584465880199,14.392));
#11526=CARTESIAN_POINT('',(38.8953497044127,17.3982167148417,14.392));
#11527=CARTESIAN_POINT('',(68.1150602278066,-16.4564145275283,14.392));
#11528=CARTESIAN_POINT('',(68.1150602278066,5.59358547247205,14.392));
#11529=CARTESIAN_POINT('',(39.8424017105219,-16.4564145275196,14.392));
#11530=CARTESIAN_POINT('',(66.0896506306948,-16.4564145275228,14.392));
#11531=CARTESIAN_POINT('',(38.9888483199286,-15.6028611369262,14.392));
#11532=CARTESIAN_POINT('',(38.9469731936429,-15.5609860106406,14.392));
#11533=CARTESIAN_POINT('',(38.9888483199286,-3.3104145275291,14.392));
#11534=CARTESIAN_POINT('',(38.9888483199286,-1.43341452752804,14.392));
#11535=CARTESIAN_POINT('',(46.6265446767612,-3.3104145275291,14.392));
#11536=CARTESIAN_POINT('Origin',(60.5146506307002,12.3430854724711,18.0915));
#11537=CARTESIAN_POINT('Origin',(65.8370057196031,13.9675354724711,19.71695));
#11538=CARTESIAN_POINT('',(71.2510329737009,10.2424854724711,23.442));
#11539=CARTESIAN_POINT('Origin',(76.6650602277986,-4.70641452752509,23.442));
#11540=CARTESIAN_POINT('Origin',(30.8634218393863,-3.30993817274472,19.992));
#11541=CARTESIAN_POINT('',(40.7678328449963,-3.30993817274472,19.992));
#11542=CARTESIAN_POINT('',(33.8134218393839,-3.31039378990984,7.59200858980315));
#11543=CARTESIAN_POINT('',(33.8134218393839,-3.3104145275291,10.796));
#11544=CARTESIAN_POINT('',(32.8634218393863,-3.30993817274472,7.592));
#11545=CARTESIAN_POINT('',(52.913421839386,-3.30993817274472,7.592));
#11546=CARTESIAN_POINT('',(32.8634218393863,-3.30993817274472,19.992));
#11547=CARTESIAN_POINT('Origin',(32.8634218393863,15.6580618272481,19.992));
#11548=CARTESIAN_POINT('',(30.8634218393863,15.6580618272481,7.592));
#11549=CARTESIAN_POINT('',(30.8634218393863,15.6580618272481,19.992));
#11550=CARTESIAN_POINT('',(32.7800801630223,13.6597990404803,7.592));
#11551=CARTESIAN_POINT('Origin',(32.8634218393863,15.6580618272481,7.592));
#11552=CARTESIAN_POINT('',(32.7800801630223,13.6597990404803,14.392));
#11553=CARTESIAN_POINT('',(32.7800801630223,13.6597990404803,19.992));
#11554=CARTESIAN_POINT('',(32.863421839386,13.6580618272481,14.392));
#11555=CARTESIAN_POINT('Origin',(32.8634218393863,15.6580618272481,14.392));
#11556=CARTESIAN_POINT('',(32.863421839386,13.6580618272481,19.992));
#11557=CARTESIAN_POINT('Origin',(42.7678328449963,-3.80993817274472,19.992));
#11558=CARTESIAN_POINT('',(42.7678328449963,11.6580618272471,19.992));
#11559=CARTESIAN_POINT('',(42.7678328449963,-1.30993817274472,19.992));
#11560=CARTESIAN_POINT('Origin',(32.8634218393863,-17.6564145275242,19.992));
#11561=CARTESIAN_POINT('',(30.8634218393863,-17.6564145275242,7.592));
#11562=CARTESIAN_POINT('',(30.8634218393863,-17.6564145275242,19.992));
#11563=CARTESIAN_POINT('Origin',(32.8634218393863,-17.6564145275242,7.592));
#11564=CARTESIAN_POINT('Origin',(32.8634218393863,-5.30993817274472,19.992));
#11565=CARTESIAN_POINT('',(30.8634218393863,-5.30993817274472,7.592));
#11566=CARTESIAN_POINT('Origin',(32.8634218393863,-5.30993817274472,7.592));
#11567=CARTESIAN_POINT('',(30.8634218393863,-5.30993817274472,19.992));
#11568=CARTESIAN_POINT('Origin',(40.7678328449963,-1.30993817274472,19.992));
#11569=CARTESIAN_POINT('Origin',(40.7678328449963,11.6580618272471,19.992));
#11570=CARTESIAN_POINT('',(40.7678328449965,13.6580618272471,19.992));
#11571=CARTESIAN_POINT('Origin',(42.7678328449962,13.6580618272468,19.992));
#11572=CARTESIAN_POINT('',(38.7792865872183,13.6580618272473,14.392));
#11573=CARTESIAN_POINT('',(39.273956504009,13.6580618272473,14.392));
#11574=CARTESIAN_POINT('',(38.7792865872183,13.6580618272473,14.142));
#11575=CARTESIAN_POINT('',(38.779292450199,13.6580618272473,13.667));
#11576=CARTESIAN_POINT('',(41.3222247590125,13.658061827247,16.684745582408));
#11577=CARTESIAN_POINT('Origin',(32.8634218393863,19.5435854724711,19.992));
#11578=CARTESIAN_POINT('',(32.8634218393863,21.5435854724711,7.592));
#11579=CARTESIAN_POINT('',(32.8634218393863,21.5435854724711,19.992));
#11580=CARTESIAN_POINT('',(30.8634218393863,19.5435854724711,7.592));
#11581=CARTESIAN_POINT('Origin',(32.8634218393863,19.5435854724711,7.592));
#11582=CARTESIAN_POINT('',(30.8634218393863,19.5435854724711,19.992));
#11583=CARTESIAN_POINT('Origin',(32.8634218393863,21.5435854724711,19.992));
#11584=CARTESIAN_POINT('',(64.5150602278065,21.5435854724711,7.592));
#11585=CARTESIAN_POINT('',(64.5150602278065,21.5435854724711,19.992));
#11586=CARTESIAN_POINT('',(40.7763314364913,21.5435854724711,7.592));
#11587=CARTESIAN_POINT('Origin',(64.5150602278065,19.5435854724711,19.992));
#11588=CARTESIAN_POINT('Origin',(64.5150602278065,19.5435854724711,7.592));
#11589=CARTESIAN_POINT('Origin',(38.654292450199,16.0042045611653,7.467));
#11590=CARTESIAN_POINT('',(38.529292450199,13.9075854724715,7.342));
#11591=CARTESIAN_POINT('',(38.529292450199,14.1560470873819,7.342));
#11592=CARTESIAN_POINT('',(38.529292450199,16.0042045611653,7.342));
#11593=CARTESIAN_POINT('',(38.779292450199,14.1575854724715,7.592));
#11594=CARTESIAN_POINT('',(38.529292450199,14.1560470873819,7.342));
#11595=CARTESIAN_POINT('',(38.779292450199,13.6575854724715,7.592));
#11596=CARTESIAN_POINT('',(38.779292450199,16.0042045611653,7.592));
#11597=CARTESIAN_POINT('',(38.779292450199,13.6575854724715,7.592));
#11598=CARTESIAN_POINT('Origin',(38.6327215058913,15.9094098291856,7.467));
#11599=CARTESIAN_POINT('',(38.485734631384,17.6950276344553,7.342));
#11600=CARTESIAN_POINT('',(38.5077309727645,15.9078714440961,7.342));
#11601=CARTESIAN_POINT('',(38.7370012426558,17.593656592264,7.592));
#11602=CARTESIAN_POINT('',(38.485734631384,17.6950276344553,7.342));
#11603=CARTESIAN_POINT('',(38.757712039018,15.9109482142752,7.592));
#11604=CARTESIAN_POINT('Origin',(41.4167196992892,20.484434970007,7.467));
#11605=CARTESIAN_POINT('',(41.3277891088315,20.5722777277099,7.342));
#11606=CARTESIAN_POINT('',(41.5056502897469,20.3965922123042,7.592));
#11607=CARTESIAN_POINT('Origin',(40.7346605983094,13.7825854724715,7.467));
#11608=CARTESIAN_POINT('',(32.7800801630223,13.6575854724715,7.592));
#11609=CARTESIAN_POINT('',(40.7346605983094,13.6575854724715,7.592));
#11610=CARTESIAN_POINT('',(32.7800801630223,13.9075854724715,7.342));
#11611=CARTESIAN_POINT('',(32.7800801630223,16.8270854724715,4.42250000000001));
#11612=CARTESIAN_POINT('',(40.7346605983094,13.9075854724715,7.342));
#11613=CARTESIAN_POINT('Origin',(32.7800801630223,13.6575854724715,1.6));
#11614=CARTESIAN_POINT('',(38.779292450199,13.6575854724715,14.392));
#11615=CARTESIAN_POINT('',(38.779292450199,13.6575854724715,1.6));
#11616=CARTESIAN_POINT('',(32.7800801630223,13.6575854724715,14.392));
#11617=CARTESIAN_POINT('',(34.2800801630223,13.6575854724715,14.392));
#11618=CARTESIAN_POINT('',(32.7800801630223,13.6575854724715,1.6));
#11619=CARTESIAN_POINT('Origin',(38.779292450199,14.1575854724715,7.342));
#11620=CARTESIAN_POINT('',(38.779292450199,14.1575854724715,14.1420058625367));
#11621=CARTESIAN_POINT('',(38.779292450199,14.1575854724715,1.6));
#11622=CARTESIAN_POINT('',(38.779292450199,14.1578236498598,14.1420058625367));
#11623=CARTESIAN_POINT('',(38.779292450199,14.1575854724715,14.392));
#11624=CARTESIAN_POINT('Origin',(38.7800801630223,14.0935854724715,1.6));
#11625=CARTESIAN_POINT('',(38.7370012426558,17.593656592264,14.142));
#11626=CARTESIAN_POINT('',(38.7370012426558,17.593656592264,10.796));
#11627=CARTESIAN_POINT('',(38.7792865872183,14.1580618272473,14.142));
#11628=CARTESIAN_POINT('',(38.8621846716562,7.42276788862284,14.142));
#11629=CARTESIAN_POINT('',(38.7787336985635,14.2029828604728,14.1414471532182));
#11630=CARTESIAN_POINT('Origin',(39.2308477022975,18.0936187792428,10.796));
#11631=CARTESIAN_POINT('',(38.7174885234973,17.5739022302475,14.142));
#11632=CARTESIAN_POINT('Origin',(64.5150602278065,19.5435854724711,7.467));
#11633=CARTESIAN_POINT('',(64.5150602278065,21.2935854724711,7.342));
#11634=CARTESIAN_POINT('',(64.5150602278065,21.2935854724711,7.342));
#11635=CARTESIAN_POINT('Origin',(64.5150602278065,19.5435854724711,7.342));
#11636=CARTESIAN_POINT('Origin',(40.7763314364913,21.4185854724711,7.467));
#11637=CARTESIAN_POINT('',(32.8634218393863,21.2935854724711,7.342));
#11638=CARTESIAN_POINT('',(32.8634218393863,21.2935854724711,7.342));
#11639=CARTESIAN_POINT('',(40.7763314364913,21.2935854724711,7.342));
#11640=CARTESIAN_POINT('Origin',(32.8634218393863,19.5435854724711,7.467));
#11641=CARTESIAN_POINT('',(31.1134218393863,19.5435854724711,7.342));
#11642=CARTESIAN_POINT('',(31.1134218393863,19.5435854724711,7.342));
#11643=CARTESIAN_POINT('Origin',(32.8634218393863,19.5435854724711,7.342));
#11644=CARTESIAN_POINT('Origin',(30.9884218393863,16.0044427385532,7.467));
#11645=CARTESIAN_POINT('',(31.1134218393863,15.6580618272481,7.342));
#11646=CARTESIAN_POINT('',(31.1134218393863,15.6580618272481,7.342));
#11647=CARTESIAN_POINT('',(30.8634218393863,16.0044427385532,7.592));
#11648=CARTESIAN_POINT('',(31.1134218393863,16.0044427385532,7.342));
#11649=CARTESIAN_POINT('Origin',(32.8634218393863,15.6580618272481,7.467));
#11650=CARTESIAN_POINT('',(32.7800801630223,13.9100474780561,7.342));
#11651=CARTESIAN_POINT('Ctrl Pts',(32.7800801630223,13.6597990404803,7.592));
#11652=CARTESIAN_POINT('Ctrl Pts',(32.7800801630223,13.7932648722371,7.45865009754747));
#11653=CARTESIAN_POINT('Ctrl Pts',(32.7800801630223,13.9100474780562,7.342));
#11654=CARTESIAN_POINT('Origin',(32.8634218393863,15.6580618272481,7.342));
#11655=CARTESIAN_POINT('Origin',(48.6892410335964,17.8508236498592,7.342));
#11656=CARTESIAN_POINT('',(32.7800801630223,18.5935854724715,7.342));
#11657=CARTESIAN_POINT('',(36.7134218393857,17.4435854724712,7.342));
#11658=CARTESIAN_POINT('Origin',(34.9634218393857,17.4435854724712,7.342));
#11659=CARTESIAN_POINT('Origin',(38.6138483199286,-8.63141449756863,7.467));
#11660=CARTESIAN_POINT('',(38.4888483199286,-15.8099679181128,7.342));
#11661=CARTESIAN_POINT('',(38.4888483199286,-3.55993817274472,7.342));
#11662=CARTESIAN_POINT('',(38.4888483199286,-8.63141449756863,7.342));
#11663=CARTESIAN_POINT('',(38.7383719651442,-3.3104145275291,7.59152364521562));
#11664=CARTESIAN_POINT('',(40.1310311857009,-1.91775530697246,8.98418286577226));
#11665=CARTESIAN_POINT('',(38.7388483199286,-3.3104145275291,7.592));
#11666=CARTESIAN_POINT('',(37.1783483199286,-3.3104145275291,6.03150000000001));
#11667=CARTESIAN_POINT('',(38.7388483199286,-15.7064145275195,7.592));
#11668=CARTESIAN_POINT('',(38.7388483199286,-8.63141449756863,7.592));
#11669=CARTESIAN_POINT('',(38.7388483199286,-15.7064145275195,7.592));
#11670=CARTESIAN_POINT('Origin',(43.7941033371656,-20.9384462400538,7.467));
#11671=CARTESIAN_POINT('',(43.882491684814,-20.8500578924055,7.592));
#11672=CARTESIAN_POINT('',(43.7057149895173,-21.0268345877021,7.342));
#11673=CARTESIAN_POINT('Origin',(52.913421839386,-3.43493817274472,7.467));
#11674=CARTESIAN_POINT('',(45.8261350796573,-3.3104145275291,7.59152364521562));
#11675=CARTESIAN_POINT('',(32.8634218393863,-3.55993817274472,7.342));
#11676=CARTESIAN_POINT('',(52.913421839386,-3.55993817274472,7.342));
#11677=CARTESIAN_POINT('',(32.8634218393863,-3.55993817274472,7.342));
#11678=CARTESIAN_POINT('Origin',(74.9634218393857,0.943585532391844,7.342));
#11679=CARTESIAN_POINT('',(77.8650602277977,-17.6564145275252,7.342));
#11680=CARTESIAN_POINT('',(77.8650602277998,5.59358550243134,7.342));
#11681=CARTESIAN_POINT('',(76.1150602277977,-19.4064145275251,7.342));
#11682=CARTESIAN_POINT('Origin',(76.1150602277977,-17.656414527525,7.342));
#11683=CARTESIAN_POINT('',(32.8634218393862,-19.4064145275242,7.342));
#11684=CARTESIAN_POINT('',(76.564241033592,-19.4064145275251,7.342));
#11685=CARTESIAN_POINT('',(31.1134218393863,-17.6564145275242,7.342));
#11686=CARTESIAN_POINT('Origin',(32.8634218393863,-17.6564145275242,7.342));
#11687=CARTESIAN_POINT('',(31.1134218393863,-5.30993817274472,7.342));
#11688=CARTESIAN_POINT('',(31.1134218393863,-8.35641449756618,7.342));
#11689=CARTESIAN_POINT('Origin',(32.8634218393863,-5.30993817274472,7.342));
#11690=CARTESIAN_POINT('',(36.6634218393856,-15.5564145275288,7.342));
#11691=CARTESIAN_POINT('Origin',(34.9634218393856,-15.5564145275288,7.342));
#11692=CARTESIAN_POINT('Origin',(77.9900602277998,5.59358550243133,7.467));
#11693=CARTESIAN_POINT('',(77.8650602277977,-17.6564145275252,7.342));
#11694=CARTESIAN_POINT('Origin',(32.8634218393863,-5.30993817274472,7.467));
#11695=CARTESIAN_POINT('',(31.1134218393863,-5.30993817274472,7.342));
#11696=CARTESIAN_POINT('Origin',(30.9884218393863,-8.35641449756618,7.467));
#11697=CARTESIAN_POINT('',(31.1134218393863,-17.6564145275242,7.342));
#11698=CARTESIAN_POINT('',(30.8634218393863,-8.35641449756618,7.592));
#11699=CARTESIAN_POINT('Origin',(32.8634218393863,-17.6564145275242,7.467));
#11700=CARTESIAN_POINT('',(32.8634218393862,-19.4064145275242,7.342));
#11701=CARTESIAN_POINT('Origin',(76.564241033592,-19.5314145275251,7.467));
#11702=CARTESIAN_POINT('',(76.1150602277977,-19.4064145275251,7.342));
#11703=CARTESIAN_POINT('Origin',(76.1150602277977,-17.656414527525,7.467));
#11704=CARTESIAN_POINT('Origin',(38.7388483199286,-18.2064145275291,1.6));
#11705=CARTESIAN_POINT('',(38.7388483199286,-3.3104145275291,14.142));
#11706=CARTESIAN_POINT('',(38.7388483199286,-3.3104145275291,1.6));
#11707=CARTESIAN_POINT('',(38.7388483199286,-15.7064145275195,14.142));
#11708=CARTESIAN_POINT('',(38.7388483199286,-8.63141452752804,14.142));
#11709=CARTESIAN_POINT('',(38.7388483199286,-15.7064145275195,4.396));
#11710=CARTESIAN_POINT('Origin',(38.7388483199286,-3.3104145275291,1.6));
#11711=CARTESIAN_POINT('',(35.6658483199286,-3.3104145275291,11.069));
#11712=CARTESIAN_POINT('Origin',(30.8634218393863,14.1580618272472,19.992));
#11713=CARTESIAN_POINT('Origin',(78.1150602277987,10.2435854724711,18.592));
#11714=CARTESIAN_POINT('',(75.8887766507813,-16.4564145275293,17.656960897652));
#11715=CARTESIAN_POINT('Origin',(77.8900602277984,-16.5814145275242,15.592));
#11716=CARTESIAN_POINT('',(77.3650602277929,-16.4564145275241,15.467));
#11717=CARTESIAN_POINT('',(77.8900602277984,-16.4564145275242,15.467));
#11718=CARTESIAN_POINT('',(78.1192268944625,-15.7022478608546,14.7128333333303));
#11719=CARTESIAN_POINT('Origin',(78.1150602277989,-15.7064145275181,15.467));
#11720=CARTESIAN_POINT('',(79.9150602277989,-16.7064145275181,15.467));
#11721=CARTESIAN_POINT('',(78.1150602277989,-16.7064145275181,15.467));
#11722=CARTESIAN_POINT('',(80.1150602277989,-16.5064145275181,15.467));
#11723=CARTESIAN_POINT('',(79.7650602277989,-16.8564145275181,15.467));
#11724=CARTESIAN_POINT('',(80.1150602277989,-15.9064145275181,15.467));
#11725=CARTESIAN_POINT('',(80.1150602277989,-16.7064145275181,15.467));
#11726=CARTESIAN_POINT('',(79.9150602277989,-15.7064145275181,15.467));
#11727=CARTESIAN_POINT('',(79.5150602277989,-15.3064145275181,15.467));
#11728=CARTESIAN_POINT('',(78.1150602277989,-15.7064145275181,15.467));
#11729=CARTESIAN_POINT('',(78.1150602277989,-15.7064145275181,15.467));
#11730=CARTESIAN_POINT('',(77.8650602277989,-15.9564145275181,15.467));
#11731=CARTESIAN_POINT('Origin',(78.1150602277989,-16.7064145275181,10.467));
#11732=CARTESIAN_POINT('',(79.9150602277989,-16.7064145275181,10.467));
#11733=CARTESIAN_POINT('',(78.1150602277989,-16.7064145275181,10.467));
#11734=CARTESIAN_POINT('',(78.1150602277989,-15.7064145275181,10.467));
#11735=CARTESIAN_POINT('',(77.6150602277989,-16.2064145275181,10.467));
#11736=CARTESIAN_POINT('',(79.9150602277989,-15.7064145275181,10.467));
#11737=CARTESIAN_POINT('',(78.1150602277989,-15.7064145275181,10.467));
#11738=CARTESIAN_POINT('',(80.1150602277989,-15.9064145275181,10.467));
#11739=CARTESIAN_POINT('',(79.7650602277989,-15.5564145275181,10.467));
#11740=CARTESIAN_POINT('',(80.1150602277989,-16.5064145275181,10.467));
#11741=CARTESIAN_POINT('',(80.1150602277989,-16.7064145275181,10.467));
#11742=CARTESIAN_POINT('',(79.5150602277989,-17.1064145275181,10.467));
#11743=CARTESIAN_POINT('Origin',(80.0150602277989,-16.6064145275181,14.217));
#11744=CARTESIAN_POINT('',(80.1150602277989,-16.5064145275181,14.217));
#11745=CARTESIAN_POINT('',(79.9150602277989,-16.7064145275181,14.217));
#11746=CARTESIAN_POINT('Origin',(80.1150602277989,-16.2064145275181,12.967));
#11747=CARTESIAN_POINT('',(80.1150602277989,-15.9064145275181,11.717));
#11748=CARTESIAN_POINT('Origin',(80.0150602277989,-15.8064145275181,11.717));
#11749=CARTESIAN_POINT('',(79.9150602277989,-15.7064145275181,11.717));
#11750=CARTESIAN_POINT('Origin',(78.1150602277989,-15.7064145275181,10.467));
#11751=CARTESIAN_POINT('',(78.1150602277989,-15.7064145275181,11.717));
#11752=CARTESIAN_POINT('Origin',(77.6150602277989,-16.2064145275181,11.717));
#11753=CARTESIAN_POINT('Origin',(78.1150602277989,-16.7064145275181,15.467));
#11754=CARTESIAN_POINT('Origin',(38.7792865872183,14.1580618272473,14.142));
#11755=CARTESIAN_POINT('',(41.3222247590126,14.158061827247,16.684745582408));
#11756=CARTESIAN_POINT('Origin',(35.7800801630223,17.0935854724715,14.392));
#11757=CARTESIAN_POINT('',(32.7800801630223,14.1575854724715,14.392));
#11758=CARTESIAN_POINT('Origin',(38.806419113955,17.4860594725446,14.267));
#11759=CARTESIAN_POINT('',(38.9882678539276,17.4922855500728,14.392));
#11760=CARTESIAN_POINT('Origin',(38.987175204783,7.42430627371241,14.267));
#11761=CARTESIAN_POINT('Origin',(75.9371807113257,-16.5814145275266,17.5417131344511));
#11762=CARTESIAN_POINT('',(68.1654291260426,-16.706414527523,14.142));
#11763=CARTESIAN_POINT('Origin',(66.0896506306948,-16.5814145275228,14.267));
#11764=CARTESIAN_POINT('',(39.7388483199286,-16.7064145275196,14.142));
#11765=CARTESIAN_POINT('Origin',(38.8638483199286,-8.63141452752804,14.267));
#11766=CARTESIAN_POINT('',(38.9888483199286,-15.6028611369262,14.392));
#11767=CARTESIAN_POINT('Origin',(38.8585848459946,-15.6493743582889,14.267));
#11768=CARTESIAN_POINT('',(38.7701964983463,-15.7377627059372,14.142));
#11769=CARTESIAN_POINT('Origin',(39.2388483199286,-16.2064145275196,4.396));
#11770=CARTESIAN_POINT('Origin',(26.630949406909,-15.201646778003,11.8999998758366));
#11771=CARTESIAN_POINT('',(36.6634218408757,-15.5564145275288,11.900000025332));
#11772=CARTESIAN_POINT('Origin',(34.9634218393856,-15.5564145275288,11.9));
#11773=CARTESIAN_POINT('Origin',(26.6309494069091,17.798353221997,11.8999998758366));
#11774=CARTESIAN_POINT('',(36.7134218408758,17.4435854724712,11.900000026077));
#11775=CARTESIAN_POINT('Origin',(34.9634218393857,17.4435854724712,11.9));
#11776=CARTESIAN_POINT('Origin',(34.9634218393857,17.4435854724712,19.992));
#11777=CARTESIAN_POINT('',(36.7134218393857,17.4435854724712,19.992));
#11778=CARTESIAN_POINT('Origin',(34.9634218393856,-15.5564145275288,1.6));
#11779=CARTESIAN_POINT('',(36.6634218393856,-15.5564145275288,1.6));
#11780=CARTESIAN_POINT('Origin',(32.7800801630223,20.0935854724715,1.6));
#11781=CARTESIAN_POINT('Origin',(30.8634218393863,14.1580618272472,19.992));
#11782=UNCERTAINTY_MEASURE_WITH_UNIT(LENGTH_MEASURE(0.01),#11786,
'DISTANCE_ACCURACY_VALUE',
'Maximum model space distance between geometric entities at asserted c
onnectivities');
#11783=UNCERTAINTY_MEASURE_WITH_UNIT(LENGTH_MEASURE(0.01),#11786,
'DISTANCE_ACCURACY_VALUE',
'Maximum model space distance between geometric entities at asserted c
onnectivities');
#11784=(
GEOMETRIC_REPRESENTATION_CONTEXT(3)
GLOBAL_UNCERTAINTY_ASSIGNED_CONTEXT((#11782))
GLOBAL_UNIT_ASSIGNED_CONTEXT((#11786,#11787,#11788))
REPRESENTATION_CONTEXT('','3D')
);
#11785=(
GEOMETRIC_REPRESENTATION_CONTEXT(3)
GLOBAL_UNCERTAINTY_ASSIGNED_CONTEXT((#11783))
GLOBAL_UNIT_ASSIGNED_CONTEXT((#11786,#11787,#11788))
REPRESENTATION_CONTEXT('','3D')
);
#11786=(
LENGTH_UNIT()
NAMED_UNIT(*)
SI_UNIT(.MILLI.,.METRE.)
);
#11787=(
NAMED_UNIT(*)
PLANE_ANGLE_UNIT()
SI_UNIT($,.RADIAN.)
);
#11788=(
NAMED_UNIT(*)
SI_UNIT($,.STERADIAN.)
SOLID_ANGLE_UNIT()
);
#11789=SHAPE_DEFINITION_REPRESENTATION(#11790,#11791);
#11790=PRODUCT_DEFINITION_SHAPE('',$,#11793);
#11791=SHAPE_REPRESENTATION('',(#7217),#11784);
#11792=PRODUCT_DEFINITION_CONTEXT('part definition',#11797,'design');
#11793=PRODUCT_DEFINITION('Illum driver enclosure redux',
'Illum driver enclosure redux v6',#11794,#11792);
#11794=PRODUCT_DEFINITION_FORMATION('',$,#11799);
#11795=PRODUCT_RELATED_PRODUCT_CATEGORY(
'Illum driver enclosure redux v6','Illum driver enclosure redux v6',(#11799));
#11796=APPLICATION_PROTOCOL_DEFINITION('international standard',
'automotive_design',2009,#11797);
#11797=APPLICATION_CONTEXT(
'Core Data for Automotive Mechanical Design Process');
#11798=PRODUCT_CONTEXT('part definition',#11797,'mechanical');
#11799=PRODUCT('Illum driver enclosure redux',
'Illum driver enclosure redux v6',$,(#11798));
#11800=PRESENTATION_STYLE_ASSIGNMENT((#11801));
#11801=SURFACE_STYLE_USAGE(.BOTH.,#11802);
#11802=SURFACE_SIDE_STYLE('',(#11803));
#11803=SURFACE_STYLE_FILL_AREA(#11804);
#11804=FILL_AREA_STYLE('Steel - Satin',(#11805));
#11805=FILL_AREA_STYLE_COLOUR('Steel - Satin',#11806);
#11806=COLOUR_RGB('Steel - Satin',0.627450980392157,0.627450980392157,0.627450980392157);
ENDSEC;
END-ISO-10303-21;
